Qin(MMBtu/h),Qch(MMBtu/h)
0,0
0,0
0,0
0,0
0,0
0,0
0,0
0,0
0,0
0,0
0,0
0,0
0,0
0,0
0,0
0,0
0,0
0,0
0,0
0,0
0,0
0,0
0,0
0,0
0,0
0,0
0,0
0,0
0,0
0,0
0,0
0,0
0,0
0,0
0,0
0,0
0,0
0,0
0,0
0,0
0,0
0,0
0,0
0,0
0,0
0,0
0,0
0,0
0,0
0,0
0,0
0,0
0,0
0,0
0,0
0,0
0,0
0,0
0,0
0,0
0,0
0,0
0,0
0,0
0,0
0,0
0,0
0,0
0,0
0,0
0,0
0,0
0,0
0,0
0,0
0,0
0,0
0,0
0,0
0,0
0,0
0,0
0,0
0,0
0,0
0,0
0,0
0,0
0,0
0,0
0,0
0,0
0,0
0,0
0,0
0,0
0,0
0,0
0,0
0,0
0,0
0,0
0,0
0,0
0,0
0,0
0,0
0,0
0,0
0,0
0,0
0,0
0,0
0,0
0,0
0,0
0,0
0,0
0,0
0,0
0,0
0,0
0,0
0,0
0,0
0,0
0,0
0,0
0,0
0,0
0,0
0,0
0,0
0,0
0,0
0,0
0,0
0,0
0,0
0,0
0,0
0,0
0,0
0,0
2.03859963,1.548735021
2.015500439,1.531373578
2.013702169,1.530071811
2.012933557,1.529532686
2.011871835,1.52876346
2.010606764,1.527834435
2.009207295,1.526799873
2.25938227,1.716116015
2.056520229,1.562054628
2.054244738,1.560390287
2.056714074,1.56228969
2.057079447,1.562589846
2.056439265,1.56212501
2.109822111,1.60199291
1.983608339,1.507247682
2.007037273,1.525000625
2.002689218,1.521792755
1.99856876,1.518745108
1.996680066,1.517368051
2.242230439,1.703055921
2.041148044,1.55051516
2.0403437,1.549970126
2.095864142,1.591462329
1.97189756,1.498462731
1.998245435,1.518417354
1.995099877,1.516118094
1.991495421,1.513459963
1.989750629,1.512191316
1.989040288,1.5116914
1.988793441,1.511531877
1.988892172,1.511625641
1.989698375,1.512246258
1.990874947,1.513140702
1.992200207,1.51414289
1.993608162,1.515203998
1.995024944,1.516269309
1.996426977,1.517321727
2.001507416,1.521140855
2.005457352,1.52410356
2.008227829,1.526175729
2.010899699,1.528173227
2.013459506,1.530086188
2.015938082,1.531938026
2.008728239,1.526496514
1.974598742,1.500818413
1.962311363,1.491622102
1.960705841,1.490463568
1.96426504,1.493178081
1.970616645,1.497977965
1.979023627,1.504309698
1.988537093,1.511461011
1.998883068,1.519228187
2.009579915,1.527251082
2.020349591,1.535322566
2.031281143,1.543511727
2.041756784,1.551354906
2.051991757,1.559016025
2.062186419,1.566647231
2.072228078,1.574164123
2.082217496,1.581643195
2.090702942,1.587989754
1.674414294,1.275115734
1.770114644,1.348064388
1.814738673,1.382197908
2.304459963,1.752624504
2.206886402,1.678141714
2.174190481,1.65342122
1.720460384,1.311646821
1.802705577,1.374076828
1.840323556,1.402657918
2.329961803,1.773416663
2.227136527,1.694418634
2.191811642,1.667450067
1.734957805,1.323008591
1.818901373,1.386630657
1.856586845,1.415193179
2.347491229,1.787202464
2.241911451,1.705878719
2.205988689,1.678370955
1.747037448,1.332164922
1.832082789,1.396472552
1.87033379,1.42534286
2.362981793,1.798728644
2.254536635,1.714958135
2.2169449,1.686059766
1.756103488,1.338518756
1.842094732,1.403594606
1.879885684,1.432185204
2.371728011,1.805121861
2.259868479,1.718756617
2.220016112,1.688184573
1.758606212,1.34027356
1.845226578,1.405839157
1.882704948,1.434212379
2.371953359,1.805194202
2.256226014,1.715897318
2.214020469,1.683562649
1.754635171,1.337242504
1.842682351,1.403896635
1.880813814,1.432768252
2.367026921,1.801365
2.247997927,1.709600995
2.204216213,1.676096818
2.442122836,1.85892529
2.442456091,1.859049347
2.285888034,1.737995497
2.211348499,1.681050243
2.183112085,1.659616064
2.17196886,1.651204425
1.725696805,1.315145168
1.816140178,1.383703905
1.857238448,1.414863337
2.330505208,1.773057544
2.200599433,1.673406417
2.146253571,1.632056226
2.117420803,1.61019676
2.095478961,1.593602594
2.075023142,1.578160239
2.063040023,1.568741816
2.053418109,1.560872134
2.045011157,1.55410685
2.444140787,1.858759549
2.443989415,1.858939492
2.222664424,1.688865745
2.124766958,1.614757879
2.09420282,1.591857299
2.083714,1.584116571
2.078115447,1.580009374
2.074561049,1.577398269
2.071487091,1.575138562
2.068601557,1.573011662
2.065840937,1.570971522
2.063634638,1.568984083
2.062080082,1.567255954
2.060411712,1.565595502
2.05862941,1.563961887
2.056763756,1.562347759
2.054818493,1.560733708
2.052846484,1.559143346
2.050771441,1.557595365
2.048608593,1.556059451
2.046589898,1.554609802
2.044667305,1.553216461
2.042693381,1.551772357
0,0
0,0
0,0
0,0
0,0
0,0
0,0
0,0
0,0
0,0
0,0
0,0
0,0
0,0
0,0
0,0
0,0
0,0
0,0
0,0
0,0
0,0
0,0
0,0
0,0
0,0
0,0
0,0
0,0
0,0
0,0
0,0
0,0
0,0
0,0
0,0
0,0
0,0
0,0
0,0
0,0
0,0
0,0
0,0
0,0
0,0
0,0
0,0
0,0
0,0
0,0
0,0
0,0
0,0
0,0
0,0
0,0
0,0
0,0
0,0
0,0
0,0
0,0
0,0
0,0
0,0
0,0
0,0
0,0
0,0
0,0
0,0
0,0
0,0
0,0
0,0
0,0
0,0
0,0
0,0
0,0
0,0
0,0
0,0
0,0
0,0
0,0
0,0
0,0
0,0
0,0
0,0
0,0
0,0
0,0
0,0
0,0
0,0
0,0
0,0
0,0
0,0
0,0
0,0
0,0
0,0
0,0
0,0
0,0
0,0
0,0
0,0
0,0
0,0
0,0
0,0
0,0
0,0
0,0
0,0
0,0
0,0
0,0
0,0
0,0
0,0
0,0
0,0
0,0
0,0
0,0
0,0
0,0
0,0
0,0
0,0
0,0
0,0
0,0
0,0
0,0
0,0
0,0
0,0
0,0
0,0
0,0
0,0
0,0
0,0
0,0
0,0
0,0
0,0
0,0
0,0
0,0
0,0
0,0
0,0
0,0
0,0
0,0
0,0
0,0
0,0
0,0
0,0
0,0
0,0
0,0
0,0
0,0
0,0
0,0
0,0
0,0
0,0
0,0
0,0
0,0
0,0
0,0
0,0
0,0
0,0
0,0
0,0
0,0
0,0
0,0
0,0
0,0
0,0
0,0
0,0
0,0
0,0
0,0
0,0
0,0
0,0
0,0
0,0
0,0
0,0
0,0
0,0
0,0
0,0
0,0
0,0
0,0
0,0
0,0
0,0
0,0
0,0
0,0
0,0
0,0
0,0
0,0
0,0
0,0
0,0
0,0
0,0
0,0
0,0
0,0
0,0
0,0
0,0
0,0
0,0
0,0
0,0
0,0
0,0
0,0
0,0
0,0
0,0
0,0
0,0
0,0
0,0
0,0
0,0
0,0
0,0
0,0
0,0
0,0
0,0
0,0
0,0
0,0
0,0
0,0
0,0
0,0
0,0
0,0
0,0
0,0
0,0
0,0
0,0
0,0
0,0
0,0
0,0
0,0
0,0
0,0
0,0
0,0
0,0
0,0
0,0
0,0
0,0
0,0
0,0
0,0
0,0
0,0
0,0
0,0
0,0
0,0
0,0
0,0
0,0
0,0
0,0
0,0
0,0
0,0
0,0
0,0
0,0
0,0
0,0
0,0
0,0
0,0
0,0
0,0
0,0
0,0
0,0
0,0
0,0
0,0
0,0
0,0
0,0
0,0
0,0
0,0
0,0
0,0
0,0
0,0
0,0
0,0
0,0
0,0
0,0
0,0
0,0
0,0
0,0
0,0
0,0
0,0
0,0
0,0
0,0
0,0
0,0
0,0
0,0
0,0
0,0
0,0
0,0
0,0
0,0
0,0
0,0
0,0
0,0
0,0
0,0
0,0
0,0
0,0
0,0
0,0
0,0
0,0
0,0
0,0
0,0
0,0
0,0
0,0
0,0
0,0
0,0
0,0
0,0
0,0
0,0
0,0
0,0
0,0
0,0
0,0
0,0
0,0
0,0
0,0
0,0
0,0
0,0
0,0
0,0
0,0
0,0
0,0
0,0
0,0
0,0
0,0
0,0
0,0
0,0
0,0
0,0
0,0
0,0
0,0
0,0
0,0
0,0
0,0
0,0
0,0
0,0
0,0
0,0
0,0
0,0
0,0
0,0
0,0
0,0
0,0
0,0
0,0
0,0
0,0
0,0
0,0
0,0
0,0
0,0
0,0
0,0
0,0
0,0
0,0
0,0
0,0
0,0
0,0
0,0
0,0
0,0
0,0
0,0
0,0
0,0
0,0
0,0
0,0
0,0
0,0
0,0
0,0
0,0
0,0
0,0
0,0
0,0
0,0
0,0
0,0
0,0
0,0
0,0
0,0
0,0
0,0
0,0
0,0
0,0
0,0
0,0
0,0
0,0
0,0
0,0
0,0
0,0
0,0
0,0
0,0
0,0
0,0
0,0
0,0
0,0
0,0
0,0
0,0
0,0
0,0
0,0
0,0
0,0
0,0
0,0
0,0
0,0
0,0
0,0
0,0
0,0
0,0
0,0
0,0
0,0
0,0
0,0
0,0
0,0
0,0
0,0
0,0
0,0
0,0
0,0
0,0
0,0
0,0
0,0
0,0
0,0
0,0
0,0
0,0
0,0
0,0
0,0
0,0
0,0
0,0
0,0
0,0
0,0
0,0
0,0
0,0
0,0
0,0
0,0
0,0
0,0
0,0
0,0
0,0
0,0
0,0
0,0
0,0
0,0
0,0
0,0
0,0
0,0
0,0
0,0
0,0
0,0
0,0
0,0
0,0
0,0
0,0
0,0
0,0
0,0
0,0
0,0
0,0
0,0
0,0
0,0
0,0
0,0
0,0
0,0
0,0
0,0
0,0
0,0
0,0
0,0
0,0
0,0
0,0
0,0
0,0
0,0
0,0
0,0
0,0
0,0
0,0
0,0
0,0
0,0
0,0
0,0
0,0
0,0
0,0
0,0
0,0
0,0
0,0
0,0
0,0
0,0
0,0
0,0
0,0
0,0
0,0
0,0
0,0
0,0
0,0
0,0
0,0
0,0
0,0
0,0
0,0
0,0
0,0
0,0
0,0
0,0
0,0
0,0
0,0
0,0
0,0
0,0
0,0
0,0
0,0
0,0
0,0
0,0
0,0
0,0
0,0
0,0
0,0
0,0
0,0
0,0
0,0
0,0
0,0
0,0
0,0
0,0
0,0
0,0
0,0
0,0
0,0
0,0
0,0
0,0
0,0
0,0
0,0
0,0
0,0
0,0
0,0
0,0
0,0
0,0
0,0
0,0
0,0
0,0
0,0
0,0
0,0
0,0
0,0
0,0
0,0
0,0
0,0
0,0
0,0
0,0
0,0
0,0
0,0
0,0
0,0
0,0
0,0
0,0
0,0
0,0
0,0
0,0
0,0
0,0
0,0
0,0
0,0
0,0
0,0
0,0
0,0
0,0
0,0
0,0
0,0
0,0
0,0
0,0
0,0
0,0
0,0
0,0
0,0
0,0
0,0
0,0
0,0
0,0
0,0
0,0
0,0
0,0
0,0
0,0
0,0
0,0
0,0
0,0
0,0
0,0
0,0
0,0
0,0
0,0
0,0
0,0
0,0
0,0
0,0
0,0
0,0
0,0
0,0
0,0
0,0
0,0
0,0
0,0
0,0
0,0
0,0
0,0
0,0
0,0
0,0
0,0
0,0
0,0
0,0
0,0
0,0
0,0
0,0
0,0
0,0
0,0
0,0
0,0
0,0
0,0
0,0
0,0
0,0
0,0
0,0
0,0
0,0
0,0
0,0
0,0
0,0
0,0
0,0
0,0
0,0
0,0
0,0
0,0
0,0
0,0
0,0
0,0
0,0
0,0
0,0
0,0
0,0
0,0
0,0
0,0
0,0
0,0
0,0
0,0
0,0
0,0
0,0
0,0
0,0
0,0
0,0
0,0
0,0
0,0
0,0
0,0
0,0
0,0
0,0
0,0
0,0
0,0
0,0
0,0
0,0
0,0
0,0
0,0
0,0
0,0
0,0
0,0
0,0
0,0
0,0
0,0
0,0
0,0
0,0
0,0
0,0
0,0
0,0
0,0
0,0
0,0
0,0
0,0
0,0
0,0
0,0
0,0
0,0
0,0
0,0
0,0
0,0
0,0
0,0
0,0
0,0
0,0
0,0
0,0
0,0
0,0
0,0
0,0
0,0
0,0
0,0
0,0
0,0
0,0
0,0
0,0
0,0
0,0
0,0
0,0
0,0
0,0
0,0
0,0
0,0
0,0
0,0
0,0
0,0
0,0
0,0
0,0
0,0
0,0
0,0
0,0
0,0
0,0
0,0
0,0
0,0
0,0
0,0
0,0
0,0
0,0
0,0
0,0
0,0
0,0
0,0
0,0
0,0
0,0
0,0
0,0
0,0
0,0
0,0
0,0
0,0
0,0
0,0
0,0
0,0
0,0
0,0
0,0
0,0
0,0
0,0
0,0
0,0
0,0
0,0
0,0
0,0
0,0
0,0
0,0
0,0
0,0
0,0
0,0
0,0
0,0
0,0
0,0
0,0
0,0
0,0
0,0
0,0
0,0
0,0
0,0
0,0
0,0
0,0
0,0
0,0
0,0
0,0
0,0
0,0
0,0
0,0
0,0
0,0
0,0
0,0
0,0
0,0
0,0
0,0
0,0
0,0
0,0
0,0
0,0
0,0
0,0
0,0
0,0
0,0
0,0
0,0
0,0
0,0
0,0
0,0
0,0
0,0
0,0
0,0
0,0
0,0
0,0
0,0
0,0
0,0
0,0
0,0
0,0
0,0
0,0
0,0
0,0
0,0
0,0
0,0
0,0
0,0
0,0
0,0
0,0
0,0
0,0
0,0
0,0
0,0
0,0
0,0
0,0
0,0
0,0
0,0
0,0
0,0
0,0
0,0
0,0
0,0
0,0
0,0
0,0
0,0
0,0
0,0
0,0
0,0
0,0
0,0
0,0
0,0
0,0
0,0
0,0
0,0
0,0
0,0
0,0
0,0
0,0
0,0
0,0
0,0
0,0
0,0
0,0
0,0
0,0
0,0
0,0
0,0
0,0
0,0
0,0
0,0
0,0
0,0
0,0
0,0
0,0
0,0
0,0
0,0
0,0
0,0
0,0
0,0
0,0
0,0
0,0
0,0
0,0
0,0
0,0
0,0
0,0
0,0
0,0
0,0
0,0
0,0
0,0
0,0
0,0
0,0
0,0
0,0
0,0
0,0
0,0
0,0
0,0
0,0
0,0
0,0
0,0
0,0
0,0
0,0
0,0
0,0
0,0
0,0
0,0
0,0
0,0
0,0
0,0
0,0
0,0
0,0
0,0
0,0
0,0
0,0
0,0
0,0
0,0
0,0
0,0
0,0
0,0
0,0
0,0
0,0
0,0
0,0
0,0
0,0
0,0
0,0
0,0
0,0
0,0
0,0
0,0
0,0
0,0
0,0
0,0
0,0
0,0
0,0
0,0
0,0
0,0
0,0
0,0
0,0
0,0
0,0
0,0
0,0
0,0
0,0
0,0
0,0
0,0
0,0
0,0
0,0
0,0
0,0
0,0
0,0
0,0
0,0
0,0
0,0
0,0
0,0
0,0
0,0
0,0
0,0
0,0
0,0
0,0
0,0
0,0
0,0
0,0
0,0
0,0
0,0
0,0
0,0
0,0
0,0
0,0
0,0
0,0
0,0
0,0
0,0
0,0
0,0
0,0
0,0
0,0
0,0
0,0
0,0
0,0
0,0
0,0
0,0
0,0
0,0
0,0
0,0
0,0
0,0
0,0
0,0
0,0
0,0
0,0
0,0
0,0
0,0
0,0
0,0
0,0
0,0
0,0
0,0
0,0
0,0
0,0
0,0
0,0
0,0
0,0
0,0
0,0
0,0
0,0
0,0
0,0
0,0
0,0
0,0
0,0
0,0
0,0
0,0
0,0
0,0
0,0
0,0
0,0
0,0
0,0
0,0
0,0
0,0
0,0
0,0
0,0
0,0
0,0
0,0
0,0
0,0
0,0
0,0
0,0
0,0
0,0
0,0
0,0
0,0
0,0
0,0
0,0
0,0
0,0
0,0
0,0
0,0
0,0
0,0
0,0
0,0
0,0
0,0
0,0
0,0
0,0
0,0
0,0
0,0
0,0
0,0
0,0
0,0
0,0
0,0
0,0
0,0
0,0
0,0
0,0
0,0
0,0
0,0
0,0
0,0
0,0
0,0
0,0
0,0
0,0
0,0
0,0
0,0
0,0
0,0
0,0
0,0
0,0
0,0
0,0
0,0
0,0
0,0
0,0
0,0
0,0
0,0
0,0
0,0
0,0
0,0
0,0
0,0
0,0
0,0
0,0
0,0
0,0
0,0
0,0
0,0
0,0
0,0
0,0
0,0
0,0
0,0
0,0
0,0
0,0
0,0
0,0
0,0
0,0
0,0
0,0
0,0
0,0
0,0
0,0
0,0
0,0
0,0
0,0
0,0
0,0
0,0
0,0
0,0
0,0
0,0
0,0
0,0
0,0
0,0
0,0
0,0
0,0
0,0
0,0
0,0
0,0
0,0
0,0
0,0
0,0
0,0
0,0
0,0
0,0
0,0
0,0
0,0
0,0
0,0
0,0
0,0
0,0
0,0
0,0
0,0
0,0
0,0
0,0
0,0
0,0
0,0
0,0
0,0
0,0
0,0
0,0
0,0
0,0
0,0
0,0
0,0
0,0
0,0
0,0
0,0
0,0
0,0
0,0
0,0
0,0
0,0
0,0
0,0
0,0
0,0
0,0
0,0
0,0
0,0
0,0
0,0
0,0
0,0
0,0
0,0
0,0
0,0
0,0
0,0
0,0
0,0
0,0
0,0
0,0
0,0
0,0
0,0
0,0
0,0
0,0
0,0
0,0
0,0
0,0
0,0
0,0
0,0
0,0
0,0
0,0
0,0
0,0
0,0
0,0
0,0
0,0
0,0
0,0
0,0
0,0
0,0
0,0
0,0
0,0
0,0
0,0
0,0
0,0
0,0
0,0
0,0
0,0
0,0
0,0
0,0
0,0
0,0
0,0
0,0
0,0
0,0
0,0
0,0
0,0
0,0
0,0
0,0
0,0
0,0
0,0
0,0
0,0
0,0
0,0
0,0
0,0
0,0
0,0
0,0
0,0
0,0
0,0
0,0
0,0
0,0
0,0
0,0
0,0
0,0
0,0
0,0
0,0
0,0
0,0
0,0
0,0
0,0
0,0
0,0
0,0
0,0
0,0
0,0
0,0
0,0
0,0
0,0
0,0
0,0
0,0
0,0
0,0
0,0
0,0
0,0
0,0
0,0
0,0
0,0
0,0
0,0
0,0
0,0
0,0
0,0
0,0
0,0
0,0
0,0
0,0
0,0
0,0
0,0
0,0
0,0
0,0
0,0
0,0
0,0
0,0
0,0
0,0
0,0
0,0
0,0
0,0
0,0
0,0
0,0
0,0
0,0
0,0
0,0
0,0
0,0
0,0
0,0
0,0
0,0
0,0
0,0
0,0
0,0
0,0
0,0
0,0
0,0
0,0
0,0
0,0
0,0
0,0
0,0
0,0
0,0
0,0
0,0
0,0
0,0
0,0
0,0
0,0
0,0
0,0
0,0
0,0
0,0
0,0
0,0
0,0
0,0
0,0
0,0
0,0
0,0
0,0
0,0
0,0
0,0
0,0
0,0
0,0
0,0
0,0
0,0
0,0
0,0
0,0
0,0
0,0
0,0
0,0
0,0
0,0
0,0
0,0
0,0
0,0
0,0
0,0
0,0
0,0
0,0
0,0
0,0
0,0
0,0
0,0
0,0
0,0
0,0
0,0
0,0
0,0
0,0
0,0
0,0
0,0
0,0
0,0
0,0
0,0
0,0
0,0
0,0
0,0
0,0
0,0
0,0
0,0
0,0
0,0
0,0
0,0
0,0
0,0
0,0
0,0
0,0
0,0
0,0
0,0
0,0
0,0
0,0
0,0
0,0
0,0
0,0
0,0
0,0
0,0
0,0
0,0
0,0
0,0
0,0
0,0
0,0
0,0
0,0
0,0
0,0
0,0
0,0
0,0
0,0
0,0
0,0
0,0
0,0
0,0
0,0
0,0
0,0
0,0
0,0
0,0
0,0
0,0
0,0
0,0
0,0
0,0
0,0
0,0
0,0
0,0
0,0
0,0
0,0
0,0
0,0
0,0
0,0
0,0
0,0
0,0
0,0
0,0
0,0
0,0
0,0
0,0
0,0
0,0
0,0
0,0
0,0
0,0
0,0
0,0
0,0
0,0
0,0
0,0
0,0
0,0
0,0
0,0
0,0
0,0
0,0
0,0
0,0
0,0
0,0
0,0
0,0
0,0
0,0
0,0
0,0
0,0
0,0
0,0
0,0
0,0
0,0
0,0
0,0
0,0
0,0
0,0
0,0
0,0
0,0
0,0
0,0
0,0
0,0
0,0
0,0
0,0
0,0
0,0
0,0
0,0
0,0
0,0
0,0
0,0
0,0
0,0
0,0
0,0
0,0
0,0
0,0
0,0
0,0
0,0
0,0
0,0
0,0
0,0
0,0
0,0
0,0
0,0
0,0
0,0
0,0
0,0
0,0
0,0
0,0
0,0
0,0
0,0
0,0
0,0
0,0
0,0
0,0
0,0
0,0
0,0
0,0
0,0
0,0
0,0
0,0
0,0
0,0
0,0
0,0
0,0
0,0
0,0
0,0
0,0
0,0
0,0
0,0
0,0
0,0
0,0
0,0
0,0
0,0
0,0
0,0
0,0
0,0
0,0
0,0
0,0
0,0
0,0
0,0
0,0
0,0
0,0
0,0
0,0
0,0
0,0
0,0
0,0
0,0
0,0
0,0
0,0
0,0
0,0
0,0
0,0
0,0
0,0
0,0
0,0
0,0
0,0
0,0
0,0
0,0
0,0
0,0
0,0
0,0
0,0
0,0
0,0
0,0
0,0
0,0
0,0
0,0
0,0
0,0
0,0
0,0
0,0
0,0
0,0
0,0
0,0
0,0
0,0
0,0
0,0
0,0
0,0
0,0
0,0
0,0
0,0
0,0
0,0
0,0
0,0
0,0
0,0
0,0
0,0
0,0
0,0
0,0
0,0
0,0
0,0
0,0
0,0
0,0
0,0
0,0
0,0
0,0
0,0
0,0
0,0
0,0
0,0
0,0
0,0
0,0
0,0
0,0
0,0
0,0
0,0
0,0
0,0
0,0
0,0
0,0
0,0
0,0
0,0
0,0
0,0
0,0
0,0
0,0
0,0
0,0
0,0
0,0
0,0
0,0
0,0
0,0
0,0
0,0
0,0
0,0
0,0
0,0
0,0
0,0
0,0
0,0
0,0
0,0
0,0
0,0
0,0
0,0
0,0
0,0
0,0
0,0
0,0
0,0
0,0
0,0
0,0
0,0
0,0
0,0
0,0
0,0
0,0
0,0
0,0
0,0
0,0
0,0
0,0
0,0
0,0
0,0
0,0
0,0
0,0
0,0
0,0
0,0
0,0
0,0
0,0
0,0
0,0
0,0
0,0
0,0
0,0
0,0
0,0
0,0
0,0
0,0
0,0
0,0
0,0
0,0
0,0
0,0
0,0
0,0
0,0
0,0
0,0
0,0
0,0
0,0
0,0
0,0
0,0
0,0
0,0
0,0
0,0
0,0
0,0
0,0
0,0
0,0
0,0
0,0
0,0
0,0
0,0
0,0
0,0
0,0
0,0
0,0
0,0
0,0
0,0
0,0
0,0
0,0
0,0
0,0
0,0
0,0
0,0
0,0
0,0
0,0
0,0
0,0
0,0
0,0
0,0
0,0
0,0
0,0
0,0
0,0
0,0
0,0
0,0
0,0
0,0
0,0
0,0
0,0
0,0
0,0
0,0
0,0
0,0
0,0
0,0
0,0
0,0
0,0
0,0
0,0
0,0
0,0
0,0
0,0
0,0
0,0
0,0
0,0
0,0
0,0
0,0
0,0
0,0
0,0
0,0
0,0
0,0
0,0
0,0
0,0
0,0
0,0
0,0
0,0
0,0
0,0
0,0
0,0
0,0
0,0
0,0
0,0
0,0
0,0
0,0
0,0
0,0
0,0
0,0
0,0
0,0
0,0
0,0
0,0
0,0
0,0
0,0
0,0
0,0
0,0
0,0
0,0
0,0
0,0
0,0
0,0
0,0
0,0
0,0
0,0
0,0
0,0
0,0
0,0
0,0
0,0
0,0
0,0
0,0
0,0
0,0
0,0
0,0
0,0
0,0
0,0
0,0
0,0
0,0
0,0
0,0
0,0
0,0
0,0
0,0
0,0
0,0
0,0
0,0
0,0
0,0
0,0
0,0
0,0
0,0
0,0
0,0
0,0
0,0
0,0
0,0
0,0
0,0
0,0
0,0
0,0
0,0
0,0
0,0
0,0
0,0
0,0
0,0
0,0
0,0
0,0
0,0
0,0
0,0
0,0
0,0
0,0
0,0
0,0
0,0
0,0
0,0
0,0
0,0
0,0
0,0
0,0
0,0
0,0
0,0
0,0
0,0
0,0
0,0
0,0
0,0
0,0
0,0
0,0
0,0
0,0
0,0
0,0
0,0
0,0
0,0
0,0
0,0
0,0
0,0
0,0
0,0
0,0
0,0
0,0
0,0
0,0
0,0
0,0
0,0
0,0
0,0
0,0
0,0
0,0
0,0
0,0
0,0
0,0
0,0
0,0
0,0
0,0
0,0
0,0
0,0
0,0
0,0
0,0
0,0
0,0
0,0
0,0
0,0
0,0
0,0
0,0
0,0
0,0
0,0
0,0
0,0
0,0
0,0
0,0
0,0
0,0
0,0
0,0
0,0
0,0
0,0
0,0
0,0
0,0
0,0
0,0
0,0
0,0
0,0
0,0
0,0
0,0
0,0
0,0
0,0
0,0
0,0
0,0
0,0
0,0
0,0
0,0
0,0
0,0
0,0
0,0
0,0
0,0
0,0
0,0
0,0
0,0
0,0
0,0
0,0
0,0
0,0
0,0
0,0
0,0
0,0
0,0
0,0
0,0
0,0
0,0
0,0
0,0
0,0
0,0
0,0
0,0
0,0
0,0
0,0
0,0
0,0
0,0
0,0
0,0
0,0
0,0
0,0
0,0
0,0
0,0
0,0
0,0
0,0
0,0
0,0
0,0
0,0
0,0
0,0
0,0
0,0
0,0
0,0
0,0
0,0
0,0
0,0
0,0
0,0
0,0
0,0
0,0
0,0
0,0
0,0
0,0
0,0
0,0
0,0
0,0
0,0
0,0
0,0
0,0
0,0
0,0
0,0
0,0
0,0
0,0
0,0
0,0
0,0
0,0
0,0
0,0
0,0
0,0
0,0
0,0
0,0
0,0
0,0
0,0
0,0
0,0
0,0
0,0
0,0
0,0
0,0
0,0
0,0
0,0
0,0
0,0
0,0
0,0
0,0
0,0
0,0
0,0
0,0
0,0
0,0
0,0
0,0
0,0
0,0
0,0
0,0
0,0
0,0
0,0
0,0
0,0
0,0
0,0
0,0
0,0
0,0
0,0
0,0
0,0
0,0
0,0
0,0
0,0
0,0
0,0
0,0
0,0
0,0
0,0
0,0
0,0
0,0
0,0
0,0
0,0
0,0
0,0
0,0
0,0
0,0
0,0
0,0
0,0
0,0
0,0
0,0
0,0
0,0
0,0
0,0
0,0
0,0
0,0
0,0
0,0
0,0
0,0
0,0
0,0
0,0
0,0
0,0
0,0
0,0
0,0
0,0
0,0
0,0
0,0
0,0
0,0
0,0
0,0
0,0
0,0
0,0
0,0
0,0
0,0
0,0
0,0
0,0
0,0
0,0
0,0
0,0
0,0
0,0
0,0
0,0
0,0
0,0
0,0
0,0
0,0
0,0
0,0
0,0
0,0
0,0
0,0
0,0
0,0
0,0
0,0
0,0
0,0
0,0
0,0
0,0
0,0
0,0
0,0
0,0
0,0
0,0
0,0
0,0
0,0
0,0
0,0
0,0
0,0
0,0
0,0
0,0
0,0
0,0
0,0
0,0
0,0
0,0
0,0
0,0
0,0
0,0
0,0
0,0
0,0
0,0
0,0
0,0
0,0
0,0
0,0
0,0
0,0
0,0
0,0
0,0
0,0
0,0
0,0
0,0
0,0
0,0
0,0
0,0
0,0
0,0
0,0
0,0
0,0
0,0
0,0
0,0
0,0
0,0
0,0
0,0
0,0
0,0
0,0
0,0
0,0
0,0
0,0
0,0
0,0
0,0
0,0
0,0
0,0
0,0
0,0
0,0
0,0
0,0
0,0
0,0
0,0
0,0
0,0
0,0
0,0
0,0
0,0
0,0
0,0
0,0
0,0
0,0
0,0
0,0
0,0
0,0
0,0
0,0
0,0
0,0
0,0
0,0
0,0
0,0
0,0
0,0
0,0
0,0
0,0
0,0
0,0
0,0
0,0
0,0
0,0
0,0
0,0
0,0
0,0
0,0
0,0
0,0
0,0
0,0
0,0
0,0
0,0
0,0
0,0
0,0
0,0
0,0
0,0
0,0
0,0
0,0
0,0
0,0
0,0
0,0
0,0
0,0
0,0
0,0
0,0
0,0
0,0
0,0
0,0
0,0
0,0
0,0
0,0
0,0
0,0
0,0
0,0
0,0
0,0
0,0
0,0
0,0
0,0
0,0
0,0
0,0
0,0
0,0
0,0
0,0
0,0
0,0
0,0
0,0
0,0
0,0
0,0
0,0
0,0
0,0
0,0
0,0
0,0
0,0
0,0
0,0
0,0
0,0
0,0
0,0
0,0
0,0
0,0
0,0
0,0
0,0
0,0
0,0
0,0
0,0
0,0
0,0
0,0
0,0
0,0
0,0
0,0
0,0
0,0
0,0
0,0
0,0
0,0
0,0
0,0
0,0
0,0
0,0
0,0
0,0
0,0
0,0
0,0
0,0
0,0
0,0
0,0
0,0
0,0
0,0
0,0
0,0
0,0
0,0
0,0
0,0
0,0
0,0
0,0
0,0
0,0
0,0
0,0
0,0
0,0
0,0
0,0
0,0
0,0
0,0
0,0
0,0
0,0
0,0
0,0
0,0
0,0
0,0
0,0
0,0
0,0
0,0
0,0
0,0
0,0
0,0
0,0
0,0
0,0
0,0
0,0
0,0
0,0
0,0
0,0
0,0
0,0
0,0
0,0
0,0
0,0
0,0
0,0
0,0
0,0
0,0
0,0
0,0
0,0
0,0
0,0
0,0
0,0
0,0
0,0
0,0
0,0
0,0
0,0
0,0
0,0
0,0
0,0
0,0
0,0
0,0
0,0
0,0
0,0
0,0
0,0
0,0
0,0
0,0
0,0
0,0
0,0
0,0
0,0
0,0
0,0
0,0
0,0
0,0
0,0
0,0
0,0
0,0
0,0
0,0
0,0
0,0
0,0
0,0
0,0
0,0
0,0
0,0
0,0
0,0
0,0
0,0
0,0
0,0
0,0
0,0
0,0
0,0
0,0
0,0
0,0
0,0
0,0
0,0
0,0
0,0
0,0
0,0
0,0
0,0
0,0
0,0
0,0
0,0
0,0
0,0
0,0
0,0
0,0
0,0
0,0
0,0
0,0
0,0
0,0
0,0
0,0
0,0
0,0
0,0
0,0
0,0
0,0
0,0
0,0
0,0
0,0
0,0
0,0
0,0
0,0
0,0
0,0
0,0
0,0
0,0
0,0
0,0
0,0
0,0
0,0
0,0
0,0
0,0
0,0
0,0
0,0
0,0
0,0
0,0
0,0
0,0
0,0
0,0
0,0
0,0
0,0
0,0
0,0
0,0
0,0
0,0
0,0
0,0
0,0
0,0
0,0
0,0
0,0
0,0
0,0
0,0
0,0
0,0
0,0
0,0
0,0
0,0
0,0
0,0
0,0
0,0
0,0
0,0
0,0
0,0
0,0
0,0
0,0
0,0
0,0
0,0
0,0
0,0
0,0
0,0
0,0
0,0
0,0
0,0
0,0
0,0
0,0
0,0
0,0
0,0
0,0
0,0
0,0
0,0
0,0
0,0
0,0
0,0
0,0
0,0
0,0
0,0
0,0
0,0
0,0
0,0
0,0
0,0
0,0
0,0
0,0
0,0
0,0
0,0
0,0
0,0
0,0
0,0
0,0
0,0
0,0
0,0
0,0
0,0
0,0
0,0
0,0
0,0
0,0
0,0
0,0
0,0
0,0
0,0
0,0
0,0
0,0
0,0
0,0
0,0
0,0
0,0
0,0
0,0
0,0
0,0
0,0
0,0
0,0
0,0
0,0
0,0
0,0
0,0
0,0
0,0
0,0
0,0
0,0
0,0
0,0
0,0
0,0
0,0
0,0
0,0
0,0
0,0
0,0
0,0
0,0
0,0
0,0
0,0
0,0
0,0
0,0
0,0
0,0
0,0
0,0
0,0
0,0
0,0
0,0
0,0
0,0
0,0
0,0
0,0
0,0
0,0
0,0
0,0
0,0
0,0
0,0
0,0
0,0
0,0
0,0
0,0
0,0
0,0
0,0
0,0
0,0
0,0
0,0
0,0
0,0
0,0
0,0
0,0
0,0
0,0
0,0
0,0
0,0
0,0
0,0
0,0
0,0
0,0
0,0
0,0
0,0
0,0
0,0
0,0
0,0
0,0
0,0
0,0
0,0
0,0
0,0
0,0
0,0
0,0
0,0
0,0
0,0
0,0
0,0
0,0
0,0
0,0
0,0
0,0
0,0
0,0
0,0
0,0
0,0
0,0
0,0
0,0
0,0
0,0
0,0
0,0
0,0
0,0
0,0
0,0
0,0
0,0
0,0
0,0
0,0
0,0
0,0
0,0
0,0
0,0
0,0
0,0
0,0
0,0
0,0
0,0
0,0
0,0
0,0
0,0
0,0
0,0
0,0
0,0
0,0
0,0
0,0
0,0
0,0
0,0
0,0
0,0
0,0
0,0
0,0
0,0
0,0
0,0
0,0
0,0
0,0
0,0
0,0
0,0
0,0
0,0
0,0
0,0
0,0
0,0
0,0
0,0
0,0
0,0
0,0
0,0
0,0
0,0
0,0
0,0
0,0
0,0
0,0
0,0
0,0
0,0
0,0
0,0
0,0
0,0
0,0
0,0
0,0
0,0
0,0
0,0
0,0
0,0
0,0
0,0
0,0
0,0
0,0
0,0
0,0
0,0
0,0
0,0
0,0
0,0
0,0
0,0
0,0
0,0
0,0
0,0
0,0
0,0
0,0
0,0
0,0
0,0
0,0
0,0
0,0
0,0
0,0
0,0
0,0
0,0
0,0
0,0
0,0
0,0
0,0
0,0
0,0
0,0
0,0
0,0
0,0
0,0
0,0
0,0
0,0
0,0
0,0
0,0
0,0
0,0
0,0
0,0
0,0
0,0
0,0
0,0
0,0
0,0
0,0
0,0
0,0
0,0
0,0
0,0
0,0
0,0
0,0
0,0
0,0
0,0
0,0
0,0
0,0
0,0
0,0
0,0
0,0
0,0
0,0
0,0
0,0
0,0
0,0
0,0
0,0
0,0
0,0
0,0
0,0
0,0
0,0
0,0
0,0
0,0
0,0
0,0
0,0
0,0
0,0
0,0
0,0
0,0
0,0
0,0
0,0
0,0
0,0
0,0
0,0
0,0
0,0
0,0
0,0
0,0
0,0
0,0
0,0
0,0
0,0
0,0
0,0
0,0
0,0
0,0
0,0
0,0
0,0
0,0
0,0
0,0
0,0
0,0
0,0
0,0
0,0
0,0
0,0
0,0
0,0
0,0
0,0
0,0
0,0
0,0
0,0
0,0
0,0
0,0
0,0
0,0
0,0
0,0
0,0
0,0
0,0
0,0
0,0
0,0
0,0
0,0
0,0
0,0
0,0
0,0
0,0
0,0
0,0
0,0
0,0
0,0
0,0
0,0
0,0
0,0
0,0
0,0
0,0
2.308173646,1.360062492
2.239638936,1.338994093
2.192579279,1.333972078
2.161242922,1.337385429
1.984409587,1.249688656
1.786817296,1.144398403
1.83857651,1.185911406
1.979298156,1.27927485
2.057511927,1.334869129
2.112382921,1.376872859
2.139472663,1.40163708
2.005440369,1.321425428
1.980346194,1.311694256
2.07392014,1.379498328
2.124300817,1.419178361
2.174749413,1.459309564
2.056962912,1.386737277
1.887979501,1.279252984
1.966033593,1.336408244
2.116869951,1.442858648
2.199090407,1.504017888
2.243234234,1.54048577
2.096433724,1.444140578
1.879477947,1.302882143
1.979586448,1.374978992
2.076089912,1.444011084
2.12992915,1.483690492
1.991182469,1.389249267
1.79788749,1.257535475
1.703213123,1.193237418
1.824263274,1.277055232
2.015500094,1.409214698
2.116486161,1.480033563
2.167395231,1.516657784
2.191333969,1.535466253
1.990631689,1.396464435
0,0
0,0
0,0
0,0
0,0
0,0
0,0
0,0
0,0
0,0
0,0
0,0
0,0
0,0
0,0
0,0
0,0
0,0
0,0
0,0
0,0
0,0
0,0
0,0
0,0
0,0
0,0
0,0
0,0
0,0
0,0
0,0
0,0
0,0
0,0
0,0
0,0
0,0
0,0
0,0
0,0
0,0
0,0
0,0
0,0
0,0
0,0
0,0
0,0
0,0
0,0
0,0
0,0
0,0
0,0
0,0
0,0
0,0
0,0
0,0
0,0
0,0
0,0
0,0
0,0
0,0
0,0
0,0
0,0
0,0
0,0
0,0
0,0
0,0
0,0
0,0
0,0
0,0
0,0
0,0
0,0
0,0
0,0
0.844845537,0.47822518
1.345308607,0.768880441
1.462159427,0.846628345
1.505578602,0.881182222
1.548318081,0.918135618
1.581963544,0.949609231
1.606009198,0.97532358
1.621791965,0.996181037
1.632009069,1.013725509
1.63651238,1.028786329
1.633215954,1.04073071
1.626799489,1.051557708
1.620128572,1.062116812
1.687912641,1.120038628
1.777189338,1.19302606
1.83082999,1.244177089
1.859583744,1.278882722
1.798830993,1.252293541
1.717826146,1.209411854
1.748696112,1.243228013
1.818082016,1.304410178
1.852580495,1.342144628
1.78856234,1.307988156
1.707064099,1.253086925
1.673174182,1.229502859
1.737048968,1.280973141
1.828624781,1.355345489
1.880133925,1.400639989
1.821214303,1.362666323
1.734074034,1.302137613
1.696014866,1.277057948
1.14722507,0.863629647
1.187544084,0.895962107
1.209453309,0.91418534
1.1997012,0.900852686
1.113912495,0.835696899
1.478874587,1.123293281
1.121711562,0.847536659
1.194161042,0.905541074
1.073065439,0.807127941
0.821217974,0.600971493
0.546816304,0.400809359
1.577597465,1.201116898
1.183894886,0.898881659
0.928820036,0.69372332
0.541236095,0.399518469
0.266933996,0.193192
1.722784918,1.253575118
1.230653634,0.904353459
1.218895765,0.901177842
1.072247091,0.786485019
0.799485556,0.571251813
0.512355337,0.368490235
1.582476999,1.184892324
1.368520978,1.027471316
1.101568478,0.822270496
1.208149278,0.908363996
0.958311271,0.70933921
0.643126077,0.467561599
0.398349531,0.282817863
0.227416,0.159216
2.189601136,1.613328662
2.211388013,1.647934553
2.221913483,1.665059841
2.022193929,1.517795206
1.794051932,1.350081583
1.678204275,1.266221362
1.617246425,1.222647829
1.582207958,1.197965592
1.55195119,1.176514448
1.535180619,1.164927942
1.522515891,1.156236772
1.511794854,1.14885723
1.501438277,1.141629238
1.491335466,1.134491044
1.481551256,1.127508951
1.472146605,1.1207433
1.463038185,1.114142961
1.454141049,1.107653265
1.445377847,1.101223466
1.436829954,1.094921629
1.425458765,1.086448248
1.416458976,1.079746765
1.407849872,1.073319364
1.39941994,1.067008609
1.894464952,1.441690067
2.011078044,1.530016567
1.738329258,1.323578562
1.97783508,1.504465903
1.95243608,1.484972681
1.82847425,1.392025974
1.927580801,1.466192266
1.892772868,1.439722366
1.873666635,1.425254098
1.857595548,1.413117692
1.624005402,1.236684969
1.447619554,1.103711322
0,0
0,0
0,0
0,0
0,0
0,0
1.926900438,1.464353384
1.860442819,1.413053619
1.842177403,1.398793291
1.828050497,1.387841058
1.81386792,1.376961777
1.467637697,1.11637175
1.844948114,1.400637122
1.779966107,1.351404397
1.762285205,1.338035883
1.746766342,1.326341736
1.730642429,1.314222194
1.714161445,1.301855885
1.696519828,1.288633281
1.679004243,1.27551737
1.662160976,1.262913742
1.386149473,1.054811049
1.433493513,1.090974831
1.447458369,1.101704665
1.449371493,1.103264806
1.446559059,1.101220961
1.441992039,1.097829117
1.437829278,1.094728289
1.432751986,1.090922974
1.427252675,1.086788574
1.422869288,1.083492698
1.419326685,1.080828504
1.416220219,1.078490476
1.413350135,1.076328127
1.410609058,1.074260782
1.40957405,1.073485648
1.406249932,1.070970893
1.401593454,1.067443152
1.39632093,1.063446476
1.3907263,1.059203777
1.385023759,1.054877766
1.384701227,1.054647367
1.397364519,1.064276659
1.403433691,1.068884412
1.412685029,1.075901376
1.419215707,1.080848145
1.42291761,1.083649437
1.48840952,1.132518784
1.426197651,1.085892349
1.469078039,1.118391747
1.490778094,1.13479465
1.506843122,1.146907952
1.522899252,1.158991408
1.536017185,1.16884534
1.547812836,1.177694702
1.558368304,1.185604913
1.568209293,1.192974443
1.577234842,1.199728485
1.585443711,1.205867326
1.593203534,1.211668574
1.647806173,1.252659849
1.719193908,1.306619543
1.763238887,1.33960858
1.73463078,1.317849707
1.679580952,1.276223254
1.645386645,1.250474749
1.680458374,1.276819494
1.742468589,1.323371167
1.782229767,1.353355036
1.750740612,1.32959029
1.693514651,1.286427227
1.660521746,1.261648431
0,0
0,0
0,0
0,0
0,0
0,0
0,0
0,0
0,0
0,0
0,0
0,0
0,0
0,0
0,0
0,0
0,0
0,0
0,0
0,0
0,0
0,0
0,0
0,0
0,0
0,0
0,0
0,0
0,0
0,0
0,0
0,0
0,0
0,0
0,0
0,0
0,0
0,0
0,0
0,0
0,0
0,0
0,0
0,0
0,0
0,0
0,0
0,0
0,0
0,0
0,0
0,0
0,0
0,0
0,0
0,0
0,0
0,0
0,0
0,0
0,0
0,0
0,0
0,0
0,0
0,0
0,0
0,0
0,0
0,0
0,0
0,0
1.645601741,0.962447521
1.582764766,0.936328226
1.527831359,0.917497921
1.479052919,0.901849518
1.135473292,0.689733481
1.099968171,0.671334904
0,0
0,0
0,0
0,0
0,0
0,0
0,0
0,0
0,0
0,0
0,0
0,0
0,0
0,0
0,0
0,0
0,0
0,0
0,0
0,0
0,0
0,0
0,0
0,0
0,0
0,0
0,0
0,0
0,0
0,0
0,0
0,0
0,0
0,0
0,0
0,0
0,0
0,0
0,0
0,0
0,0
0,0
0,0
0,0
0,0
0,0
0,0
0,0
0,0
0,0
0,0
0,0
0,0
0,0
0,0
0,0
0,0
0,0
0,0
0,0
1.905972107,1.132206483
1.91791323,1.159965919
1.807037271,1.108369769
1.739897913,1.080411048
1.688567155,1.064189251
1.656117154,1.058479279
1.695593328,1.098342457
1.780180962,1.174109175
1.793723272,1.200672453
1.724830283,1.166172736
1.675504187,1.143834002
1.6365845,1.130046467
1.688600211,1.170047292
1.772983972,1.22723174
1.826867818,1.265217706
1.792082708,1.242839662
1.731268601,1.202614533
1.705130716,1.186030027
1.760843214,1.225488394
1.843075721,1.283152166
1.890138262,1.317145566
1.882121655,1.310083944
1.817406771,1.262100143
1.776896373,1.231498158
1.828326236,1.263752552
1.913005362,1.31843405
1.967457282,1.352801758
2.006500437,1.376676617
1.950222254,1.336416508
1.844193864,1.262157855
1.878964535,1.284985422
1.911848651,1.306653886
1.841676503,1.258521994
1.7492479,1.194770621
1.696163894,1.157243055
1.664277572,1.133790268
0,0
0,0
0,0
0,0
0,0
0,0
0,0
0,0
0,0
0,0
0,0
0,0
0,0
0,0
0,0
0,0
0,0
0,0
0,0
0,0
0,0
0,0
0,0
0,0
0,0
0,0
0,0
0,0
0,0
0,0
0,0
0,0
0,0
0,0
0,0
0,0
0,0
0,0
0,0
0,0
0,0
0,0
0,0
0,0
0,0
0,0
0,0
0,0
0,0
0,0
0,0
0,0
0,0
0,0
0,0
0,0
0,0
0,0
0,0
0,0
0,0
0,0
0,0
0,0
0,0
0,0
0,0
0,0
0,0
0,0
0,0
0,0
0,0
0,0
0,0
0,0
0,0
0,0
0,0
0,0
0,0
0,0
0,0
0,0
0,0
0,0
0,0
0,0
0,0
0.606992455,0.350568237
1.242459032,0.723575558
1.236431079,0.72674539
1.420999236,0.852960144
1.525067035,0.932560196
1.588561046,0.988921375
1.620555194,1.026233206
1.631492103,1.050322671
1.63449732,1.069144678
1.633661106,1.085121403
1.630617234,1.09907705
1.626862913,1.111868456
1.618186328,1.120496741
1.652333237,1.156369502
1.700073671,1.201208353
1.72701087,1.232281377
1.698974597,1.223758319
1.651869881,1.200187221
1.623260628,1.18863701
1.340756949,0.988283261
1.276433226,0.943611299
1.242942775,0.921306343
1.225482678,0.911127599
1.215893505,0.906755265
1.210640731,0.905514142
1.207572338,0.905777971
1.208794944,0.909227106
1.212954491,0.914232438
1.218792397,0.919948091
1.225607781,0.926129434
1.234075917,0.933512097
1.01574323,0.755532352
1.090069735,0.809666479
1.140391041,0.843705305
1.181084259,0.866485953
1.50453848,1.095740386
1.439766775,1.037343018
1.148180073,0.813149771
1.215902795,0.856302254
1.263012545,0.882507665
1.297623388,0.89919897
1.638095664,1.128051332
1.551204122,1.059655781
1.502183586,1.019079556
1.482546892,0.999189227
1.476210606,0.988748713
1.477290192,0.983686462
1.462365733,0.969356117
1.464682157,0.967875636
1.468406666,0.96736368
1.472759589,0.967301521
1.484509117,0.972289151
1.482052796,0.967889343
1.487799899,0.969140474
1.493045652,0.970173111
1.236382476,0.794206539
1.321938811,0.851916178
1.372593917,0.884683044
1.404851607,0.904860709
1.751663482,1.129403187
1.385590954,0.886383806
1.318505119,0.84224025
1.347095908,0.860150081
1.370575951,0.87376844
1.704480192,1.087055218
1.583380341,1.005753852
1.518221935,0.961244766
1.966805587,1.24335142
1.864525717,1.17787415
1.844683339,1.164752646
1.834116027,1.156544302
1.407181068,0.881143125
1.439815458,0.902064662
1.731397777,1.088116279
1.814336888,1.139788492
1.861970561,1.170082178
1.88826582,1.187166737
1.903116534,1.198388817
1.914075802,1.206513455
2.405034396,1.514839478
2.28266576,1.438688702
2.261120827,1.427981389
2.248314814,1.422190665
2.23454236,1.415967557
2.219464086,1.408365643
2.201787772,1.399357353
2.183629403,1.389474327
2.164624424,1.379280832
2.146353212,1.368982216
1.795356253,1.14933367
1.88774065,1.208930979
1.895637704,1.229764633
1.866578641,1.236087284
1.835601569,1.236321572
1.811156898,1.238830945
1.780762532,1.235660553
1.750101719,1.230631502
0,0
0,0
0,0
0,0
0,0
0,0
1.87789447,1.308411108
1.807745113,1.271567407
1.756734459,1.250807528
1.720333485,1.239019321
1.693506899,1.232479234
1.679871021,1.234029328
1.661430733,1.230732684
1.640306881,1.224821968
1.625383437,1.220440552
1.614867374,1.216553973
1.606423913,1.213063552
1.599409109,1.209859065
1.59883061,1.210917943
1.591554644,1.206556478
1.580966309,1.199413736
1.572377137,1.193654092
1.564381902,1.188246175
1.556804956,1.182996585
1.554294182,1.181444663
1.546112295,1.175539699
1.534821155,1.167231537
1.525218052,1.160149927
1.516180493,1.153459973
1.507468126,1.146988909
1.499940704,1.141391234
1.499134141,1.140848975
1.492754847,1.136086395
1.483425806,1.129086962
1.476003645,1.123521473
1.469250134,1.1184552
1.466769962,1.116612979
1.46721199,1.116972534
1.475202855,1.12302894
1.478477633,1.125510195
1.479031539,1.125930639
1.481821695,1.128038557
1.487218148,1.13211071
1.49571802,1.138518762
1.503129924,1.144097656
1.513413621,1.151836057
1.530335683,1.164568598
1.397274078,1.063640293
1.29070575,0.982305273
1.266202167,0.963182524
1.257522477,0.956355146
1.25584817,0.955008303
1.258194074,0.956810486
1.264380416,0.961592169
1.276190263,0.970720973
1.290660989,0.981881709
1.306277387,0.993894328
1.322108852,1.006039059
1.337973253,1.01818046
1.353338738,1.029911653
1.367882132,1.040992033
1.382516761,1.052132357
1.39684671,1.063026315
1.41049253,1.073497894
1.423614525,1.083663126
1.436203094,1.093397372
1.444435804,1.099753031
1.453328928,1.106610904
1.464177591,1.114964912
1.475005628,1.123289997
1.48585295,1.131615189
1.496599849,1.139849619
1.323746222,1.005652402
1.310529032,0.995301944
1.306357082,0.992062697
1.305799048,0.991663762
1.306792283,0.992479647
1.308543872,0.993885891
1.310657442,0.995490059
1.312717786,0.996991551
1.314962553,0.998665729
1.316509161,0.999810564
1.317795718,1.000767063
1.318691089,1.001428139
0.217496,0.16492
0.027528,0.0213528
0.00230392,0.00181784
0.000155992,0.000123752
1.458061752,1.107298699
1.353904322,1.02701389
1.311726796,0.994358899
1.293735898,0.980512871
1.285630276,0.9743709
1.282030544,0.971727366
1.280642146,0.97078614
0.536886545,0.403981093
0.0221464,0.0165168
0.0005332,0.00040672
1.36971949,1.040457266
1.29927019,0.985326918
1.269389488,0.961832459
1.255479706,0.950909733
1.149810073,0.86623109
1.139892816,0.853476421
0.80205771,0.586213554
1.621607498,1.235134515
1.518209696,1.15596549
1.464396121,1.114472446
1.169421968,0.882231168
1.122638328,0.839527023
0.848728728,0.618772606
0.582797642,0.425811722
1.619584405,1.233877418
1.497088523,1.139945273
1.891217528,1.43834879
1.754668078,1.335007967
1.722447415,1.31049491
1.308923138,0.992713188
1.351900045,1.026638383
1.361850358,1.034537984
1.799789298,1.369117718
1.68447865,1.281845417
1.667485199,1.268925532
1.654394685,1.258988599
1.288319122,0.976485482
1.35287287,1.027436455
1.769830826,1.34649436
1.637637553,1.24637146
1.614432498,1.228744017
1.600808519,1.218391638
1.58837671,1.208941286
1.576499445,1.1999074
1.265357826,0.958410677
1.350791406,1.025910317
1.377352464,1.046749105
1.385250436,1.052956736
1.386946907,1.054313028
1.386448915,1.0539504
1.385062052,1.052979961
1.383282151,1.051758931
1.381306447,1.050344542
1.378315371,1.048135993
1.375604686,1.046096267
1.373565139,1.044543428
1.615435279,1.230416643
1.677622134,1.277404766
1.713993442,1.304694934
1.734938974,1.320262807
1.752613465,1.333318082
1.592577714,1.210020718
1.580118682,1.200952288
1.560642627,1.186501924
1.544170299,1.174272357
1.537079617,1.169074063
1.526479402,1.161201807
1.513846458,1.151775426
1.504924698,1.145129884
1.497691066,1.13974223
1.491681825,1.135265548
1.486469024,1.13137936
1.487556544,1.132241785
1.48319992,1.128983492
1.792574065,1.361865161
1.664513618,1.265149787
1.649798372,1.254022461
1.645202701,1.2505326
1.641699577,1.247876951
1.638283742,1.245296055
1.374111206,1.04589779
1.422773689,1.083038871
1.434622129,1.092130764
1.438502541,1.0951503
1.439581214,1.09602675
1.439947823,1.096349147
1.756310932,1.334611948
1.645614414,1.251045154
1.639277986,1.246209575
1.367728861,1.041162307
1.419072676,1.080327606
1.75101914,1.33045735
1.374893422,1.04664209
1.419733328,1.080842364
1.441917848,1.097737508
1.450408306,1.10422098
1.452755599,1.106037518
1.455886557,1.108435596
1.45482629,1.1076551
1.454135337,1.107149123
1.453810212,1.106915996
1.453840832,1.106948898
1.454156397,1.107194889
1.487912999,1.132692992
1.576910197,1.199872573
1.668912657,1.269208649
1.677127362,1.275146858
1.624014521,1.234912516
1.598802179,1.2158488
1.588601756,1.208141555
1.583978024,1.204651925
1.579581986,1.20134236
1.579061267,1.200952861
1.581072329,1.202467524
1.584004168,1.204672135
1.587391421,1.207216414
1.643368888,1.249269089
1.721116302,1.308028451
1.775741608,1.348982734
1.815004765,1.378260449
1.783060931,1.353852901
1.724278454,1.309484943
1.755224754,1.332742725
1.823713193,1.384293818
1.872681636,1.421132742
1.910199381,1.449509418
1.868165147,1.417433487
1.797497123,1.364003385
1.828720638,1.387629931
1.900406791,1.441880529
1.947597846,1.477519728
1.980716837,1.502719864
1.923001546,1.458598831
1.832928434,1.39041971
1.864315168,1.414149295
1.944691199,1.474969197
1.998866348,1.516140446
2.038769979,1.546580762
1.975917789,1.498092824
1.87637296,1.422354492
1.910136062,1.448046798
1.996421492,1.513786958
2.050994284,1.55562957
2.088258086,1.584321362
2.006504455,1.521059077
1.881604587,1.425963207
1.913745322,1.450524249
2.012648099,1.526041898
2.078493114,1.576727503
2.125125159,1.612848745
2.036221427,1.543695937
1.898376681,1.438647293
1.980226422,1.501119322
2.038772092,1.546032595
2.073901151,1.573092857
2.103643669,1.596059029
1.983204166,1.503044268
1.809325094,1.371320496
1.703846334,1.292395119
1.637976415,1.243339796
1.595240468,1.211569907
1.567133596,1.190693081
1.548351338,1.176756315
1.535315124,1.167091678
1.529772493,1.163031769
1.529153289,1.162651493
1.530810926,1.163963718
1.534068693,1.166463848
1.538609105,1.169915969
1.54400088,1.173997749
1.546927937,1.176215662
1.548094048,1.177103148
1.54833722,1.177293056
1.548076847,1.177102322
1.547551732,1.176711094
1.546888795,1.176215184
1.546135421,1.175650694
1.54534415,1.175057331
1.544549555,1.174461219
1.543784254,1.173886984
1.543046655,1.173333456
1.542344158,1.172806233
1.541789583,1.172390257
1.54134908,1.172060011
1.540859335,1.171692537
1.540268869,1.171249147
1.539613926,1.170757192
1.538937221,1.170249023
1.538630185,1.170019142
1.539021958,1.170315075
1.543606629,1.173767163
1.544296923,1.174285131
1.544444279,1.174394541
1.544619461,1.174525309
1.544373897,1.174427483
1.540643726,1.171764107
1.538208426,1.170040805
1.536962598,1.169186363
1.536036127,1.16855176
1.535321991,1.168061549
2.03145511,1.543389825
2.011727382,1.527387276
2.026840668,1.538384932
1.599193007,1.215048725
2.063065944,1.566129645
1.585875916,1.205020567
1.580599497,1.201347657
1.569312655,1.193051075
1.559624421,1.185915597
1.553178522,1.181189032
1.555366668,1.182934548
1.552689096,1.180991644
1.548984135,1.17825976
1.543985273,1.17454262
1.542736048,1.173640805
1.544283337,1.174835622
1.546836105,1.176778285
1.5561039,1.183769132
1.556561867,1.184116461
1.551722682,1.180474628
1.547897548,1.177600197
1.543940653,1.17462841
1.539827137,1.171539987
1.535650427,1.168404905
2.02711633,1.540137928
2.002348265,1.520269053
2.008800238,1.524629464
1.584501691,1.204064081
1.578510063,1.199833893
1.567167262,1.191483467
1.557662699,1.184477589
1.551652255,1.180071207
1.544090663,1.174472247
1.53682689,1.169079383
1.533128488,1.166357476
1.531051627,1.164843744
1.598396034,1.215537632
1.696774009,1.289628917
1.775673701,1.348650811
1.832466207,1.391332702
1.782134101,1.353080587
1.74618728,1.325991146
1.858464151,1.410653378
1.963629193,1.490414754
2.090811738,1.587681033
1.950899837,1.479886754
1.83714833,1.393583863
1.833810954,1.391288923
1.974268039,1.497891165
2.103297002,1.597217221
2.061984431,1.575887073
2.056345087,1.560084677
1.936196281,1.468243653
1.865156848,1.414554924
1.831328742,1.38921507
1.817148172,1.378707962
1.813935865,1.376435662
1.816465949,1.378454395
1.822466834,1.38305758
1.861384869,1.412467344
2.046715418,1.553322136
2.183556188,1.659341454
2.064500175,1.571726424
2.076473719,1.574983398
1.982351708,1.502966773
1.780274882,1.350982366
1.53167099,1.164680505
1.466669116,1.115725241
1.437734361,1.093890646
1.42696871,1.085834656
1.425455771,1.08481558
1.428908775,1.087568472
1.435349345,1.092581881
1.442847709,1.098376723
1.450768201,1.104469994
1.459007959,1.110793672
1.46707746,1.117034224
1.47378522,1.12219848
1.478557596,1.125733077
1.482372615,1.128541469
1.496221096,1.139083795
1.500722839,1.142471894
1.507819696,1.147856642
1.519185045,1.156528314
1.524589119,1.160629653
1.529575189,1.164415976
1.533944341,1.167733911
1.537714963,1.170597066
1.539941936,1.172281976
1.538444748,1.171120468
1.531856518,1.166066528
1.521382799,1.158036789
1.513371424,1.1518936
1.51072235,1.149863926
1.508572528,1.148217499
1.476089969,1.123232836
1.451743744,1.104490089
1.441377391,1.096503978
1.432844212,1.089926659
1.428207679,1.0863591
1.424789266,1.083729873
1.423315402,1.082600295
1.698868056,1.292903179
1.774375346,1.34962621
1.818605306,1.382460155
1.843878457,1.401023449
1.85862241,1.411749935
1.866733763,1.417565009
1.869198618,1.41920111
1.869743206,1.419448115
1.868975259,1.418749918
1.867393996,1.417471796
1.865506416,1.415986638
1.863433156,1.414379196
1.850514866,1.404625205
1.831119326,1.390006024
1.808492788,1.372966356
1.783972054,1.354508011
1.7584521,1.3352999
1.73041133,1.314196749
1.701297868,1.292279104
1.671141815,1.269565397
1.640529188,1.246496603
1.60847001,1.222353731
1.576773882,1.198513198
1.545211299,1.174784965
1.52484539,1.159485984
1.509761653,1.14816033
1.497850907,1.139219154
1.489301149,1.132593868
1.481518118,1.126404235
1.474073109,1.120554932
0,0
0,0
0,0
0,0
0,0
0,0
0,0
0,0
0,0
0,0
0,0
0,0
1.500294015,1.123209516
1.448241954,1.088514485
1.411923594,1.065919884
1.388146738,1.050476106
1.371646946,1.039342228
1.359528443,1.031021426
0,0
0,0
0,0
0,0
0,0
0,0
0,0
0,0
0,0
0,0
0,0
0,0
0,0
0,0
0,0
0,0
0,0
0,0
0,0
0,0
0,0
0,0
0,0
0,0
0,0
0,0
0,0
0,0
0,0
0,0
1.145849565,0.764467976
1.120760524,0.750556941
1.233534972,0.838264202
1.297239821,0.89159221
1.327767312,0.921495465
1.37652335,0.968783406
1.410435183,0.99994125
1.429627293,1.02099125
1.448021284,1.041775944
1.460381197,1.057989849
1.46953581,1.071592899
1.496272543,1.098411282
1.524687344,1.12457799
1.542475945,1.144618074
1.551194745,1.157351691
1.556555887,1.168821956
1.560582822,1.176713401
1.56941629,1.18600817
1.584934391,1.199522712
1.597265132,1.210150147
1.609113129,1.220043661
1.619376304,1.228516757
1.626868386,1.234784332
1.459951825,1.109506177
1.315738436,1.000338107
1.282064894,0.974490516
1.269267467,0.964713371
1.26663957,0.962811052
1.268920679,0.964707288
1.27426308,0.968964036
1.280690124,0.974039857
1.287271481,0.979212302
1.292950664,0.983662991
1.29830475,0.987846563
1.303604163,0.991976609
1.305640642,0.993561596
1.308690993,0.995932501
1.313134724,0.999382603
1.318374446,1.003445587
1.32388904,1.007715953
1.328720269,1.011450982
1.333591778,1.015179248
1.337727215,1.018255234
1.34522668,1.023937383
1.354254917,1.030812875
1.362085393,1.036794092
1.371307377,1.043836047
1.381675607,1.051725808
1.387073903,1.055794223
1.388098805,1.056512788
1.387241122,1.055799061
1.385409138,1.054351406
1.383013996,1.052484656
1.38053756,1.050375976
1.38210218,1.051255198
1.388295077,1.055769175
1.394972606,1.060700997
1.402656167,1.066438993
1.410022491,1.071955815
1.387606671,1.054886818
1.364170666,1.036986248
1.356915223,1.031499937
1.349025415,1.025502486
1.343747583,1.021541252
1.339210949,1.018130408
1.337693348,1.01704523
1.33379114,1.014084477
1.332178433,1.01288535
1.332928722,1.013507458
1.33342163,1.013913833
1.334225628,1.014549462
1.33520094,1.015307591
1.335110904,1.015227437
1.336028559,1.015923092
1.337538849,1.01707215
1.339174188,1.018311262
1.340766271,1.019510563
1.3426428,1.020925827
1.341298531,1.019841318
1.338049126,1.017286338
1.334000055,1.014120206
1.32961168,1.010701241
1.32508943,1.007188857
1.320614778,1.003723744
1.572942115,1.197354786
1.638877112,1.246730938
1.676037561,1.274355371
1.696422007,1.289396161
1.706837859,1.296989857
1.711097633,1.300001341
1.710899027,1.299699939
1.707995656,1.297396989
1.703474289,1.293903561
1.697953611,1.28967905
1.691865521,1.285043236
1.68542406,1.280153055
1.678888626,1.275203109
1.673621708,1.271217476
1.669115466,1.267817776
1.664895193,1.264645858
1.660904137,1.261653252
1.646543873,1.250912476
1.62920536,1.238009326
1.620358141,1.23145453
1.611459256,1.224849834
1.603539063,1.218989805
1.596359062,1.213667789
1.589951004,1.208912218
0,0
0,0
0,0
0,0
0,0
0,0
1.61941515,1.225285399
1.554634046,1.178092179
1.51061766,1.146013885
1.478383299,1.122470506
1.453246309,1.104047489
1.432425179,1.088829281
1.417574007,1.078077182
1.407290714,1.07065283
1.400429903,1.065728225
1.400910311,1.066305004
1.397273986,1.063704242
1.391266762,1.059263656
1.388037221,1.056903609
1.391267697,1.059429747
1.395173712,1.062449601
1.399237824,1.065574215
1.403524402,1.0688558
1.413105282,1.076144237
1.419602242,1.081081553
1.424284083,1.084636013
1.431278201,1.089937854
1.439439118,1.09611727
1.448262268,1.102791914
1.457494832,1.109769952
1.473049548,1.12151825
1.479413449,1.126308137
1.484345522,1.130013138
1.492646771,1.136260231
1.502363843,1.1435698
1.512942739,1.151522292
1.277406864,0.972315967
1.2327398,0.937297464
1.210289831,0.91960597
1.201606061,0.912716783
1.19972722,0.911202714
1.201575803,0.912638415
1.217114949,0.924838698
1.23423866,0.93819761
1.250648512,0.950913798
1.26683699,0.963399435
1.283161243,0.975947062
1.314823152,1.000308707
1.337766602,1.017960571
1.351997998,1.028803641
1.362579451,1.036857412
1.371353877,1.043487955
1.381329298,1.051014375
1.390302959,1.057821834
1.404142837,1.068572438
1.419465679,1.080453051
1.438087795,1.094863471
1.458822222,1.110869411
1.480143305,1.127280106
1.501898528,1.143972639
1.519469057,1.1574067
1.534775305,1.169078274
1.549171301,1.18003481
1.56260181,1.190238686
1.575315644,1.1998838
1.587509281,1.209122792
1.59589796,1.215456787
1.602107394,1.220133154
1.607279995,1.224024641
1.612164982,1.227701154
1.616847078,1.231226149
1.621431041,1.234678912
1.626894119,1.238800612
1.632902276,1.24333524
1.639298828,1.248162598
1.645804406,1.253069989
1.652374608,1.258023623
1.659071704,1.263070674
1.669667135,1.270999149
1.682319507,1.280428474
1.695708224,1.290427633
1.709490891,1.300730634
1.723772732,1.311412225
1.737945071,1.322009761
1.518667978,1.155619314
1.487530248,1.131836591
1.477279652,1.124055615
1.475164894,1.12251213
1.476641025,1.123713928
1.479206364,1.125737303
1.480620544,1.126860416
1.481507499,1.127567965
1.482027017,1.127986026
1.482160679,1.128102154
1.481996213,1.127985215
1.47095871,1.119495208
1.461246762,1.112033587
1.459719605,1.110872905
1.457376672,1.109071515
1.456607902,1.108481967
1.455740083,1.107815266
1.455160549,1.107370718
1.667207124,1.269166109
1.704182825,1.296978365
1.7214313,1.309841053
1.728785459,1.315248358
1.73123437,1.316982245
1.730971626,1.316698397
1.731214642,1.316819771
1.731309025,1.316845657
1.730348011,1.31608794
1.729223789,1.315217599
1.728122999,1.314372594
1.726906864,1.313446018
1.723833348,1.311122628
1.719829148,1.308102313
1.715858072,1.305111646
1.712085358,1.302273832
1.708340969,1.299459262
1.704684876,1.296712501
1.704055894,1.296252216
1.704740679,1.296780763
1.705807947,1.297594054
1.707133643,1.298598975
1.708541321,1.299662865
1.710007127,1.300768372
1.708610634,1.299711456
1.705870805,1.297642799
1.702402793,1.295027574
1.698466599,1.292061799
1.694236693,1.288876658
1.689802783,1.285539362
1.687174095,1.283567861
1.68939185,1.285258381
1.690914828,1.286416957
1.690138724,1.285834172
1.689632382,1.285455218
1.689408376,1.285289185
1.686900662,1.283466164
1.678618363,1.277321847
1.673028311,1.273188615
1.668828424,1.270086564
1.664348021,1.266755311
1.659816565,1.263372911
1.933981884,1.469571723
2.013259762,1.529071431
2.061312909,1.565677402
2.089868239,1.587806114
2.115503436,1.607633767
2.124493424,1.614784036
1.75818115,1.339209496
1.661270971,1.265820205
1.609306333,1.226050568
1.57852956,1.202442654
1.564371898,1.191552488
1.549113085,1.179845574
1.536367867,1.170075344
1.528736795,1.164229857
1.523361202,1.160116966
1.524813978,1.161240021
1.51990986,1.157486794
1.51239799,1.151734389
1.503070382,1.144588051
1.491955617,1.136065811
1.485404152,1.131052675
1.471994204,1.120751353
1.455655833,1.108175144
1.441992094,1.097645079
1.435837671,1.09291246
1.438779931,1.095216511
1.438389197,1.094932261
1.436456079,1.093449422
1.437453332,1.094232827
1.439126323,1.095535968
1.972289549,1.499824003
1.899749929,1.444534248
1.419081797,1.079091539
1.462114117,1.11262103
1.477874668,1.124935118
1.48648939,1.131678133
1.49424065,1.13771702
1.48833543,1.133227015
1.481274081,1.127834969
1.477907226,1.125280182
1.474661935,1.122811558
1.527138765,1.163144659
1.569303722,1.1953925
1.585935686,1.208027614
1.604762023,1.222301723
1.622366145,1.235598672
1.638579212,1.247823418
1.684537728,1.282511669
1.718578913,1.308146464
1.733048458,1.318980922
1.749527691,1.331318471
1.766374856,1.343898496
1.78258807,1.356001239
1.797732698,1.367299662
0.922815752,0.703698157
1.678992771,1.278871111
2.127734439,1.617104254
1.9932017,1.51590088
1.936776849,1.47373355
1.912737066,1.455479175
0.0157728,0.0133672
0.000113336,0.000098208
0.0111104,0.0097712
0.219232,0.15872
0.529762807,0.38272382
1.95851549,1.477585892
0.0092752,0.0079856
0.045384,0.032736
1.963422562,1.476233489
1.763603087,1.330834256
1.692155135,1.28001546
1.665923372,1.262455145
1.651237662,1.252959902
1.642945142,1.247852962
1.637660825,1.244706368
1.634095927,1.242633415
1.631466249,1.24110271
1.629365984,1.239851255
1.632693209,1.242561798
1.637830807,1.246533357
1.643481182,1.250870477
1.649349204,1.25535211
1.65505341,1.259691956
1.660538451,1.263852585
1.664415085,1.266785545
1.667796168,1.269338487
1.670950513,1.271716844
1.674040632,1.274044629
1.677142959,1.276380281
1.680097707,1.278603023
1.680921266,1.279212932
1.681007396,1.279267445
1.680663993,1.278999706
1.679778579,1.278324539
1.67811955,1.27706666
1.628044573,1.239096596
1.610265954,1.225671468
1.609048473,1.224792404
1.60565675,1.22224228
1.603397207,1.220550449
1.601264988,1.218949281
1.599287116,1.217460795
1.593473983,1.213048821
1.590609179,1.210880497
1.588680322,1.209422674
1.586759612,1.20796892
1.585597632,1.207091714
1.58462047,1.206353798
1.820831101,1.384698544
1.865372851,1.417912008
1.880872176,1.429546884
1.881463562,1.430163774
1.8751379,1.425535469
1.86534443,1.418194731
1.860182657,1.414261592
1.856620199,1.411534232
1.853552657,1.409195185
1.851116387,1.407357656
1.848877597,1.405687406
1.846431064,1.403866035
1.840320925,1.399208389
1.833781884,1.394180154
1.826763365,1.38873955
1.820082381,1.383528748
1.813550384,1.378493418
1.807090209,1.373556859
1.800784675,1.368768229
1.794618639,1.364106541
1.788316518,1.359357475
1.781989807,1.35460046
1.77573638,1.349905907
1.76949895,1.345228153
1.761779196,1.339437329
1.754819289,1.334221965
1.749156472,1.329984709
1.743734428,1.325927762
1.738205541,1.321788972
1.714921292,1.304298452
1.695583557,1.289856246
1.688735738,1.28479845
1.680383867,1.278585355
1.673006958,1.273118044
1.665721725,1.267694996
1.658870472,1.262581558
1.598798662,1.217045514
1.572854599,1.197391755
1.552949561,1.182304494
1.540943501,1.173224023
1.523256603,1.159766708
1.503522779,1.144708026
1.493543482,1.137117594
1.492704104,1.136538666
1.49153399,1.135689409
1.495570597,1.138831639
1.492823352,1.136744659
1.487665446,1.132798761
1.485468002,1.131128565
1.478604917,1.125862561
1.475199527,1.123258811
1.480166233,1.127101958
1.478251569,1.12563606
1.473836777,1.122243167
1.467355627,1.117257293
1.458456777,1.110403473
1.447900109,1.102261943
1.442190377,1.09786215
1.428950277,1.087624046
1.412732159,1.075058298
1.686228915,1.284097339
1.764428307,1.342865093
1.819167886,1.383767686
1.850924331,1.407336061
1.868740703,1.420447863
1.882315506,1.430416228
1.571037282,1.195485543
1.49562136,1.138014615
1.453749092,1.106007577
1.431285453,1.088842076
1.4182339,1.078887383
1.410320783,1.072871136
1.415672432,1.077125278
1.419913423,1.080489064
1.423389418,1.083238263
1.43043418,1.088737477
1.438525391,1.095029879
1.508563895,1.148995864
1.558993311,1.187621703
1.581356262,1.204630389
1.606006289,1.223328118
1.6306434,1.241943142
1.653912322,1.259485276
1.70731475,1.299722847
1.742993007,1.326535253
1.758434611,1.338072632
1.777062456,1.351999228
1.798231124,1.367798346
1.815871138,1.380939851
1.832391065,1.393242776
1.85624158,1.411058037
1.879249653,1.428227782
1.90121663,1.444607829
1.923460601,1.461351748
1.944909583,1.477943176
1.966284956,1.494695593
1.706352865,1.299252314
1.660724218,1.264593205
1.649026881,1.255688904
1.648383859,1.255187894
1.652217327,1.258085536
1.658018736,1.262472012
1.664820721,1.267610939
1.672067195,1.27308004
1.679480683,1.278669735
1.686637257,1.284059573
1.693437134,1.289175255
1.699944894,1.294067142
1.704445251,1.297439821
1.708154612,1.300216183
1.711407564,1.302649849
1.714828508,1.305212389
1.718299278,1.307813566
1.721921325,1.310529576
1.726505486,1.313898018
1.731382004,1.317438258
1.736321239,1.32105573
1.740554614,1.324162463
1.744358029,1.326961765
1.748035914,1.329756802
1.748417444,1.330047538
1.748062026,1.329711654
1.747047331,1.328897981
1.745292126,1.327540885
1.743109381,1.325873192
1.740682071,1.32403011
1.741566313,1.32469074
1.742924614,1.325709182
1.744038878,1.326586554
1.744457852,1.327079883
1.744015062,1.327150843
1.709807026,1.302042239
1.689966758,1.287256132
1.688700374,1.286096373
1.669081084,1.271027307
1.660062132,1.263993554
1.655420502,1.260340471
1.649440156,1.255714014
1.639754332,1.248307107
1.633085392,1.243210415
1.626818223,1.238429701
1.61970903,1.233016442
1.613058769,1.22795675
1.606615635,1.22305724
1.853055177,1.409107019
1.91027705,1.452424507
1.939032831,1.474476989
1.952867228,1.485216867
1.9598467,1.490729176
1.96329939,1.493532729
1.986861305,1.511443509
2.001045653,1.522251317
1.983272755,1.508943536
1.958171162,1.490109952
1.930449345,1.469304706
1.901068192,1.447250607
1.889076886,1.438292016
1.882256254,1.432926903
1.875979553,1.427685175
1.869417153,1.422291232
1.862543647,1.416791996
1.85533692,1.411136368
1.85331856,1.409280797
1.852856789,1.408518753
1.852477342,1.407908464
1.852106108,1.407377784
1.851711989,1.406887166
1.851292658,1.406417154
2.118954125,1.607070586
2.091136186,1.585606359
2.058426095,1.560709828
2.020630979,1.532181031
1.982465126,1.503513816
1.917215864,1.454723883
1.88921068,1.433999954
1.885959928,1.431759805
1.88945373,1.434543347
1.900318917,1.442853299
1.914761619,1.45378649
1.93172971,1.466564876
1.593335723,1.211828673
1.52190437,1.157699276
1.491884657,1.13501286
1.480326205,1.126402529
1.479454042,1.125948056
1.490075896,1.134283014
1.790504133,1.362253363
1.871570309,1.422931848
1.916982786,1.45670243
1.940772348,1.47424655
1.957647446,1.486650223
1.960857577,1.488842111
1.961007446,1.488792429
1.96320769,1.490328866
1.965966164,1.492314674
1.969149884,1.494639895
1.979462604,1.502333021
1.982123183,1.504279541
1.982414727,1.504631755
1.986442344,1.507729851
1.991770777,1.51161891
1.997697982,1.515981627
2.011122642,1.525994555
2.016894442,1.530258664
2.016353765,1.529790021
2.010198663,1.525124717
2.006789194,1.52254459
2.005779157,1.521777749
2.011748053,1.526259151
2.009499496,1.524560031
1.995994071,1.514413302
1.986962809,1.50765096
1.972949963,1.497160287
1.95520691,1.483887014
1.943691456,1.475307181
1.924733342,1.461144187
1.907800817,1.448508991
1.891151404,1.436090401
1.879709631,1.427581372
1.871964033,1.421839807
1.871831785,1.421806129
1.880620647,1.428472367
1.907337851,1.448544844
1.916982767,1.45575504
1.923176388,1.460358391
1.924919292,1.46162521
1.923977202,1.460886309
1.782117383,1.354162916
1.573202952,1.196743632
1.532171461,1.165684258
1.508126562,1.147496494
1.491789068,1.13521386
1.483829721,1.129301683
1.480231953,1.12669502
1.47765348,1.124833854
1.471266862,1.120008598
1.466582767,1.116474035
1.462753858,1.113581787
1.457792043,1.109800052
1.452581823,1.105813884
1.450399939,1.104158895
1.454421685,1.107291279
1.458285002,1.11029196
1.459726919,1.111416045
1.461535114,1.112819383
1.463437946,1.114292808
1.468195432,1.117965083
1.473501136,1.12205275
1.478177375,1.125648656
1.48138891,1.128112313
1.482741472,1.129143492
1.480630891,1.127509678
1.476113288,1.12402562
1.475428927,1.12349915
1.476267239,1.124146227
1.477009089,1.124717845
1.478203018,1.125636886
1.47858223,1.125927388
1.481701048,1.128230909
1.486456178,1.13172727
1.491979991,1.135850788
1.496866675,1.139510021
1.501095216,1.142683272
1.509728346,1.149252899
1.509914954,1.149346655
1.505524307,1.14593923
1.499132269,1.141004784
1.492249215,1.13569951
1.485154698,1.13023525
1.47631395,1.123427692
1.47119244,1.119485325
1.467558106,1.116689167
1.464529796,1.114359842
1.461939741,1.112367923
1.459587979,1.110559153
1.45743892,1.108906253
1.457814043,1.109201135
1.459720932,1.110676539
1.469139674,1.117942472
1.473055478,1.12095626
1.476029762,1.123242515
1.479410959,1.125840851
1.483028438,1.128619349
1.48869001,1.132968552
1.494930305,1.13775834
1.501009019,1.142419291
1.507135348,1.147112728
1.494437259,1.137336556
1.475578255,1.122848079
1.469895945,1.11848585
1.4642717,1.114156698
1.460937618,1.111590406
1.45872261,1.109887065
1.457377136,1.108854113
1.447698147,1.10138354
1.433968396,1.090773128
1.419238672,1.079373899
1.403962487,1.06753207
1.388425867,1.055465955
1.372855128,1.043349315
1.361752793,1.034701453
1.353128223,1.027978335
1.345651963,1.022144554
1.338881045,1.016855485
1.332483927,1.011852569
1.326315331,1.007022682
1.577514308,1.200984179
1.642784099,1.25033507
1.679662043,1.277868978
1.699840556,1.292769447
1.710037989,1.30018005
1.714047722,1.302975052
1.717383017,1.30530678
1.726305759,1.311873946
1.732084286,1.316099519
1.734828391,1.318066901
1.736872109,1.319528323
1.738360404,1.320588664
1.739605798,1.321556243
1.740378172,1.322227051
1.741194685,1.322905879
1.742038912,1.323587713
1.742792889,1.324189093
1.743454659,1.324712334
1.734796312,1.318239653
1.73176015,1.316011025
1.736052321,1.319295674
1.745077673,1.326135496
1.761994497,1.338902621
1.773422347,1.347536535
1.776179068,1.349651382
1.782219492,1.354237894
1.789250496,1.359568416
1.796463414,1.365034604
1.809724884,1.37504562
1.816703776,1.380329235
2.083975851,1.582143404
2.030742891,1.54158407
2.013254524,1.528198017
1.769048098,1.344318445
1.81168861,1.37663875
1.824024701,1.386038056
2.046218136,1.553350081
1.964814908,1.491869184
1.944750774,1.476734002
1.735923869,1.319467265
1.760425934,1.338182176
1.754547913,1.333913637
1.743938006,1.326041891
1.736275724,1.320367584
1.731270851,1.316576453
1.728124524,1.31415352
1.731644287,1.316752397
1.729651991,1.315194664
1.938910929,1.473269418
1.875205505,1.425185444
1.691382285,1.286392854
1.892347892,1.438135079
1.668400522,1.269043664
1.669279139,1.269653826
1.670631657,1.270631254
1.67909386,1.277009625
1.698920811,1.291961377
1.727217286,1.313285538
1.766114347,1.342577725
1.801943649,1.369554436
1.861507904,1.41433248
1.893242208,1.438137063
1.915741368,1.45500304
1.933359729,1.468214243
1.948263778,1.479332774
1.768196493,1.343832938
1.613507235,1.227422454
1.57991282,1.20209601
1.564946288,1.1908988
1.557180421,1.185205164
1.558624535,1.186487733
1.564523661,1.191122942
1.583732692,1.205863847
1.610069628,1.2259601
1.639787968,1.248535912
1.671334935,1.272413821
1.703158979,1.296424149
1.735014257,1.320392079
0.44264346,0.327384773
1.182389367,0.893247223
2.02264617,1.53797291
1.89797804,1.444416396
1.838160376,1.399725186
1.808730516,1.377624483
0.653723166,0.488271018
1.513872516,1.154575299
2.052493047,1.561913325
1.928011619,1.46808188
1.870750986,1.425032984
1.844548345,1.405382828
0.356101977,0.275020356
1.616745237,1.233768187
1.696336809,1.294371882
2.122969054,1.616010269
1.974797551,1.503876856
1.904014574,1.450490265
0.445105981,0.325154038
1.668902566,1.273569937
1.721579923,1.313514246
2.141642733,1.630011107
1.984932639,1.511224719
1.906425563,1.45193305
0.495829319,0.36211319
1.679008499,1.280947999
1.734682212,1.32318074
1.757394566,1.340368276
2.170836159,1.651906471
2.006085191,1.526956068
1.176435306,0.889643548
1.721892654,1.313389368
1.773153674,1.352199307
1.795790127,1.369302575
2.210425337,1.681929398
1.896037932,1.443775735
2.212385568,1.683092441
2.088454034,1.588856588
1.988295992,1.513182974
1.916967316,1.459428017
1.877470382,1.429705718
1.853582931,1.411751336
1.840842275,1.402195705
1.834104061,1.39715977
1.830247854,1.394290735
1.827656522,1.392369655
1.825961449,1.391119244
1.824524346,1.39005887
1.821155827,1.387538464
1.816737166,1.384223882
1.811184047,1.380052259
1.805383106,1.375692674
1.799626121,1.37136526
1.794381033,1.367146381
1.774541206,1.351688429
1.748526068,1.331511117
1.720301883,1.309696596
1.691137946,1.28733415
1.661704091,1.264866928
1.632314836,1.242483973
1.625817499,1.237507203
1.630081521,1.240716569
1.639080613,1.247522569
1.650560776,1.256201959
1.663295732,1.26581649
1.676663768,1.275893786
1.684468931,1.281750557
1.689048719,1.285168853
1.691818329,1.287223972
1.693232975,1.288261467
1.693524782,1.28845705
1.692819289,1.287905349
1.69222711,1.287445188
1.692260344,1.287461811
1.692767442,1.287838751
1.693663746,1.288510779
1.694831958,1.289388555
1.696169851,1.290394232
1.697533139,1.291489822
1.700274308,1.293671215
1.704355138,1.296831122
1.703696948,1.296385126
1.70288457,1.295809491
1.702330022,1.295419251
2.271903932,1.724997237
2.180392748,1.654354224
1.887695045,1.433414697
1.999565641,1.517932586
2.053416475,1.559088302
2.069158897,1.57167083
2.070902052,1.573546278
2.063121798,1.568048508
2.057554402,1.563778875
2.043974978,1.553231993
2.024401377,1.538286404
2.00709746,1.52480323
1.996455676,1.516199847
1.990914019,1.511633286
1.983578752,1.505849616
1.9764565,1.500317922
1.973161138,1.497725814
1.970983953,1.496013254
1.966083662,1.49228353
1.972151785,1.496808576
1.966320921,1.492402
1.954179974,1.483279084
1.944273966,1.475856603
1.934401696,1.468471942
1.927041195,1.462981336
1.922147629,1.459347866
1.913595955,1.452965717
1.904340086,1.44605509
1.898234076,1.441511842
1.892920941,1.43756147
1.892135991,1.437006493
1.901501481,1.444063407
1.9051673,1.446820314
1.906624139,1.447909324
1.911361316,1.451459149
1.917051539,1.455718135
2.014182304,1.52861304
2.154338666,1.63472174
2.24556992,1.70487725
1.883433644,1.432331465
2.074438998,1.576010927
2.135090898,1.62123863
2.316821496,1.759935321
2.40627701,1.82931251
1.975187858,1.501811214
1.873930542,1.4256887
1.848625939,1.406362279
1.948479471,1.48052961
1.866998193,1.41902782
1.870168397,1.421342761
1.873948909,1.424124879
1.876526956,1.425998274
1.878967769,1.42778249
1.880985085,1.429258561
1.868244291,1.419658719
1.853349347,1.408341438
2.121712538,1.60961678
2.090023527,1.585333123
2.055503184,1.559141778
2.019583861,1.532060377
2.004117698,1.520443831
1.99972318,1.517167853
2.000704618,1.517927879
2.004592122,1.520860982
2.00984035,1.524805454
2.015859685,1.529319853
2.022833402,1.53448724
2.030503517,1.540186226
2.038489198,1.546132529
2.046451144,1.552068933
2.05422486,1.557870873
2.06195198,1.563643879
1.710173821,1.299789817
1.623942068,1.234988788
1.581567612,1.203167521
1.560595869,1.187502609
1.550590528,1.180119802
1.546681361,1.177331605
1.546787795,1.177476693
1.549904976,1.179827785
1.554630046,1.183413183
1.558977486,1.186712463
1.563480117,1.190132011
1.567830379,1.19343612
1.572402728,1.196910084
1.576903977,1.200329565
1.581075657,1.203497386
1.5857293,1.20703216
1.59032207,1.210519523
1.59415482,1.213427179
1.594090353,1.21336761
1.591714106,1.21155043
1.588029218,1.208739488
1.58346079,1.205257697
1.578316005,1.201338119
1.525787951,1.161181572
1.492553704,1.135749237
1.480408695,1.126446229
1.467383775,1.116441906
1.455886408,1.107604726
1.445907816,1.099926817
1.437099704,1.093142599
1.708745519,1.300236869
1.776509446,1.351122945
1.808221997,1.374434521
1.823233467,1.385251046
1.827635717,1.388178445
1.825483883,1.386256691
1.810791966,1.374968623
1.79061824,1.35960734
1.767737676,1.342250348
1.743078374,1.323584849
1.720381992,1.306411546
1.698642294,1.289972496
1.677548238,1.274071215
1.658674904,1.259895103
1.641534308,1.247048448
1.62540474,1.234968968
1.609917514,1.22336906
1.594840223,1.212072849
1.58049874,1.201324829
1.567882893,1.191869336
1.556009159,1.182966614
1.54510142,1.174561934
1.534984597,1.16660684
1.525236188,1.159023107
1.51438001,1.150673016
1.506012071,1.144234435
1.49920685,1.139004778
1.493230925,1.13443325
1.489745387,1.130048592
1.493171346,1.12575726
0,0
0,0
0,0
0,0
0,0
0,0
0,0
0,0
0,0
0,0
0,0
0,0
1.639694745,1.130798242
1.580514585,1.099834911
1.531732409,1.078291315
1.492693097,1.062268786
1.460484958,1.049777708
1.433185093,1.039599419
0,0
0,0
0,0
0,0
0,0
0,0
0,0
0,0
0,0
0,0
0,0
0,0
0,0
0,0
0,0
0,0
0,0
0,0
2.237356091,1.524750629
2.226627928,1.539440904
1.658350816,1.165917842
1.574614784,1.121174096
1.522661832,1.095676529
1.488791462,1.081295106
1.465950035,1.073630938
1.450606706,1.069956417
1.439649208,1.06916638
1.431279975,1.070296531
1.425100266,1.072593974
1.423318592,1.075621166
1.53302807,1.159483271
1.688306051,1.277334416
1.808629387,1.369097154
1.908992383,1.445483765
1.847531093,1.399563475
1.700633199,1.29001631
1.681985092,1.276486995
1.680333424,1.275620835
1.689122455,1.282470198
1.70402159,1.293866185
1.72616685,1.310729436
1.598020731,1.214883031
1.484244082,1.12961433
1.464260646,1.114561124
1.460152261,1.111522482
1.463602497,1.114235401
1.473211824,1.121615459
1.485909593,1.131324121
1.504008512,1.145282518
1.521974658,1.159091969
1.540060592,1.172944443
1.559057089,1.18744999
1.577719007,1.201659887
1.596301431,1.215774532
1.612354771,1.227935333
1.627035622,1.239031967
1.639445287,1.248391636
1.645798191,1.253152085
1.65534791,1.260341029
1.667269818,1.269323639
1.671140741,1.272204759
1.671317072,1.272297355
1.66972385,1.271061199
1.666943574,1.268936196
1.663405142,1.266245404
1.659434241,1.263233662
1.661748976,1.264988527
1.666547605,1.268620857
1.672097076,1.272815194
1.678420704,1.277589157
1.685245044,1.282735491
1.692295858,1.288046937
1.704250678,1.296986551
1.7187336,1.307772674
1.734432204,1.319486678
1.750435584,1.331433744
1.766411761,1.343360198
1.782324198,1.355237027
1.788004536,1.359414212
1.789363965,1.360358326
1.788320719,1.359514784
1.785732268,1.357526649
1.782239154,1.354872782
1.778137851,1.351773226
1.863152985,1.415672747
1.946099457,1.477812728
1.970251339,1.49588639
1.980440339,1.50376321
1.987128676,1.50907107
1.943507026,1.47657097
1.926139085,1.463676314
1.921871422,1.460570508
1.910633019,1.452093856
1.89981048,1.443871713
1.888590841,1.435390761
1.877735584,1.427123862
1.867810614,1.419448105
1.860486683,1.413736948
1.853596407,1.408288547
2.131555199,1.616606647
2.11320368,1.602220088
2.094831183,1.588042754
2.078372926,1.57546003
2.065007181,1.565303507
2.053506506,1.556611554
2.042959138,1.548675442
2.033301336,1.541433078
2.024196319,1.534621991
2.01976498,1.531328891
2.018036155,1.5300623
2.01762161,1.529775972
2.018025548,1.530097318
2.01896362,1.530813475
2.020218069,1.531761889
2.023371481,1.534131705
2.028383397,1.537890448
2.034483416,1.542458533
2.041183386,1.547470298
2.048295753,1.552786228
2.055723723,1.55833493
2.059467566,1.561112099
2.061265228,1.562430883
2.061695533,1.56272854
2.061316882,1.562425294
2.060571188,1.561852813
2.059636074,1.561143258
2.061563667,1.562588473
2.066685898,1.566431622
2.07371217,1.571698658
2.081608594,1.577612201
2.090141535,1.583998109
2.082915264,1.578555662
2.061521298,1.562653565
2.050500176,1.554521965
2.036928254,1.544462319
2.023011853,1.534168027
2.009019034,1.523794165
1.995418741,1.513699985
0,0
0,0
0,0
0,0
0,0
0,0
1.977339263,1.502915511
1.937703717,1.47224551
1.913242068,1.453333476
1.898338918,1.441908104
1.891613656,1.436805392
1.889148266,1.434926219
1.895755708,1.439871597
1.904380845,1.446324587
1.908133787,1.449110676
1.912312408,1.452218944
1.917288873,1.455927474
1.928576737,1.46437454
1.931237144,1.466336017
1.922862494,1.460020323
1.919161955,1.457234338
1.917960365,1.456331962
1.922848594,1.460004158
1.92164626,1.459097145
1.91717635,1.455738945
1.921907134,1.459292681
1.92393534,1.460810227
1.929139546,1.46471183
1.928185487,1.463984883
1.92385972,1.460730096
1.921902623,1.459261986
1.91366218,1.453082113
1.909120904,1.449689649
1.914396828,1.453669576
1.912691853,1.452396718
1.908118145,1.448969004
1.906364024,1.44766253
1.9090891,1.44971683
1.91034963,1.450665247
1.917140881,1.455764476
1.916568133,1.455326052
1.969518008,1.49507668
2.018151428,1.53151247
2.035643061,1.544548003
2.05236954,1.557001747
2.065208265,1.566507341
2.074797011,1.573592924
2.111860016,1.601357499
1.856537035,1.409690099
1.870075062,1.420094765
1.880311835,1.42798085
1.888333993,1.434194195
1.894881379,1.439234741
1.90051792,1.443686891
1.837630083,1.396582833
1.758620125,1.337201561
1.720632288,1.308703202
1.703130338,1.295636451
1.695178702,1.289755164
1.692298325,1.287679329
1.693016476,1.288299056
1.695501471,1.290232301
1.699008645,1.292920112
1.70279927,1.295807465
1.706536526,1.298642792
1.710529755,1.301662784
1.716866748,1.306445628
1.724353149,1.312087038
1.7323938,1.318137608
1.740795006,1.324451934
1.749365223,1.330886435
1.757887238,1.337278382
1.763924817,1.341793849
1.76903354,1.345609786
1.773551252,1.348981874
1.777607034,1.352007861
1.781697477,1.355061735
1.785580105,1.357960582
1.792528292,1.363084476
1.800579731,1.368980807
1.80906547,1.375233773
1.817630502,1.381567169
1.825957352,1.38773603
1.834057566,1.39374506
1.840495638,1.398513334
1.845793136,1.402433304
1.850661729,1.406039018
1.855454802,1.409594297
1.860790331,1.413561416
1.865848014,1.417322177
1.870972227,1.421134855
1.87615041,1.424989251
1.881132519,1.428697156
1.886585469,1.432759178
1.89209245,1.436861398
1.847069836,1.403006955
1.82354185,1.385411524
1.820554035,1.383233137
1.817838872,1.381240608
1.817862635,1.381304713
1.818658023,1.381935643
1.82026173,1.383163357
1.81393809,1.378425158
1.807888752,1.373897737
1.801873331,1.369398323
1.795388302,1.364547314
1.789193793,1.359916124
1.783141422,1.355392089
1.776768603,1.35062687
1.772428846,1.347391576
1.76873164,1.344636879
1.765152214,1.341967814
1.761903146,1.339545032
1.758779951,1.337214859
1.753856724,1.333526968
1.747893232,1.329055731
1.7415608,1.32430761
1.735576607,1.319822756
1.7298648,1.315543037
1.724406833,1.311453904
1.715860976,1.305033643
1.707013108,1.298386434
1.69811485,1.291701078
1.689213084,1.285011896
1.68042007,1.278402917
1.671731266,1.271870039
1.669451067,1.270183867
1.67017493,1.270762989
1.672019941,1.272180949
1.674480418,1.274055985
1.677333948,1.276221221
1.680411852,1.278550261
2.027629415,1.539359277
2.131645257,1.617093449
1.883696641,1.430760846
1.896309432,1.44064221
1.897825171,1.442074693
1.841562628,1.400082772
1.721383391,1.309604114
1.65959491,1.262937302
1.610576649,1.225839927
1.567283698,1.19301242
1.533218143,1.167126388
1.504256859,1.14506468
1.767754009,1.345007394
1.84727634,1.404623201
1.905174703,1.447835763
1.949288343,1.480659044
1.991796753,1.512293066
2.021949873,1.534667115
2.031625841,1.541685049
2.041129612,1.548632273
2.041747658,1.54894254
2.035629506,1.544235701
2.035490581,1.544065271
2.025608247,1.536595064
2.005076501,1.521161129
1.983106344,1.504692339
1.959512986,1.487038809
2.107677426,1.598869407
1.983319738,1.505146365
1.966497246,1.492596318
1.770846458,1.345433341
1.811445833,1.376277265
1.815439219,1.379455769
1.808365577,1.374258649
1.800133648,1.368164803
1.791191537,1.361518849
1.785006799,1.356934956
1.792884204,1.362922021
1.792637717,1.362679204
1.78717073,1.358491766
1.784185381,1.356184992
1.781744701,1.354296182
1.782516214,1.354835601
1.786433111,1.357753902
1.787265702,1.358359245
1.787953597,1.358862864
1.791886001,1.361813766
1.796970192,1.365634268
1.804115901,1.371009891
1.819506706,1.382587471
1.828564507,1.389401579
1.834432145,1.393822578
1.842913068,1.400215462
0.793328542,0.592133011
0.257164614,0.192448
0.346558124,0.263841107
1.829139346,1.391520275
1.691681634,1.287605844
1.63117136,1.241745895
1.8870519,1.43440906
2.252176345,1.710158618
2.423937757,1.842694863
2.052556557,1.559882604
1.957023554,1.488106794
1.943017102,1.477516809
1.946316174,1.479974395
0.819220436,0.597545956
1.673243216,1.275253557
2.088730063,1.588487512
1.909695339,1.453399015
1.82478774,1.388991635
1.780209918,1.354924393
1.768649565,1.345921564
1.773428802,1.349326078
1.786621331,1.359111503
1.803734752,1.371864405
1.821691507,1.385254877
1.8404399,1.39923988
1.841674573,1.400061186
1.835365262,1.395241227
1.826103804,1.388233176
1.815278319,1.380073837
1.803201098,1.370991445
1.79034207,1.361334221
1.787289527,1.359066588
1.788025046,1.359645336
1.789991743,1.361142576
1.793139468,1.363520981
1.797071037,1.366481937
1.802117936,1.370275444
1.807615007,1.374316339
1.814599391,1.379416387
1.823202611,1.385763094
1.8302976,1.390994976
1.836482552,1.395559148
1.841892702,1.399554133
1.850386667,1.40587546
1.859786812,1.412879262
1.868678115,1.419500446
1.877562093,1.426116203
1.886552658,1.432811918
1.895458904,1.439443929
1.903059828,1.44509605
1.909996634,1.450251729
1.916350285,1.454972255
1.920933022,1.458366664
1.924349964,1.460891254
1.876715508,1.425091668
1.846011193,1.402118652
1.836164408,1.394802907
1.819956824,1.382692675
1.808311984,1.374024641
1.799216971,1.367263918
1.790547642,1.360812664
1.780119887,1.353029809
1.772971902,1.347709837
1.767204238,1.343421022
1.760548516,1.338456007
1.754274805,1.333773924
1.748191469,1.329230943
1.740173334,1.323226065
1.733422888,1.318175354
1.727330748,1.31361812
1.721328424,1.309125365
1.715689212,1.304903698
1.710045084,1.300675434
1.70661728,1.298117987
1.70400431,1.296171524
1.701480426,1.294288229
1.699142587,1.292542396
1.696833992,1.290816023
1.694384105,1.288980799
1.692978202,1.287933048
1.693182683,1.288100002
1.69419559,1.288874092
1.695642886,1.289972511
1.697405206,1.29130557
1.699321202,1.29275179
1.699190878,1.29265007
1.698200145,1.291899488
1.696521865,1.290631368
1.694476866,1.289088445
1.692318651,1.28746188
1.690132375,1.285815478
1.68772152,1.2840005
1.686584378,1.283149222
1.686159673,1.282835545
1.685852922,1.282609569
1.685711574,1.282507411
1.670326698,1.270902534
1.652932336,1.257859522
1.646268801,1.25290687
1.637838252,1.24659961
1.630213224,1.240910703
1.622667566,1.235261072
1.615496334,1.229879817
1.887854346,1.43509229
1.957433275,1.48699657
1.995733173,1.51539309
2.014228065,1.52895694
2.020566677,1.533453098
2.028156425,1.538957106
2.014645417,1.528654858
1.996789774,1.515163145
1.975632671,1.49925267
1.95019943,1.480180954
1.930334556,1.465329611
1.903421254,1.44520574
1.879190007,1.427109269
1.855910626,1.409730498
1.837884015,1.396293499
1.823620739,1.385674808
1.81699931,1.380790604
1.804089563,1.371155537
2.016433733,1.53106549
1.951320063,1.481866432
1.739218765,1.322068964
1.762425687,1.33977096
1.770734587,1.346161881
1.766220224,1.342719152
1.757800259,1.336311812
1.745767192,1.327198281
1.737686169,1.32107061
1.732771643,1.317330212
1.734591712,1.318658797
1.730483061,1.315523482
1.721755659,1.308914327
1.714635549,1.303517884
1.707317136,1.297973978
1.699908265,1.292363962
1.698691324,1.291413428
1.691305083,1.285818412
1.790923955,1.360578498
1.946174351,1.477222706
2.065389411,1.567485039
2.159127283,1.639763429
2.0938714,1.589079952
1.709273789,1.298406324
1.545374398,1.175466678
1.497012987,1.138870729
1.471372716,1.11936996
1.451366695,1.10408766
1.444326339,1.098875369
1.467702547,1.117165397
1.495838258,1.138937917
1.509422136,1.149412232
1.524631748,1.161097381
1.539579072,1.172549997
1.553563252,1.183233534
1.56763524,1.193958644
1.583749819,1.206217941
1.597605859,1.216731655
1.61010649,1.226198138
1.622380268,1.235478546
1.633794255,1.244095928
1.644196312,1.251938254
1.655666159,1.260584838
1.667582839,1.269562309
1.679749607,1.278720867
1.691840592,1.287814154
1.7037262,1.296744699
1.71540266,1.305510492
1.7248103,1.312558342
1.733363182,1.318960561
1.742013311,1.325436317
1.750408917,1.331719526
1.758316255,1.337634138
1.766114548,1.343466408
1.771175358,1.3472367
1.774834637,1.349955554
1.777155605,1.351671637
1.778620382,1.35274858
1.7794605,1.353360411
1.77982279,1.353617306
1.775386083,1.350185177
1.768609932,1.344951343
1.761084962,1.33919938
1.752611082,1.332765757
1.7432224,1.325666665
1.733371894,1.31823652
1.724419851,1.311495528
1.715728361,1.304957512
1.707071182,1.298448722
1.698587409,1.292072238
1.689940101,1.285571959
1.68110643,1.278929745
1.678554324,1.277036628
1.678591172,1.277094354
1.679342592,1.277684349
1.680295163,1.278419709
1.681177184,1.279096401
1.650083946,1.255564564
1.625570146,1.237033052
1.620063512,1.232902059
1.600555264,1.218103961
1.588392858,1.208884717
1.581711544,1.203830604
1.575222272,1.198914207
1.563866116,1.190276409
1.554504221,1.183152996
1.545831775,1.176549054
1.53727451,1.170026287
1.527529028,1.162586974
1.520143027,1.156948929
1.512383762,1.15101856
1.507175184,1.147040501
1.50885684,1.148347863
1.505192605,1.145546656
1.501111971,1.142423666
1.497832796,1.139914528
1.490818696,1.134532174
1.48167877,1.127510975
1.47138931,1.119599068
1.460916939,1.111538745
1.450404852,1.103439227
1.437735774,1.093661916
1.72309007,1.311091107
1.806260714,1.373510753
1.856637509,1.411073981
1.888366401,1.434594006
1.908848007,1.449594727
1.921649219,1.458901545
1.927530159,1.463076404
1.929488303,1.464359107
1.928762524,1.463671882
1.926270691,1.46169526
1.922650854,1.458898824
1.918281944,1.455560186
1.912370135,1.451079278
1.907134476,1.447118844
1.902150209,1.443354604
1.897007654,1.439476191
1.891551066,1.435365487
1.869589684,1.418904492
1.843362084,1.399353841
1.827448341,1.387502528
1.808683141,1.373484009
1.78834322,1.358277772
1.767741396,1.342967271
1.747549772,1.327892832
1.726986884,1.31240023
1.708467903,1.298457816
1.695736215,1.288871324
1.692793507,1.286643349
1.685637194,1.281239771
1.676120174,1.27405975
1.671848749,1.27083141
1.675427389,1.273509239
1.678842113,1.276061968
1.686874307,1.282087239
1.689101412,1.283747746
1.688262887,1.283108337
1.907699281,1.448887635
1.867701744,1.418933007
1.693324073,1.28729262
1.903196558,1.445599673
1.676087929,1.274369978
1.674823846,1.273253264
1.664300355,1.265272961
1.64696614,1.252200427
1.634087604,1.242490602
1.630973986,1.240128015
1.623857808,1.234746189
1.614678584,1.227809977
2.129838791,1.618279613
2.105519075,1.598494994
1.648068173,1.251924706
1.857772139,1.410515775
1.646292889,1.251308128
1.631246377,1.239909034
2.131640903,1.618829526
2.10583994,1.598176954
1.653205019,1.255682193
1.866301211,1.416877761
1.661747054,1.262961655
1.66269155,1.263645285
1.658182615,1.260315404
1.647910874,1.252658421
1.642913051,1.24895967
1.648281574,1.253043763
1.649762667,1.254187063
1.659814199,1.261774105
1.680503068,1.27734017
1.697264758,1.289939172
1.715895436,1.303940761
1.733359807,1.317067007
1.749904031,1.329504958
1.485555962,1.127943447
0.898342783,0.665334244
0.550831416,0.401539751
1.631206945,1.241897217
1.522717788,1.159645066
1.470338062,1.119536311
1.445060791,1.099995206
1.177916407,0.88987022
0.930273462,0.686244669
0.49566181,0.366267425
0.206336,0.154008
1.750089455,1.333018471
1.608900856,1.225886198
0.905812047,0.66284039
0.409405647,0.304597841
0.236096,0.17856
0.353504175,0.272061255
0.350364788,0.272087759
1.882497107,1.43245049
0.375628741,0.282542107
0.309247422,0.237336
0.43656832,0.318649236
0.765286053,0.558677625
0.902003972,0.660737008
1.815067948,1.382565692
1.660208926,1.265082026
1.593523258,1.214159181
1.547680808,1.178991819
1.526073022,1.162369624
1.516659002,1.155114662
1.514560572,1.153486338
1.515392044,1.15402031
1.517738196,1.155658399
1.520723459,1.157825572
1.52408744,1.160311437
1.527661774,1.162979124
1.531490914,1.165856945
1.533014115,1.166980056
1.533209217,1.167096499
1.533238605,1.167094483
1.533757314,1.167473127
1.533706799,1.167420221
1.533407885,1.167180774
1.533358853,1.16713546
1.533322186,1.16710158
1.533233298,1.167029182
1.532900866,1.166771445
1.532355889,1.166351938
1.531598544,1.1657708
1.528320849,1.163260122
1.523562086,1.159615576
1.518089046,1.155424119
1.511751778,1.150569342
1.505081241,1.145457353
1.498187061,1.140171608
1.788022749,1.359896818
1.864287667,1.41692877
1.904084532,1.446457237
1.922685685,1.46009529
1.929050548,1.464608236
1.898391139,1.441135487
1.861938666,1.413614091
1.844297094,1.400298384
1.824362526,1.385258151
1.804147932,1.37000127
1.784960148,1.355530475
1.766769273,1.341817685
1.748483911,1.328039618
1.73123565,1.315044123
1.714613474,1.302520083
1.698462596,1.290350381
1.680740221,1.276999653
1.665514757,1.265525502
1.653174314,1.256220418
1.642702117,1.248320021
1.633255051,1.241185631
1.62457792,1.234623521
1.616403118,1.228434753
1.608621459,1.222554862
1.603482976,1.218681325
1.599810892,1.215919391
1.597674565,1.214316153
1.596275074,1.213268011
1.59512394,1.212406684
1.594049093,1.211602579
1.864925327,1.416019317
1.872054769,1.421383974
1.685355171,1.280455568
1.89915301,1.441687478
1.674617329,1.272468988
1.677098854,1.274196695
1.673813539,1.271775838
1.664696535,1.265043786
1.660567941,1.262039058
1.660840607,1.262319095
1.662833215,1.263871892
1.665933088,1.266242447
1.659879525,1.261722171
1.664158103,1.264965285
1.66748355,1.267481986
1.669045124,1.26866781
1.676449092,1.27424419
1.677770823,1.275243052
1.671611338,1.270618936
1.668677109,1.268425018
1.667210462,1.26733514
1.666283465,1.266650105
1.671238334,1.270386279
1.670693872,1.269982979
1.666888955,1.267127929
1.659303205,1.261433767
1.654838667,1.258089986
1.652836484,1.256596904
1.657017007,1.259750961
1.655907567,1.258921009
1.894720992,1.439256731
1.870190521,1.420958324
1.69770785,1.290750011
1.916006701,1.45544634
1.690381578,1.28534588
1.706474229,1.29735095
1.91945393,1.458197927
1.868430579,1.420104914
1.701863415,1.294216364
1.914705291,1.4549252
1.691240248,1.286262213
1.711507989,1.301464089
1.911145372,1.452331462
1.852289881,1.407935749
1.697524117,1.291042328
1.895375977,1.440410677
2.126083034,1.613373322
1.683319783,1.279762078
1.421072297,1.080025147
1.357720831,1.031092024
1.325598601,1.006207697
1.310714209,0.994728055
1.306846629,0.991862298
1.308768141,0.99351874
1.334661491,1.014003029
1.348628018,1.025033094
1.359693944,1.033748615
1.370175366,1.041977176
1.380568166,1.050111953
1.40817532,1.071616112
1.43658523,1.093660314
1.453451318,1.106699573
1.474224637,1.122713149
1.497112854,1.140295221
1.51988167,1.157727947
1.542487698,1.17498436
1.564315594,1.191600206
1.585807996,1.207921091
1.607645202,1.224469625
1.629736003,1.241173841
1.652065243,1.258026624
1.674465,1.274903004
0.417818208,0.317214022
1.449254072,1.090502408
2.264197468,1.721757606
2.152698533,1.636943689
1.978144824,1.505212418
1.904252964,1.449752684
0.0199392,0.0167152
0.000225928,0.000191952
0.00070432,0.00060264
1.684241348,1.279169187
1.571060939,1.194212931
1.528970842,1.162570293
0.040176,0.032736
0.00068696,0.00057784
0.612281117,1.105124892
1.734411257,1.319725155
1.61074878,1.226387297
1.567715503,1.193701721
0.338505599,0.277662392
0.0101928,0.0084816
0.121768,0.080104
1.930051578,1.422441897
1.738793507,1.288839354
1.666807998,1.238056769
0.0163928,0.0133176
0.0177568,0.0147808
1.510746962,1.062361
1.945587588,1.393047608
1.807553692,1.292018531
1.760394116,1.258099908
0.0182032,0.0145328
0.872307326,0.605043145
2.039070942,1.427562827
2.027202885,1.421577679
1.844440416,1.29482285
0.95515806,0.713663008
0.0149544,0.0118792
0.0206336,0.016616
2.02425876,1.410528674
1.869297909,1.297189782
1.805541085,1.252891734
1.780264223,1.235966372
1.186338405,0.814779252
2.280087617,1.573186631
2.697888118,1.859261664
2.422739354,1.672660998
2.239305371,1.552553386
2.181441371,1.51678694
1.499312942,1.045600349
1.893906381,1.323440855
1.939715523,1.354148379
2.309221161,1.607921159
2.161433966,1.50768838
2.08552349,1.457892034
1.296760055,0.897728618
1.880835859,1.316023539
2.34757104,1.63658056
2.176938956,1.518454013
2.094689768,1.463721385
2.053791808,1.437276188
1.995951346,1.399953807
1.930744909,1.358841905
1.866452169,1.316690397
1.809441061,1.274188251
1.756257357,1.231471964
1.70438497,1.188935833
1.695854735,1.174515526
1.708936747,1.174536873
1.730617562,1.181227207
1.756511924,1.191395073
1.783206775,1.203378165
1.809535112,1.216312206
1.826999964,1.225330959
1.83759564,1.232430504
1.845129732,1.238554316
1.85161295,1.244140375
1.85725775,1.249467164
1.862253541,1.254644715
1.857944695,1.266224829
1.848326139,1.280784029
1.845732128,1.296587859
1.846407435,1.313211582
1.849188589,1.330454836
1.853561446,1.34814469
2.145214887,1.568100173
1.923320454,1.416447645
1.946393707,1.443612905
1.949730785,1.453956618
1.942800554,1.455032259
