plf,eff
0.00245058,0.063322266
0.003251103,0.240985131
0.006224473,0.13319737
0.006322496,0.06719907
0.008609704,0.482751084
0.008626041,0.475786002
0.009050809,0.214189285
0.009083483,0.165904336
0.009638948,0.307594981
0.011811795,0.563140071
0.012269237,0.581611726
0.013053423,0.171361402
0.015683712,0.259394402
0.015912433,0.324551978
0.01849371,0.682095794
0.019359582,0.682363959
0.021973534,0.726581762
0.023966672,0.799137158
0.024375102,0.265557686
0.024930567,0.76307105
0.029570332,0.333528525
0.038229048,0.883648286
0.040941023,1.004781525
0.045188695,0.577544755
0.047214507,0.889176136
0.049910145,0.668847467
0.052818167,0.6035657
0.052981539,0.620880864
0.053814736,0.999674787
0.053945434,0.721971748
0.054272178,0.499416819
0.055399445,0.585683567
0.055448456,0.951862106
0.055873223,0.477826843
0.056265316,0.607629777
0.056706421,0.527553498
0.057474269,0.85412408
0.059957523,0.925645308
0.060692697,0.629841204
0.062783859,1.102215382
0.064286881,0.732880388
0.064940369,0.653515484
0.065675543,0.800642775
0.068224146,0.844554866
0.069318739,0.99083342
0.069743506,0.865825931
0.070821761,0.600608488
0.071148505,1.024034718
0.072047051,0.697019488
0.073435713,0.671031786
0.074203562,0.982732569
0.074415945,1.047796682
0.077307629,1.034788206
0.080313674,1.063499196
0.083319719,1.062065416
0.083499428,0.738335291
0.083842509,0.814756989
0.084022219,1.031459236
0.088171867,1.043437955
0.08897239,1.092374414
0.091177912,1.048334244
0.098349943,0.736355938
0.099575233,1.096996428
0.100980232,0.95727542
0.103006045,1.024623592
0.106142787,1.041654059
0.106730926,0.71254034
0.107270054,0.787655728
0.110782552,0.801026561
0.114246038,0.814661872
0.119996733,1.120578946
0.120601209,0.742395925
0.122332952,0.625524506
0.123296847,0.825607754
0.123966672,0.803199981
0.126711322,0.848844557
0.127724228,1.110902256
0.128557425,1.105108258
0.129962424,1.086825963
0.130305506,0.863303869
0.134634864,0.883469178
0.13512498,0.795321541
0.136137886,0.800716102
0.136742362,0.828147482
0.136840386,1.112482875
0.138000327,1.134425738
0.138278059,0.869362917
0.141398464,1.098904615
0.142444045,1.13660548
0.144535207,0.790438066
0.146757066,1.122509655
0.147704623,0.827782066
0.14790067,1.068314835
0.149959157,1.069240375
0.153046888,1.164285533
0.15566084,1.098920797
0.156755432,1.047271123
0.157229211,0.967544438
0.158160431,0.960725702
0.167227577,0.845855945
0.167603333,1.10656023
0.168681588,1.143329905
0.168714262,1.158152826
0.169890541,1.044544415
0.171377226,0.97310067
0.173010946,1.042274226
0.17415455,1.167267675
0.176131351,0.866436936
0.177209606,0.96439675
0.179088384,1.052794109
0.180869139,1.037763963
0.182421173,1.121586974
0.183532103,1.118485285
0.1843653,1.138672382
0.18447966,1.127794373
0.184643032,1.134103311
0.185100474,1.13614944
0.185116811,1.126490333
0.185525241,1.11275015
0.185557915,1.112289176
0.185557915,1.135069477
0.185606927,1.11985427
0.185753962,1.115146527
0.186015357,1.112987296
0.186048031,1.113401469
0.186162392,1.116791546
0.186309427,1.12557889
0.186325764,1.115867282
0.186423787,1.117772711
0.186472799,1.132931519
0.186505473,1.116650843
0.18652181,1.122262558
0.186570822,1.121081373
0.186734194,1.120589565
0.186783205,1.119193502
0.186881229,1.125462396
0.186897566,1.127864672
0.186962915,1.122330576
0.186995589,1.121495459
0.187011926,1.141900216
0.187077275,1.124494245
0.187077275,1.12073512
0.187077275,1.127088661
0.187126287,1.137053015
0.187142624,1.13851478
0.187158961,1.121371488
0.187175298,1.120808086
0.187305996,1.122767688
0.18733867,1.122521813
0.18733867,1.145579099
0.187355007,1.122693309
0.187371345,1.12249682
0.187387682,1.124142083
0.187387682,1.125323913
0.187387682,1.127546555
0.187404019,1.12342895
0.187436693,1.123477443
0.187469368,1.125814464
0.187469368,1.123010443
0.187551054,1.12519601
0.187551054,1.132780599
0.187551054,1.12475302
0.187567391,1.125515669
0.187567391,1.126921454
0.187616403,1.140941418
0.18763274,1.126943663
0.187649077,1.134197133
0.187649077,1.141823892
0.187665414,1.13145247
0.187698089,1.13239648
0.187698089,1.129935073
0.187698089,1.125191806
0.187698089,1.138181679
0.187714426,1.139944678
0.187730763,1.125756876
0.187763437,1.124993236
0.187796112,1.13418576
0.187796112,1.128889312
0.187828786,1.134233194
0.187828786,1.12575378
0.187845123,1.131267299
0.187845123,1.130894705
0.187845123,1.125630247
0.187861461,1.142355666
0.187877798,1.135880056
0.187894135,1.140505542
0.187926809,1.133327497
0.187943147,1.134249297
0.187959484,1.127350341
0.187959484,1.134422802
0.187959484,1.127128436
0.187975821,1.128411011
0.187992158,1.140494575
0.188008495,1.130463415
0.188008495,1.128310717
0.188024833,1.137370908
0.188024833,1.13011555
0.18804117,1.128136418
0.18804117,1.128951599
0.18804117,1.133643152
0.18804117,1.134166844
0.188057507,1.13217333
0.188057507,1.162025781
0.188073844,1.131973426
0.188073844,1.134064556
0.188090181,1.130136717
0.188106519,1.135460191
0.188106519,1.144988528
0.188139193,1.134533454
0.18815553,1.135156259
0.188171867,1.135030049
0.188188205,1.135353386
0.188188205,1.138735993
0.188204542,1.128153839
0.188204542,1.136877831
0.188204542,1.136277023
0.188204542,1.133357158
0.188204542,1.144594196
0.188237216,1.133105965
0.188253553,1.129188226
0.188253553,1.136122623
0.188253553,1.137399418
0.188269891,1.141952093
0.188302565,1.134395914
0.188318902,1.140659656
0.188318902,1.136667122
0.188318902,1.134793536
0.188318902,1.13404583
0.188318902,1.136667122
0.188318902,1.134793536
0.188318902,1.140055213
0.188351577,1.131856127
0.188351577,1.138142138
0.188367914,1.140276392
0.188384251,1.132424764
0.188400588,1.135660154
0.188400588,1.13753579
0.188400588,1.134014703
0.188400588,1.134537738
0.188400588,1.136109742
0.188416925,1.144667136
0.188416925,1.135608836
0.188416925,1.14238904
0.188433263,1.132942933
0.188465937,1.135604681
0.188482274,1.140590939
0.188498611,1.138052456
0.188498611,1.136101166
0.188498611,1.134455293
0.188514949,1.13687438
0.188514949,1.137399737
0.188547623,1.134675545
0.188547623,1.133332292
0.188547623,1.143333168
0.18856396,1.143053037
0.18856396,1.13987768
0.18856396,1.134325718
0.18856396,1.137019901
0.18856396,1.161542808
0.188580297,1.148407768
0.188580297,1.147413873
0.188596635,1.140452357
0.188612972,1.144792805
0.188612972,1.132979958
0.188612972,1.150523264
0.188612972,1.150216191
0.188629309,1.128775172
0.188645646,1.144383137
0.188645646,1.148499623
0.188661983,1.141451706
0.188678321,1.134938964
0.188678321,1.136884402
0.188678321,1.136734516
0.188710995,1.136257256
0.188727332,1.145562996
0.188727332,1.14373994
0.188743669,1.135855348
0.188743669,1.139230958
0.188743669,1.142853794
0.188760007,1.130297341
0.188760007,1.13993183
0.188760007,1.140610136
0.188760007,1.145989658
0.188776344,1.145175989
0.188776344,1.133514319
0.188776344,1.141161548
0.188792681,1.143074832
0.188809018,1.138798108
0.188809018,1.150337159
0.188825355,1.138295684
0.188825355,1.142515781
0.18885803,1.139770678
0.18885803,1.141127009
0.18885803,1.143319013
0.18885803,1.14362202
0.18885803,1.136244299
0.188874367,1.142812332
0.188890704,1.145945796
0.188890704,1.138239165
0.188890704,1.139365986
0.188907041,1.146653819
0.188907041,1.14475312
0.188907041,1.142404986
0.188907041,1.136613993
0.188923379,1.145155836
0.188923379,1.146144022
0.188923379,1.14409354
0.188923379,1.14561171
0.188939716,1.129006397
0.188939716,1.146852151
0.188939716,1.14282944
0.188939716,1.145254864
0.188956053,1.146418347
0.188956053,1.13825771
0.188956053,1.133922914
0.18897239,1.139257198
0.18897239,1.139257198
0.188988727,1.1395812
0.188988727,1.138604631
0.188988727,1.138004497
0.189005065,1.139679712
0.189005065,1.145726961
0.189005065,1.144891662
0.189005065,1.144360742
0.189005065,1.151915537
0.189021402,1.130603307
0.189021402,1.14377771
0.189021402,1.140229591
0.189021402,1.144459658
0.189037739,1.144179581
0.189070413,1.141730951
0.189070413,1.140299456
0.189070413,1.14278804
0.189070413,1.138346374
0.189070413,1.146503314
0.189086751,1.139195194
0.189086751,1.137171224
0.189086751,1.140247499
0.189086751,1.144552029
0.189119425,1.142253329
0.189168437,1.147478382
0.189184774,1.145676512
0.189201111,1.139733922
0.189201111,1.148515081
0.189201111,1.147676582
0.189201111,1.151267847
0.189217448,1.13534245
0.189233785,1.138430051
0.189250123,1.139428358
0.189250123,1.145389211
0.189250123,1.149194238
0.18926646,1.145336398
0.189282797,1.148705761
0.189282797,1.146118243
0.189282797,1.146574016
0.189282797,1.143617952
0.189282797,1.150003906
0.189299134,1.143489881
0.189299134,1.154940046
0.189299134,1.144776146
0.189299134,1.153323238
0.189315471,1.143059724
0.189315471,1.141702081
0.189315471,1.141928131
0.189315471,1.142531368
0.189348146,1.14643798
0.189348146,1.143483634
0.189348146,1.151932458
0.189364483,1.148591349
0.189364483,1.140192006
0.189364483,1.143053593
0.189364483,1.144414101
0.18938082,1.144210193
0.18938082,1.141493609
0.18938082,1.148004748
0.18938082,1.144512834
0.189413495,1.142896539
0.189413495,1.144634612
0.189413495,1.154789799
0.189429832,1.144355014
0.189446169,1.147944053
0.189462506,1.147890838
0.189478843,1.151348077
0.189478843,1.146925387
0.189495181,1.149460381
0.189495181,1.142635057
0.189511518,1.142130742
0.189511518,1.14750316
0.189511518,1.144092259
0.189511518,1.150705069
0.189527855,1.140199173
0.189544192,1.150597701
0.189544192,1.144062804
0.189560529,1.141823774
0.189560529,1.149246575
0.189560529,1.15062045
0.189560529,1.139420725
0.189560529,1.139945527
0.189560529,1.140095559
0.189576867,1.144033361
0.189576867,1.156248599
0.189576867,1.143278473
0.189593204,1.146251134
0.189593204,1.141118103
0.189609541,1.135905318
0.189642215,1.155644607
0.189642215,1.142993789
0.189642215,1.142240531
0.189642215,1.149284385
0.189642215,1.146319961
0.189658553,1.147785125
0.189658553,1.147785125
0.18967489,1.144624899
0.18967489,1.151008837
0.18967489,1.151926646
0.18967489,1.15646058
0.18967489,1.147200324
0.189691227,1.150267863
0.189691227,1.145934115
0.189691227,1.146237172
0.189707564,1.147777729
0.189723901,1.133618169
0.189740239,1.149421134
0.189740239,1.159256411
0.189756576,1.150664131
0.189756576,1.144135756
0.189756576,1.157035812
0.189772913,1.143404504
0.18978925,1.142975492
0.18978925,1.143804554
0.189805587,1.141344115
0.189805587,1.147990815
0.189805587,1.145413615
0.189805587,1.149664604
0.189821925,1.152054077
0.189838262,1.145913446
0.189838262,1.144930413
0.189838262,1.148796629
0.189854599,1.141939363
0.189854599,1.148135289
0.189854599,1.145482481
0.189870936,1.15120484
0.189870936,1.153884019
0.189870936,1.15396075
0.189887273,1.149169309
0.189887273,1.147270107
0.189903611,1.142911105
0.189903611,1.142309335
0.189903611,1.148659698
0.189936285,1.150380008
0.189936285,1.152059618
0.189952622,1.151470946
0.189952622,1.153690022
0.189968959,1.146248141
0.189985297,1.152356898
0.189985297,1.152356898
0.190017971,1.152249205
0.190017971,1.148591271
0.190017971,1.149427494
0.190017971,1.142020123
0.190017971,1.147983872
0.190034308,1.157108138
0.190034308,1.14166786
0.190066983,1.142915944
0.190099657,1.144392419
0.190115994,1.153149645
0.190132331,1.153401831
0.190132331,1.145645569
0.190132331,1.150119266
0.190148669,1.145140032
0.190165006,1.151536359
0.190165006,1.15728714
0.190181343,1.150415739
0.190181343,1.145487769
0.190181343,1.156924348
0.190181343,1.149806933
0.19019768,1.148007168
0.190230355,1.145858487
0.190263029,1.149616362
0.190279366,1.147287916
0.190279366,1.148045302
0.190295703,1.144818548
0.190312041,1.152579452
0.190312041,1.147787813
0.190312041,1.153649699
0.190312041,1.156103457
0.190328378,1.154514479
0.190328378,1.152372948
0.190328378,1.151076605
0.190328378,1.158667132
0.190344715,1.137848309
0.190361052,1.142054348
0.190361052,1.148841517
0.190361052,1.154865976
0.190377389,1.154122385
0.190377389,1.149547375
0.190377389,1.151220661
0.190377389,1.166971769
0.190393727,1.153838751
0.190393727,1.154068325
0.190393727,1.165274373
0.190410064,1.155239999
0.190410064,1.153325956
0.190426401,1.144851236
0.190426401,1.165084247
0.190459075,1.156766
0.190475413,1.154563464
0.190475413,1.148773123
0.19049175,1.149099138
0.190540761,1.162437785
0.190557099,1.147070645
0.190557099,1.150176569
0.190573436,1.148985206
0.190573436,1.1659058
0.190589773,1.155563213
0.19060611,1.154360415
0.19060611,1.15581562
0.190622447,1.156682124
0.190622447,1.159839302
0.190622447,1.158066083
0.190638785,1.152115275
0.190655122,1.155039933
0.190655122,1.149856964
0.190655122,1.166015286
0.190655122,1.169380071
0.190671459,1.153762286
0.190671459,1.146626239
0.190671459,1.150335044
0.190687796,1.156541158
0.190687796,1.155314466
0.190687796,1.156157537
0.190687796,1.171939931
0.190687796,1.164578598
0.190704133,1.151672516
0.190720471,1.144436018
0.190720471,1.155282674
0.190720471,1.153218987
0.190736808,1.145060308
0.190753145,1.145534613
0.190753145,1.156860735
0.190753145,1.15970806
0.190753145,1.156937505
0.190753145,1.180198434
0.190769482,1.153057629
0.190785819,1.156982121
0.190802157,1.162713074
0.190834831,1.157202559
0.190851168,1.157532026
0.190851168,1.15953268
0.190851168,1.162236814
0.190851168,1.155308657
0.190851168,1.155079141
0.190867505,1.153879034
0.190867505,1.170839871
0.19090018,1.156907998
0.19090018,1.167045453
0.190916517,1.15800522
0.190916517,1.148628968
0.190932854,1.158104314
0.190932854,1.15107624
0.190932854,1.148954161
0.190965529,1.15730403
0.190981866,1.155181682
0.190981866,1.16303273
0.190998203,1.158039562
0.19101454,1.148236089
0.19101454,1.163774515
0.191030877,1.157162953
0.191047215,1.151082324
0.191047215,1.168647866
0.191063552,1.157591045
0.191063552,1.155446365
0.191079889,1.160922293
0.191079889,1.1707283
0.191079889,1.165726857
0.191096226,1.158864521
0.191096226,1.160481541
0.191096226,1.170279227
0.191112563,1.158963594
0.191112563,1.174392545
0.191128901,1.167896869
0.191128901,1.158908875
0.191145238,1.16023953
0.191177912,1.1609776
0.191177912,1.159513762
0.191177912,1.153999926
0.191226924,1.161506766
0.191226924,1.157659952
0.191226924,1.15796676
0.191226924,1.169590598
0.191292273,1.160900721
0.191292273,1.154232842
0.19130861,1.16092278
0.19130861,1.159690787
0.191341284,1.124824357
0.191357621,1.161991722
0.191357621,1.160757776
0.191357621,1.165398642
0.191357621,1.170938498
0.191373959,1.154040021
0.191373959,1.153203043
0.191390296,1.161727017
0.191488319,1.162090473
0.191504656,1.16172678
0.191520993,1.171310814
0.191553668,1.162178378
0.191586342,1.171240225
0.191635354,1.155845098
0.191651691,0.909875535
0.191668028,1.169705332
0.191668028,1.173545056
0.191684365,1.168790459
0.191684365,1.17278084
0.191700702,1.161759388
0.19171704,1.167898852
0.19171704,1.16178136
0.191733377,1.170026014
0.191749714,1.15890575
0.191749714,1.1629818
0.191766051,1.174853592
0.191782388,1.164338982
0.191896749,1.1644918
0.191896749,1.162253877
0.191962098,1.164038187
0.191994772,1.166248161
0.192011109,1.17659155
0.19212547,1.17406492
0.192174481,1.157797915
0.192207156,1.166530357
0.192272504,1.170736389
0.192305179,1.174064093
0.192419539,1.160115539
0.192484888,1.176025403
0.192582911,1.173017184
0.19264826,1.176787555
0.192664597,1.162129655
0.192664597,1.17649419
0.192680934,1.179588832
0.192827969,1.169521529
0.192860644,1.17564905
0.192876981,1.164409759
0.19294233,1.173642057
0.19294233,1.167194327
0.192975004,1.178389669
0.193024016,1.176017438
0.193073027,1.172797887
0.193187388,1.113404527
0.193220062,1.179807273
0.193252736,1.159859571
0.19335076,1.168041534
0.193416108,1.17075786
0.193432446,1.179134668
0.193448783,1.170335554
0.193693841,1.125264194
0.193710178,1.16758883
0.19375919,1.173767406
0.193840876,1.177070929
0.193922562,1.184413275
0.193971573,1.168470845
0.193971573,1.180295583
0.194118608,1.169896334
0.194118608,1.167279289
0.194216631,1.17056428
0.194265643,1.176445545
0.194314654,1.170537541
0.194363666,1.172920105
0.194412678,1.169663249
0.194478026,1.110756591
0.194478026,1.129245678
0.194494364,1.165856897
0.194641398,1.130050715
0.194723084,1.186843885
0.194755759,1.172035974
0.194755759,1.18514617
0.194919131,1.174178864
0.195131514,1.17329293
0.195147852,1.176099286
0.195196863,1.176627429
0.195245875,1.175217631
0.195278549,1.066731862
0.195294886,1.176985422
0.195327561,1.176871923
0.195376572,1.176159242
0.195458258,1.173173659
0.19550727,1.179276315
0.195850351,1.181813723
0.195866688,1.175702337
0.195948374,1.180223374
0.195981049,1.181354423
0.196242444,0.921427484
0.196373142,1.183483752
0.196454828,1.165908882
0.197451397,1.184747786
0.198333606,1.119692864
0.198349943,1.170467518
0.199199477,1.158574783
0.199673256,1.166526795
0.19988564,1.115500762
0.200392093,1.126928581
0.200980232,1.131280181
0.201257964,1.124876447
0.201306976,1.173071862
0.201486685,1.178552551
0.201568371,1.075569203
0.202025813,1.118362035
0.204133312,1.129412926
0.204149649,1.179708224
0.204476393,1.166113069
0.204590753,1.16125823
0.204688776,1.139591792
0.205162555,1.163853261
0.205293253,1.16553516
0.205358602,1.167066134
0.205554648,1.168325574
0.205669008,1.170358458
0.205799706,1.165009124
0.206355171,1.170473471
0.206992322,1.180019427
0.207368077,1.173596734
0.207433426,1.178784195
0.207776507,1.105404397
0.208119588,1.126441908
0.208201274,1.174385222
0.209834994,1.115446848
0.210439471,1.109688657
0.211566737,1.05019283
0.212024179,1.166433412
0.212024179,0.759919933
0.212269237,1.065075782
0.212318249,1.135848442
0.212416272,1.115286587
0.213331155,1.122669972
0.213951969,1.141048532
0.214066329,1.107660118
0.214262375,1.166389799
0.214540108,1.171880331
0.214899526,1.162037081
0.214915863,1.168694228
0.215062898,1.171794571
0.215062898,1.104251806
0.215177259,1.125129247
0.215258945,1.116422643
0.215373305,1.174676361
0.215438654,1.13487172
0.215879758,1.175614556
0.215896095,1.174304126
0.21592877,1.129381854
0.216108479,1.07771283
0.216239177,1.160424411
0.21645156,1.168286716
0.216516909,1.180702358
0.217660513,1.18221259
0.218183303,1.108688519
0.218232315,1.18722328
0.218526385,1.167761657
0.218559059,1.119247711
0.219130861,1.156988663
0.219686326,1.173685654
0.219915047,1.176076327
0.220715569,0.918216953
0.221271034,1.175965283
0.221271034,1.088901301
0.221793825,1.106548142
0.223884986,1.104440936
0.224162719,1.167171457
0.224554811,1.112790539
0.225518706,1.104748412
0.225682078,0.924362396
0.22759353,1.118268898
0.227969286,1.118972179
0.22841039,0.934113868
0.228557425,1.007719377
0.228557425,1.111058719
0.228622774,1.115351101
0.228671786,1.114638237
0.228835158,1.157538097
0.229047541,1.145300862
0.22963568,1.117072714
0.230011436,1.154225243
0.23045254,1.119080766
0.230991668,1.117187527
0.231367424,1.169764612
0.233834341,1.115703413
0.233997713,1.167434373
0.234389806,1.113818209
0.234585852,1.129371222
0.235974514,1.160134486
0.237183467,1.158970936
0.237216141,1.163797233
0.237265153,1.136701687
0.238163699,0.979523928
0.238931547,1.157242091
0.239094919,1.167998805
0.2401405,1.140493169
0.240238523,1.138414962
0.240924686,1.163012793
0.241496488,1.118567864
0.241610848,1.141721372
0.242346022,1.152105296
0.242738115,1.113260721
0.242836138,1.154975983
0.243914393,1.129023331
0.244355497,1.152129613
0.244404509,1.128719547
0.244502532,1.148320589
0.244535207,1.168346748
0.244682241,1.1106955
0.246822415,1.131367892
0.247002124,1.061642632
0.247443228,1.133929186
0.247688286,1.167241455
0.248194739,1.165601361
0.248456135,1.153082735
0.248668518,1.13504815
0.249044274,1.143502201
0.249714099,1.137038163
0.249746773,1.120165691
0.249926483,1.1130514
0.250514622,1.155361247
0.250514622,0.8277882
0.250792354,0.957602657
0.250792354,0.957602657
0.250841366,1.141772828
0.251429505,1.143937157
0.252687469,1.139956628
0.25280183,1.12497971
0.253520667,1.160208873
0.25402712,1.135574405
0.254909329,1.094856348
0.255170724,1.165950327
0.255219735,1.123161492
0.256150956,1.155467489
0.257866362,1.124950186
0.258013397,1.130231242
0.259238686,1.133805334
0.259385721,1.111366946
0.260235256,1.15350946
0.260921418,1.11595879
0.261444208,1.125728062
0.264074498,1.086726067
0.264139846,1.156791019
0.267962751,1.126050223
0.268338507,1.115930678
0.269906878,1.158237856
0.270053913,1.12809489
0.270135599,1.116091216
0.270511354,1.133217032
0.27118118,1.144363039
0.27118118,1.147754686
0.272896586,1.113057582
0.273435713,1.121814781
0.273468388,1.115439557
0.273762457,1.130922557
0.275739258,1.115936788
0.277176932,1.126794623
0.278108152,1.108684709
0.278598268,1.157333749
0.279562163,1.116282713
0.27987257,1.142887479
0.280820127,1.109910341
0.281326581,1.119561701
0.283434079,1.10551677
0.284463323,1.10981545
0.287240647,1.120316236
0.287583728,1.14366575
0.287616403,1.109190791
0.287975821,1.122800291
0.288286228,1.123962599
0.288482274,1.100548855
0.288661983,1.10882501
0.289446169,1.149921501
0.290916517,1.149069823
0.290916517,1.107939272
0.292403202,1.08878396
0.292435876,1.146597536
0.292452214,1.124471254
0.293154713,1.102179715
0.293187388,1.154596388
0.294004248,1.159111807
0.294102271,1.140362681
0.29428198,1.101298554
0.294739422,1.092941176
0.295082503,1.108652351
0.29562163,1.154087851
0.295899363,1.107305984
0.297042967,1.118178416
0.297304362,1.141782671
0.297598432,1.110118791
0.29766378,1.103382262
0.298317268,1.145768979
0.299738605,1.108959305
0.300849534,1.152009182
0.300996569,1.098538193
0.301061918,1.110707866
0.301486685,1.10865002
0.301829766,1.082006021
0.302074824,1.102869836
0.302189185,1.150487069
0.303218428,1.117986942
0.304296684,1.107972093
0.305129881,1.107608134
0.306469531,1.116239389
0.307449763,1.05292402
0.30776017,1.105303088
0.307988891,1.096302264
0.309687959,1.109132152
0.309736971,1.149160623
0.310031041,1.103098817
0.310161738,1.108916966
0.310521157,1.110462631
0.311043947,1.105368766
0.311289005,1.105594801
0.311730109,1.109619324
0.312906388,1.154545489
0.313968306,1.142641094
0.314948538,1.154622308
0.314964875,1.105249656
0.3156347,1.152468778
0.315716386,1.114175291
0.317382781,1.100300112
0.318003594,1.132788367
0.318183303,1.100862192
0.318444699,1.153192246
0.319931384,1.11006194
0.320241791,1.13628819
0.320356151,1.107960462
0.320584872,1.114063388
0.320601209,1.105211235
0.320731907,1.157210744
0.321074988,1.114410652
0.321156674,1.099989768
0.321173011,1.023737318
0.321793825,1.10548637
0.321842836,1.031122754
0.322823068,1.104496955
0.323198824,1.111064822
0.323819637,1.102828612
0.324195393,1.110023258
0.324342428,1.103580994
0.324832544,1.103482131
0.325420683,1.122545245
0.325518706,1.103720835
0.32555138,1.11262364
0.326711322,1.137602646
0.327021728,1.117398082
0.327038066,1.148586136
0.327136089,1.109204818
0.327805914,1.151194412
0.328377716,1.11540099
0.329080216,1.094878027
0.329799052,1.151248855
0.331530796,1.112181407
0.331939226,1.104349996
0.332118935,1.110933033
0.333066492,1.153272412
0.333344225,1.155459805
0.333376899,1.121379227
0.333997713,1.147454582
0.334177422,1.145230747
0.335631433,1.149868732
0.335843816,1.079118934
0.335876491,1.108331055
0.335958177,1.147160985
0.336088874,1.13863128
0.336677014,1.127789512
0.336905734,1.15375873
0.33716713,1.147943795
0.339258291,1.150648496
0.339830093,1.14726599
0.340222186,1.153703629
0.340238523,1.154487223
0.340761314,1.085001875
0.340777651,1.108219006
0.342215324,1.115354938
0.342427708,1.104779511
0.342721777,1.14866957
0.342868812,1.150005826
0.343097533,1.11532679
0.343228231,1.027526542
0.343244568,1.118390408
0.344584218,1.112797722
0.346021892,1.112957402
0.346152589,1.143065711
0.346250613,1.106953565
0.346920438,1.118840016
0.347639275,1.115960287
0.347884333,1.099713006
0.348439797,1.118098067
0.348521483,1.113356688
0.349060611,1.111311124
0.349272995,1.143372586
0.349583401,1.115228765
0.350122529,1.109435997
0.350383924,1.115213397
0.350612645,1.11691379
0.350923052,1.104353222
0.352213691,1.151184932
0.352458749,1.148699545
0.353684039,1.13980842
0.353978108,1.150942519
0.354419213,1.154142309
0.354533573,1.141419262
0.355138049,1.142439765
0.355170724,1.148202838
0.355873223,1.14690389
0.355905898,0.920274817
0.356020258,1.106563022
0.356150956,1.115008076
0.356412351,1.108497958
0.356543049,1.10950855
0.357212874,1.151586766
0.358650547,1.117893767
0.359777814,1.112190348
0.360186244,1.13879808
0.361264499,1.141496397
0.36201601,1.13742197
0.362898219,1.156897596
0.363339324,1.12946539
0.363470021,1.138272925
0.363731416,1.097970317
0.364564614,1.103693311
0.364956706,1.142106924
0.365936938,1.142397221
0.367652344,1.10786682
0.367717693,1.120289783
0.36814246,1.116077713
0.368191472,1.107701841
0.369024669,1.103163717
0.371393563,1.113340642
0.372030714,1.121060399
0.372471818,1.158327152
0.372863911,1.11730859
0.373468388,1.077571604
0.374530306,1.12259649
0.374611992,1.113203208
0.374938736,1.103980047
0.375020421,1.120134852
0.375559549,1.041866139
0.375575886,1.114835111
0.375853619,1.113814612
0.37590263,1.115116877
0.376245711,1.107471555
0.37631106,1.144638877
0.376507107,1.116656347
0.376670479,1.144399089
0.37753635,1.132683904
0.377895769,1.116788424
0.378369547,1.15911711
0.378500245,1.104961988
0.379954256,1.004510684
0.380248325,1.123450276
0.380264663,1.100481428
0.380313674,1.11406357
0.381065185,1.118092645
0.381391929,1.105564102
0.382225127,1.105000337
0.382339487,1.116312578
0.383760823,1.106674525
0.384724718,1.117635515
0.38488809,1.116371384
0.384937102,1.117009834
0.385427218,1.126443333
0.386440124,1.132627089
0.386946577,1.14828878
0.387077275,1.147670493
0.387779775,1.15571473
0.388890704,1.10831898
0.391733377,1.067551885
0.392501225,1.11520083
0.392925992,1.105240881
0.39317105,1.13145514
0.393236399,1.103261799
0.393399771,1.14520282
0.393514132,1.115304981
0.393971573,1.100762667
0.394739422,1.113632089
0.394951805,1.138838843
0.395245875,1.11792506
0.395490933,1.142086939
0.395572619,1.117811435
0.396552851,1.135360052
0.396634537,1.103144435
0.396814246,1.141795605
0.396895932,1.124750225
0.397451397,1.103703398
0.397859827,1.147006962
0.398268257,1.122132782
0.398676687,1.113160164
0.398693024,1.099302042
0.398987094,1.097893698
0.399575233,1.123598372
0.399836628,1.142042769
0.400081686,1.097172911
0.400735174,1.101543119
0.400767848,1.15302652
0.402221859,0.942640208
0.402352557,1.112547361
0.402368894,1.103809613
0.402548603,1.098860417
0.403022382,1.132977966
0.403087731,1.10326483
0.403626858,1.046985661
0.403855579,1.100029705
0.404035288,1.101077057
0.40437837,1.106035528
0.404460056,1.092591342
0.404852148,1.095658352
0.404933834,1.15440107
0.405097206,1.098631314
0.405358602,1.090056949
0.405570985,1.115171224
0.405701683,1.147072589
0.406159124,1.100759996
0.406355171,1.108688489
0.406796275,1.102225305
0.407433426,1.100623479
0.407515112,1.154342472
0.407596798,1.099959417
0.407629472,1.099171294
0.407825519,1.055779218
0.408364646,1.0991431
0.408544355,1.053789621
0.409001797,1.110538786
0.409736971,1.11788193
0.410994935,1.09788094
0.412236563,1.103261407
0.412563307,1.123480121
0.412612318,1.102588131
0.412971737,1.144646337
0.413265806,1.137150227
0.41359255,1.118418474
0.413706911,1.117867773
0.413739585,1.138419612
0.414033655,1.113778435
0.41440941,1.079058819
0.414442085,1.122941828
0.414834177,1.114980183
0.415749061,1.097778347
0.41604313,1.114623862
0.416582258,1.105150853
0.416663944,1.097214329
0.418559059,1.108528843
0.418706094,1.144881379
0.41890214,1.085161355
0.418983826,1.10769579
0.419490279,1.090890049
0.420078419,1.106843595
0.420143767,1.096426713
0.420209116,1.137286532
0.420274465,1.103954746
0.420339814,1.12077994
0.420846267,1.081096782
0.420960627,1.109072162
0.421516092,1.116101631
0.422022545,1.137814311
0.422283941,1.115033587
0.422708708,1.140943243
0.423476556,1.081168129
0.423656265,1.110380581
0.423966672,1.125426978
0.424440451,1.144434503
0.424652835,1.096763295
0.424669172,1.084364425
0.425191962,1.075751199
0.425191962,1.097411434
0.425240974,1.11418255
0.425388008,1.105220853
0.425388008,1.096338446
0.425616729,1.07885672
0.425796438,1.076416409
0.426025159,1.09271143
0.42625388,1.077781506
0.426613298,1.084752376
0.426907368,1.118452512
0.427054403,1.100850491
0.427315798,0.988422362
0.427381147,1.09180783
0.427952949,1.131440794
0.428099984,1.121191364
0.428165332,1.146529185
0.428328704,1.124949538
0.428328704,1.080994063
0.428802483,1.1014733
0.428851495,1.133193577
0.428867832,1.146931751
0.428884169,1.097826235
0.429374285,1.103966014
0.429504983,1.145551843
0.429717366,1.115422772
0.429864401,1.106221992
0.430583238,1.138625432
0.430697598,1.077717294
0.430991668,1.084629806
0.43115504,1.078537115
0.43115504,1.137832988
0.431514458,1.076078611
0.431661493,1.076269079
0.431759516,1.099826589
0.433589283,1.069261751
0.433752655,1.068626604
0.433932364,1.078723397
0.434144748,1.081634404
0.434618526,1.103633516
0.435092305,1.06595037
0.435157654,1.09240671
0.435321026,1.102415697
0.435386375,1.09698834
0.435615096,1.149370911
0.435843816,1.066191026
0.435974514,1.11663233
0.437297827,1.135163949
0.437477536,1.074357181
0.437510211,1.100458584
0.437722594,1.084017719
0.43798399,1.076034627
0.438065676,1.066743841
0.438065676,1.13828874
0.438376082,1.092414644
0.438457768,1.126148415
0.438588466,1.08223252
0.439013233,1.103419187
0.439013233,1.075412273
0.439176605,1.086029473
0.439290966,1.140402638
0.439307303,1.083070551
0.439388989,1.103756538
0.439454338,1.097015915
0.439536024,1.102217318
0.439977128,1.088391899
0.440091488,1.096211138
0.440352884,1.064823508
0.440369221,1.081109983
0.440450907,1.069190655
0.440614279,1.067970391
0.440761314,1.090184238
0.440843,1.064515931
0.441022709,1.146298325
0.441104395,1.093993479
0.441120732,1.078147479
0.441153406,1.074692356
0.441218755,1.073621024
0.441496488,1.119077822
0.441725208,1.071373414
0.441741545,1.078597583
0.441855906,1.068260141
0.441872243,1.064498161
0.44188858,1.073678702
0.442035615,1.078912075
0.442166313,1.116070804
0.442198987,1.068298327
0.442231661,1.092342918
0.442444045,1.080399463
0.442623754,1.062974371
0.442754452,1.084838496
0.442787126,1.06384193
0.442836138,1.118410148
0.442917824,1.068791872
0.442917824,1.131783268
0.442966835,1.096470264
0.443081196,1.118472726
0.443146545,1.086090373
0.443473289,1.071065453
0.443473289,1.085930202
0.443603986,1.071239569
0.443751021,1.116278824
0.444045091,1.095726517
0.444355497,1.0949552
0.444371835,1.076678283
0.444388172,1.095094765
0.444420846,1.06580585
0.444420846,1.091819282
0.444616893,1.086721541
0.444649567,1.068766171
0.444682241,1.112131982
0.444910962,1.080304333
0.444927299,1.06481312
0.444992648,1.114219358
0.445074334,1.065806909
0.445107009,1.067227367
0.445270381,1.083999365
0.445303055,1.085177326
0.445319392,1.085709275
0.445352067,1.073192445
0.445368404,1.083458782
0.445482764,1.07410212
0.445531776,1.139131494
0.445580787,1.097708127
0.445678811,1.07397982
0.445695148,1.07691542
0.445760497,1.100256517
0.445825845,1.100388098
0.445874857,1.108713108
0.445989217,1.109963845
0.446070903,1.074896329
0.44626695,1.07949569
0.446512008,1.094045273
0.446577357,1.069518245
0.446577357,1.069518245
0.446724391,1.096123108
0.446757066,1.072957031
0.446806077,1.078858134
0.446838752,1.071379545
0.446855089,1.074039149
0.446953112,1.097656791
0.447132821,1.094246292
0.447181833,1.083630327
0.447426891,1.105653603
0.447508577,1.086958228
0.447590263,1.081694693
0.447622937,1.077925755
0.447671949,1.079836252
0.447802647,1.090076993
0.447998693,1.090379973
0.448129391,1.098891993
0.448390786,1.080030933
0.448537821,1.108818587
0.448652181,1.077112189
0.448668518,1.078057604
0.448733867,1.090166125
0.448799216,1.133564245
0.448848227,1.089922461
0.448848227,1.001257026
0.448913576,1.1318512
0.449011599,1.086192345
0.449109623,1.089283791
0.449387355,1.086296257
0.449420029,1.0931116
0.449485378,1.082952866
0.449746773,1.083754067
0.449763111,1.082794231
0.449828459,1.097844743
0.449877471,1.085786663
0.449893808,1.075544402
0.449926483,1.09329599
0.450204215,1.090491682
0.450236889,1.080661233
0.450269564,1.076470865
0.450269564,1.076470865
0.450285901,1.12233822
0.450481947,1.109692618
0.450498285,1.083223064
0.450547296,1.074408706
0.450710668,1.071750213
0.45075968,1.09091195
0.45075968,1.079280052
0.451037412,1.08397755
0.451037412,1.096345272
0.451070087,1.094038759
0.451151773,1.071823088
0.451298807,1.086863569
0.451445842,1.097338051
0.451609214,1.125299002
0.451625551,1.075268587
0.451756249,1.104732711
0.451805261,1.079267114
0.451805261,1.079577499
0.451935958,1.091879375
0.452344388,1.078272172
0.452360725,1.08282985
0.452360725,1.091866539
0.4523934,1.076367708
0.452654795,1.065945299
0.452654795,1.10045228
0.45291619,1.106947272
0.453030551,1.102304063
0.453030551,1.068868141
0.453079562,1.078112542
0.453177585,1.08424564
0.453177585,1.073733174
0.453308283,1.083423864
0.453373632,1.112707138
0.453602353,1.077225024
0.453716713,1.086018831
0.45373305,1.096163204
0.453782062,1.113350772
0.453847411,1.06543209
0.453880085,1.076933161
0.453896422,1.094648166
0.454010783,1.121438165
0.454125143,1.067812023
0.454337527,1.080768234
0.454353864,1.088570253
0.454468224,1.085089512
0.454484561,1.092520636
0.454500899,1.097264118
0.454566247,1.103221102
0.454647933,1.075906009
0.454696945,1.072301519
0.454696945,1.075103363
0.454696945,1.08438915
0.454762294,1.084460104
0.454762294,1.091551801
0.454974677,1.08997192
0.455056363,1.069836513
0.455089038,1.097958944
0.455105375,1.108060468
0.455121712,1.068451029
0.45525241,1.110548553
0.455383107,1.106467027
0.455383107,1.088069782
0.455464793,1.070218606
0.455513805,1.106519836
0.455530142,1.089760116
0.45566084,1.09064374
0.455807875,1.083335383
0.455840549,1.081612885
0.455938572,1.083730565
0.455987584,1.114334698
0.456134619,1.096544837
0.456199967,1.107127301
0.456216305,1.075967881
0.456232642,1.093702307
0.456265316,1.071934264
0.456347002,1.083236434
0.456363339,1.084486364
0.456428688,1.08945725
0.456445025,1.117215084
0.456559386,1.067575685
0.456608397,1.107412765
0.456673746,1.080420263
0.456706421,1.097803942
0.456722758,1.073036544
0.456935141,1.086579732
0.456951479,1.092817107
0.457016827,1.095553457
0.457016827,1.0922303
0.457033165,1.087746784
0.457049502,1.091509208
0.457082176,1.083518186
0.457180199,1.080220328
0.45729456,1.080937656
0.457588629,1.087341557
0.457621304,1.08578186
0.457850025,1.083595857
0.457964385,1.092609199
0.457980722,1.076905586
0.458307466,1.09021184
0.458470838,1.090515316
0.45851985,1.088507232
0.458552524,1.08875448
0.458715896,1.081277115
0.458993628,1.086921646
0.459124326,1.097984825
0.459140663,1.08972627
0.459222349,1.115172837
0.459353047,1.070274563
0.459353047,1.073147159
0.459467407,1.080651637
0.459532756,1.087972814
0.459549093,1.093620822
0.45956543,1.092152499
0.459614442,1.084878105
0.459614442,1.118055953
0.459630779,1.093929152
0.459663454,1.086705803
0.459728802,1.097821759
0.459777814,1.083864112
0.459810488,1.085957876
0.459826826,1.081886756
0.459941186,1.080014979
0.460039209,1.077891195
0.460071884,1.089192802
0.460120895,1.091939331
0.460120895,1.091202645
0.460186244,1.091385943
0.460202581,1.077445327
0.460333279,1.072476442
0.460349616,1.073910651
0.460398628,1.087852919
0.460414965,1.085730166
0.460463976,1.078831128
0.460529325,1.076886171
0.460545662,1.086094417
0.460627348,1.095701807
0.460758046,1.072891719
0.460823395,1.069392964
0.460888744,1.094074052
0.460921418,1.080872668
0.460937755,1.073638424
0.461019441,1.077866777
0.461052116,1.077033955
0.46108479,1.096076748
0.46119915,1.086906338
0.461264499,1.08448762
0.461395197,1.075882954
0.461525894,1.100359407
0.461558569,1.101932077
0.461640255,1.085622413
0.461689266,1.097742108
0.461705604,1.075509163
0.461721941,1.087493433
0.461738278,1.095635389
0.461738278,1.083455412
0.461803627,1.091906681
0.461934324,1.090156892
0.461934324,1.082109598
0.461934324,1.076343717
0.461966999,1.084883402
0.46201601,1.086757732
0.462097696,1.082853119
0.462130371,1.06541946
0.462244731,1.069351649
0.462261068,1.079802912
0.462408103,1.082775409
0.462408103,1.091613251
0.462440778,1.076535743
0.462440778,1.075850662
0.462571475,1.068863004
0.462571475,1.09672975
0.462653161,1.06934915
0.462669498,1.08642149
0.462751184,1.085497739
0.462800196,1.077125527
0.462849208,1.083558446
0.462963568,1.090193077
0.46301258,1.139699788
0.46301258,1.066001288
0.463110603,1.093130475
0.463175952,1.075671711
0.463404672,1.095663911
0.463470021,1.088608903
0.463519033,1.08171847
0.46353537,1.093314243
0.463600719,1.083292157
0.463617056,1.078010972
0.463796765,1.093704978
0.463813102,1.096629594
0.463927463,1.076979145
0.464025486,1.076933158
0.464090835,1.093946827
0.464188858,1.09479908
0.464205195,1.086593733
0.464221532,1.095300119
0.464303218,1.073923448
0.46435223,1.129520947
0.464368567,1.096184717
0.464564614,1.085350239
0.464629962,1.076777491
0.464842346,1.083147253
0.464940369,1.0843986
0.464956706,1.087712109
0.464989381,1.074884866
0.465201764,1.092985444
0.465250776,1.08401604
0.465610194,1.126435022
0.465789904,1.080616494
0.465953276,1.082919724
0.466018624,1.066474465
0.466051299,1.091278361
0.466181996,1.085576898
0.466214671,1.083830401
0.466410717,1.108766219
0.466476066,1.101387238
0.466574089,1.091551668
0.466721124,1.090750906
0.466737461,1.100838422
0.466737461,1.083172232
0.466835484,1.081148583
0.466835484,1.085218427
0.466884496,1.0864377
0.466900833,1.08056064
0.467064205,1.100728491
0.467064205,1.092698296
0.46709688,1.083291157
0.467276589,1.101569874
0.467423624,1.063617594
0.46761967,1.132165576
0.467668682,1.10005399
0.467766705,1.0819618
0.467832054,1.127899157
0.467995426,1.109992748
0.468011763,1.0840925
0.468077112,1.087136953
0.468158798,1.104932133
0.468158798,1.082047187
0.468648914,1.065450763
0.468665251,1.085633741
0.468763274,1.073454388
0.468861297,1.076511001
0.468877634,1.108489357
0.468910309,1.085953688
0.469024669,1.070913568
0.469041006,1.086862265
0.46925339,1.127192816
0.469269727,1.114287487
0.469269727,1.09059974
0.469351413,1.085132961
0.469433099,1.112276898
0.469563797,1.142289111
0.469580134,1.067196196
0.469710832,1.062736481
0.469710832,1.075085526
0.469743506,1.0931741
0.469743506,1.062521072
0.469841529,1.11509479
0.469890541,1.065781478
0.470037576,1.09653886
0.470102924,1.071074325
0.470135599,1.10868154
0.470233622,1.142853892
0.470233622,1.095402472
0.470266296,1.069021437
0.470315308,1.091863602
0.47036432,1.078931977
0.470380657,1.079538429
0.470396994,1.086176498
0.47047868,1.087876782
0.470544029,1.110045693
0.47059304,1.078374026
0.470609378,1.105775838
0.470707401,1.093996583
0.470723738,1.105192148
0.470723738,1.122288693
0.47077275,1.081742154
0.470838098,1.082001125
0.47088711,1.08178735
0.470903447,1.080331324
0.47100147,1.090437422
0.471083156,1.082945489
0.471132168,1.081589089
0.471148505,1.081354973
0.471164842,1.083678424
0.471720307,1.092904488
0.471834668,1.079784366
0.471883679,1.085604945
0.471932691,1.115827372
0.471932691,1.137275406
0.471981702,1.102340449
0.472063388,1.096562515
0.472096063,1.074784866
0.472145074,1.102074265
0.472145074,1.084295747
0.472275772,1.087054247
0.472292109,1.093896506
0.472357458,1.084947065
0.472488156,1.079522868
0.472553504,1.089229687
0.472569842,1.100760493
0.472618853,1.081876945
0.472667865,1.090648547
0.472700539,1.081576321
0.472798562,1.08541467
0.472847574,1.084628121
0.472912923,1.080007381
0.473125306,1.073917949
0.473125306,1.083253324
0.473190655,1.083348666
0.473190655,1.091413975
0.473206992,1.08550705
0.473288678,1.071043593
0.473288678,1.081514091
0.473354027,1.085326764
0.473435713,1.087095843
0.473484725,1.071513774
0.473697108,1.083720896
0.473844143,1.074908891
0.473958504,1.075275072
0.474007515,1.086062215
0.474007515,1.093574043
0.474056527,1.085303853
0.474121876,1.081201349
0.474579317,1.088054274
0.47467734,1.081874175
0.474726352,1.088637155
0.474922398,1.079417873
0.474987747,1.089838176
0.475036759,1.070704665
0.475069433,1.080854092
0.47537984,1.147943336
0.475396177,1.082136249
0.475461526,1.08675099
0.475543212,1.082470942
0.475592223,1.128508715
0.475608561,1.0907697
0.475673909,1.088788497
0.475722921,1.10582215
0.475771933,1.085045408
0.47590263,1.110618181
0.475918967,1.078865813
0.4761967,1.10277242
0.476213037,1.085401368
0.476245711,1.08164548
0.476262049,1.082166643
0.47631106,1.060836054
0.476458095,1.127781689
0.47660513,1.076735751
0.476931874,1.07143543
0.476980885,1.113447257
0.477029897,1.08547657
0.477062571,1.078462309
0.47712792,1.101662968
0.477160595,1.137071716
0.477225943,1.072755278
0.477552687,1.092049613
0.477618036,1.080305873
0.477667048,1.083473528
0.477732397,1.137900274
0.477863094,1.091475896
0.477895769,1.082595186
0.477895769,1.0673306
0.478091815,1.083630198
0.478124489,1.086506545
0.478222513,1.084491231
0.478451233,1.082163669
0.478451233,1.088033579
0.478467571,1.129175063
0.478549257,1.083082273
0.478598268,1.066397869
0.478614605,1.11612066
0.478712629,1.082594144
0.479023035,1.112079084
0.479202745,1.086848994
0.479398791,1.089104439
0.479660186,1.086753807
0.479954256,1.078384303
0.47998693,1.081328714
0.480003267,1.067602398
0.480117628,1.069392189
0.480248325,1.11733612
0.480281,1.092031573
0.480346349,1.081179009
0.480379023,1.078093015
0.48039536,1.084574701
0.48039536,1.139166443
0.480673093,1.134175051
0.48080379,1.085872332
0.48109786,1.062384219
0.481130534,1.081904939
0.481179546,1.067361384
0.481179546,1.094183513
0.481473615,1.078589643
0.481522627,1.077062645
0.48162065,1.084528014
0.481865708,1.080209359
0.481963731,1.081330872
0.481980069,1.131097382
0.482649894,1.089234191
0.482698905,1.112222001
0.482829603,1.088081438
0.482911289,1.07708462
0.483074661,1.08310546
0.483189021,1.117605908
0.48325437,1.089038672
0.483270707,1.066666961
0.483646463,1.097772009
0.483842509,1.07530409
0.483940533,1.063598996
0.483989544,1.105137752
0.484234602,1.087199763
0.484250939,1.072014869
0.484283614,1.080382741
0.484299951,1.076844426
0.484381637,1.113376565
0.484381637,1.069713157
0.484414311,1.068236585
0.484545009,1.077677716
0.484561346,1.077111186
0.484594021,1.089478741
0.484692044,1.075257261
0.484855416,1.082662595
0.484855416,1.074524249
0.484953439,1.091952177
0.485018788,1.092772375
0.485165823,1.111377755
0.48559059,1.113886286
0.486015357,1.067055657
0.486031694,1.08433545
0.486374775,1.118548651
0.486570822,1.069482687
0.486619833,1.078800733
0.486668845,1.11916862
0.48693024,1.124239199
0.487126287,1.079007449
0.487256984,1.085056076
0.487812449,1.117412421
0.487861461,1.085291539
0.487926809,1.08744855
0.488008495,1.06534075
0.488008495,1.080542575
0.488335239,1.102173622
0.488335239,1.068248411
0.48856396,1.069901104
0.488596635,1.070203443
0.488629309,1.119311623
0.489005065,1.077658115
0.489184774,1.077768287
0.489299134,1.07069011
0.489446169,1.077046014
0.489576867,1.073147792
0.489609541,1.067026337
0.489723901,1.100470482
0.48978925,1.081733797
0.490312041,1.076075508
0.490410064,1.076187267
0.490426401,1.132196833
0.490557099,1.139782528
0.490720471,1.081490642
0.490736808,1.079678151
0.490769482,1.066527876
0.490867505,1.107150741
0.490883843,1.074517958
0.49090018,1.064054108
0.491243261,1.095133726
0.491341284,1.083067778
0.491455645,1.072661035
0.491520993,1.128056167
0.491570005,1.139846763
0.491749714,1.086877819
0.491815063,1.103352003
0.491962098,1.120375149
0.492076458,1.073785246
0.492109132,1.105178242
0.492141807,1.065002605
0.492321516,1.137750191
0.492370528,1.062303156
0.492435876,1.071780256
0.49305669,1.085984716
0.493105702,1.080235264
0.493399771,1.0892341
0.493824538,1.060259193
0.494085934,1.06316814
0.494232968,1.103063292
0.49439634,1.092199203
0.494510701,1.066568146
0.494706747,1.070756
0.49480477,1.134253867
0.494821108,1.081375262
0.494886456,1.138983339
0.495000817,1.061164341
0.495131514,1.058415728
0.495278549,1.057320441
0.495311224,1.107037782
0.495360235,1.053116269
0.495376572,1.068738322
0.49539291,1.069101646
0.495850351,1.07862103
0.495948374,1.058107788
0.496095409,1.060947671
0.49643849,1.102654214
0.496993955,1.076700934
0.497222676,1.099665729
0.497337036,1.07018902
0.497337036,1.069710492
0.497337036,1.065372981
0.498840059,1.111743935
0.498954419,1.083207653
0.49947721,1.131400304
0.499542558,1.093104892
0.499542558,1.070900758
0.499852965,1.073177233
0.500081686,1.098202355
0.500277732,1.104978449
0.500571802,1.07621218
0.500669825,1.059058453
0.5007025,1.070099263
0.500735174,1.106149207
0.500767848,1.129174416
0.500882209,1.116485767
0.501437674,1.063069268
0.501503022,1.129494546
0.50151936,1.079747988
0.501780755,1.081457153
0.50192779,1.072818295
0.502025813,1.096726961
0.502319882,1.064100353
0.502368894,1.106895493
0.502434243,1.13773191
0.502957033,1.096847409
0.503349126,1.108814707
0.503594184,1.107725884
0.503594184,1.112841473
0.503741219,1.070137342
0.503920928,1.102237059
0.5040843,1.088603876
0.504182323,1.071398161
0.504754125,1.128198174
0.504770462,1.105073813
0.505146218,1.072100381
0.505227904,1.095525977
0.505472962,1.070903857
0.505652671,1.066907055
0.505685346,1.05757608
0.505897729,1.100241364
0.506077438,1.071836665
0.506093776,1.0938481
0.506453194,1.098469548
0.506485868,1.054568768
0.507172031,1.127837853
0.507253717,1.079430805
0.507253717,1.062022624
0.507564124,1.090219583
0.507678484,1.095796123
0.507858193,1.061270344
0.508201274,1.075064246
0.508299298,1.109080013
0.508348309,1.114749123
0.508397321,1.063856428
0.508413658,1.104267841
0.508446332,1.130149151
0.508838425,1.099208379
0.509050809,1.061287443
0.509442901,1.062419949
0.509573599,1.13111428
0.509638948,1.123889391
0.509867669,1.062893478
0.51032511,1.108261465
0.510374122,1.120805017
0.510978598,1.103257957
0.511011273,1.072247758
0.51114197,1.133329469
0.511370691,1.08743211
0.511632086,1.097564428
0.511713772,1.108905764
0.511762784,1.073036316
0.511893481,1.07721501
0.512154877,1.060429427
0.5122529,1.136647507
0.512465283,1.060351474
0.512514295,1.099327945
0.512857376,1.065383678
0.513282143,1.122605579
0.513298481,1.108712099
0.51359255,1.104414182
0.51359255,1.094270132
0.513739585,1.059701404
0.513853945,1.12192312
0.514376736,1.096503294
0.514736154,1.087076701
0.514801503,1.089455249
0.514964875,1.071612824
0.515062898,1.062119403
0.515258945,1.096363741
0.515405979,1.086056994
0.515422317,1.074521969
0.515977781,1.101483425
0.516222839,1.07810902
0.51674563,1.08845327
0.516794641,1.091071074
0.517121385,1.105603294
0.517219409,1.089426112
0.517301095,1.079497548
0.518215978,1.11108851
0.518264989,1.074736218
0.518281327,1.095956652
0.518297664,1.07844995
0.518559059,1.095276879
0.518934815,1.095969221
0.519016501,1.101461332
0.519326907,1.112635162
0.51960464,1.100715899
0.519702663,1.060134041
0.519964058,1.104190153
0.521025976,1.125376703
0.521499755,1.088806187
0.521908185,1.087026716
0.522332952,1.095576283
0.522937429,1.098558523
0.523002777,1.112038425
0.523100801,1.098447259
0.523264173,1.102132879
0.523884986,1.095337523
0.524015684,1.070868105
0.524032021,1.099619502
0.524538474,1.098261545
0.52462016,1.107797246
0.524750858,1.114899354
0.525404346,1.128247717
0.525747427,1.106827609
0.526351903,1.058087609
0.526417252,1.090998111
0.527332135,1.086757948
0.52759353,1.103773101
0.527838588,1.088218826
0.529455971,1.095606438
0.529504983,1.100967535
0.529978762,1.095423357
0.530093122,1.107076504
0.530926319,1.068717119
0.530942656,1.092818782
0.531318412,1.104436577
0.531318412,1.08805439
0.531351086,1.060648532
0.531579807,1.059046488
0.531841202,1.055976361
0.532609051,1.097484452
0.532658062,1.105586828
0.532968469,1.110366647
0.533213527,1.09193528
0.533262539,1.119425581
0.533850678,1.102777867
0.533965038,1.097285125
0.534242771,1.125152993
0.534373468,1.101467849
0.534553178,1.097136962
0.534798236,1.079506737
0.534814573,1.110340265
0.534994282,1.087758308
0.535190328,1.067682565
0.535223003,1.102845849
0.535255677,1.088943859
0.535304689,1.076345169
0.535696782,1.090545243
0.537314164,1.10136919
0.537673583,1.085598429
0.537706257,1.097913022
0.538196373,1.103202255
0.538408757,1.106068685
0.539601372,1.10301467
0.539748407,1.126108915
0.540352884,1.06116533
0.540532593,1.057835974
0.540728639,1.075795975
0.541055383,1.084401181
0.541382127,1.104949554
0.541414802,1.062976678
0.54165986,1.102046357
0.541676197,1.068217015
0.542689103,1.094733533
0.542738115,1.055889386
0.542787126,1.110943051
0.542868812,1.059956775
0.543326254,1.110802715
0.543636661,1.083917499
0.544159451,1.101760627
0.5442248,1.101209866
0.544943637,1.104277978
0.546332299,1.124089648
0.546446659,1.119059673
0.546757066,1.106407258
0.546953112,1.062777478
0.547100147,1.104070298
0.547312531,1.086482418
0.547573926,1.108084774
0.547704623,1.068212071
0.548113053,1.124790945
0.548733867,1.115098468
0.549599739,1.056220745
0.550318575,1.055936935
0.550367587,1.127392418
0.550677994,1.095399755
0.550727005,1.097336253
0.550743343,1.08917665
0.550792354,1.122826693
0.551053749,1.075501396
0.551347819,1.098621141
0.552589446,1.069613369
0.552850841,1.096262278
0.553308283,1.080940353
0.55414148,1.085887278
0.554321189,1.108970475
0.554664271,1.093995491
0.554827643,1.084882533
0.554876654,1.066317077
0.555628165,1.05325545
0.555791537,1.10793469
0.557098513,1.081318427
0.558666884,1.098570983
0.558830256,1.095239713
0.558911942,1.058931139
0.559255024,1.094241938
0.55933671,1.089596539
0.559908512,1.11711624
0.560088221,1.052974148
0.560169907,1.100271882
0.56038229,1.051191694
0.560398628,1.092247182
0.560643686,1.063689528
0.56119915,1.082701511
0.561819964,1.099754936
0.561934324,1.080129762
0.562179382,1.112130022
0.562228394,1.080967823
0.562685836,1.064426343
0.56271851,1.095600541
0.562881882,1.109509177
0.563715079,1.105429702
0.56446659,1.069499482
0.564499265,1.088310188
0.564711648,1.094979179
0.564907695,1.093549684
0.564924032,1.052388952
0.565022055,1.05364537
0.565201764,1.080592372
0.56587159,1.05637192
0.566067636,1.117910372
0.566214671,1.09666043
0.566263682,1.096569451
0.566345368,1.084071407
0.56721124,1.115708804
0.567341938,1.076129814
0.567537984,1.094053208
0.567897402,1.099081096
0.568681588,1.070428923
0.568746937,1.097865734
0.569220716,1.1090162
0.569302402,1.094269399
0.56936775,1.102136783
0.569531122,1.078804551
0.569580134,1.095794195
0.570756412,1.115384558
0.570854436,1.116626656
0.571034145,1.077564644
0.571720307,1.114052411
0.571752982,1.08395674
0.572586179,1.096040225
0.572896586,1.078940556
0.573321353,1.122701574
0.574007515,1.101714471
0.57404019,1.056855605
0.574579317,1.082087359
0.57467734,1.114255434
0.574791701,1.061596653
0.575102107,1.077985192
0.575118445,1.078635225
0.5754942,1.094318312
0.576213037,1.077239623
0.576817513,1.074764217
0.577274955,1.08591091
0.577781408,1.072057876
0.578532919,1.069154569
0.578598268,1.089970561
0.579121059,1.07943044
0.579317105,1.082732661
0.579513151,1.081219686
0.579725535,1.121663915
0.580330011,1.100514254
0.580411697,1.073169132
0.580460709,1.094629725
0.580999837,1.099662508
0.581195883,1.072319542
0.581375592,1.071547893
0.581980069,1.088800695
0.58202908,1.055238464
0.582143441,1.103335053
0.582274138,1.094548911
0.582453847,1.079478293
0.58273158,1.076652636
0.583025649,1.070594962
0.583074661,1.069975541
0.58314001,1.05180684
0.583238033,1.099799109
0.583515765,1.090111741
0.583532103,1.08095058
0.584201928,1.101434905
0.584267277,1.074342729
0.584495997,1.047677635
0.585312857,1.103574945
0.585410881,1.069987416
0.586227741,1.088857206
0.586227741,1.086450526
0.586538147,1.045902316
0.586685182,1.095092631
0.58681588,1.108856466
0.586962915,1.058806674
0.586979252,1.116111016
0.587158961,1.075139074
0.587453031,1.079310345
0.587959484,1.098548132
0.58815553,1.07438087
0.589119425,1.054496539
0.589446169,1.097176352
0.589576867,1.049662047
0.590589773,1.045275389
0.591128901,1.11119394
0.591145238,1.089269002
0.591439307,1.045584336
0.591537331,1.04762194
0.591553668,1.099777685
0.591896749,1.075475684
0.592256167,1.066586719
0.592305179,1.097224302
0.592501225,1.075163266
0.592517562,1.045730737
0.593318085,1.076196837
0.593644829,1.095133375
0.593661166,1.068695803
0.593971573,1.09910825
0.594788433,1.098817766
0.59509884,1.050793705
0.595997386,1.050492832
0.596095409,1.055142325
0.596373142,1.084126562
0.596683548,1.075025955
0.596716223,1.057039635
0.59702663,1.067625517
0.597239013,1.091584509
0.597353374,1.096133783
0.597516746,1.078674753
0.59866035,1.10668662
0.599411861,1.082544972
0.599787616,1.069758076
0.599869302,1.089918468
0.600130698,1.06699677
0.600767848,1.041566155
0.602515929,1.079617443
0.603365463,1.083518892
0.603610521,1.072912358
0.605048195,1.043110253
0.605293253,1.046355228
0.605505636,1.08257618
0.607580461,1.097536128
0.608135926,1.080032006
0.609557262,1.090673471
0.610129064,1.087608396
0.610276099,1.071527257
0.611534063,1.069278363
0.611648423,1.077559505
0.611909819,1.080832619
0.611926156,1.080256033
0.612040516,1.099378301
0.612105865,1.094419467
0.612203888,1.082418918
0.612497958,1.08319031
0.612955399,1.064958618
0.613249469,1.060650599
0.613396504,1.117406428
0.614115341,1.075272922
0.614115341,1.07139359
0.614425747,1.07738509
0.615553014,1.077748893
0.615863421,1.081919498
0.61592877,1.062429639
0.616843653,1.084496195
0.617088711,1.088171628
0.618477373,1.038675587
0.619163535,1.050112752
0.619294233,1.039130901
0.619849698,1.08894333
0.620094756,1.057500837
0.620666558,1.065194065
0.62082993,1.070701893
0.620927953,1.104402743
0.621205685,1.086272497
0.621336383,1.051943453
0.621434406,1.098866662
0.621450743,1.08441873
0.621597778,1.056535189
0.622104231,1.064523057
0.622561673,1.055856462
0.622839405,1.069425167
0.625404346,1.071333478
0.62543702,1.087140383
0.625780101,1.059584587
0.626057834,1.064908165
0.626793008,1.071102441
0.62747917,1.062756824
0.628737134,1.035564163
0.628884169,1.076951352
0.629472308,1.061744887
0.629962424,1.055268344
0.630370854,1.038311124
0.630534226,1.07514367
0.630893645,1.068737948
0.630909982,1.10493318
0.630958994,1.084426017
0.631171377,1.06208221
0.631187714,1.033639604
0.631334749,1.057916184
0.633001144,1.057219486
0.633638294,1.079771729
0.634242771,1.020827051
0.634569515,1.038433412
0.634732887,1.098202284
0.63512498,1.102240145
0.635173991,1.089437229
0.63523934,1.088242263
0.635402712,1.052021814
0.635990851,1.080235818
0.636007188,1.076841465
0.63635027,1.062677159
0.636775037,1.055154105
0.637608234,1.089502681
0.638163699,1.064033506
0.638196373,1.052186938
0.638294396,1.0710118
0.638441431,1.059471267
0.639683058,1.066644626
0.640287535,1.067555179
0.640418232,1.042850904
0.640859337,1.068586524
0.640941023,1.076737561
0.64107172,1.071148931
0.641186081,1.054832641
0.641267767,1.085446672
0.642100964,1.080314479
0.64218265,1.05173925
0.642427708,1.041798221
0.64270544,1.048705443
0.642754452,1.049591179
0.642852475,1.075205467
0.644927299,1.084450834
0.644943637,1.049565523
0.645629799,1.061035391
0.645874857,1.03189858
0.646822415,1.094524455
0.647312531,1.051585604
0.647394217,1.069376833
0.647688286,1.057383432
0.648145728,1.057752345
0.648635844,1.084124552
0.649959157,1.049134473
0.65157654,1.092155371
0.651658226,1.069461833
0.652181016,1.066012875
0.652622121,1.080688216
0.653340957,1.070416657
0.653520667,1.032722652
0.654386538,1.095760131
0.654631596,1.085057686
0.654778631,1.069283476
0.654909329,1.081282321
0.655350433,1.073843679
0.655399445,1.073731484
0.655922235,1.068592491
0.656134619,1.088970901
0.656363339,1.072158737
0.656510374,1.075281657
0.656673746,1.038998739
0.65688613,1.058819667
0.657343571,1.053130609
0.657719327,1.068453886
0.65811142,1.045436079
0.658274792,1.076859274
0.658470838,1.088460272
0.658846594,1.096778089
0.66026793,1.060269063
0.660594674,1.056635162
0.660856069,1.079131084
0.661133802,1.047270224
0.66149322,1.026594882
0.662261068,1.064816718
0.66231008,1.026555237
0.662734847,1.063968763
0.662767522,1.076635456
0.663045254,1.073442463
0.663796765,1.068150286
0.664041823,1.055352024
0.664156184,1.067713511
0.664727986,1.098128131
0.665495834,1.050610924
0.665789904,1.058295849
0.665822578,1.070298315
0.665822578,1.072997038
0.666231008,1.074849241
0.66650874,1.090836682
0.666574089,1.079882397
0.666639438,1.031411463
0.667423624,1.051511069
0.667668682,1.076104922
0.667881065,1.047572749
0.668060774,1.03240461
0.668077112,1.053539482
0.66814246,1.064868894
0.668207809,1.081398153
0.668354844,1.04883787
0.66884496,1.089567798
0.669008332,1.0433959
0.669106355,1.09365838
0.669122692,1.07658783
0.669220716,1.089888521
0.669286064,1.068629592
0.669612808,1.052492635
0.67059304,1.072271206
0.670789087,1.044729138
0.671132168,1.069969669
0.671328214,1.045764839
0.671981702,1.046818497
0.672030714,1.061844542
0.672422807,1.042777792
0.673435713,1.038533431
0.673582748,1.044062853
0.673599085,1.062614181
0.67363176,1.091606409
0.674056527,1.050283399
0.674170887,1.058491953
0.675690247,1.074350429
0.675967979,1.065119396
0.676686816,1.068979664
0.676735827,1.041513815
0.677193269,1.070057154
0.677209606,1.072697948
0.677993792,1.026016982
0.678206175,1.044902824
0.678974024,1.035835914
0.679333442,1.071845233
0.679529489,1.022146555
0.679709198,1.059524648
0.680035942,1.0230599
0.680166639,1.055288116
0.680231988,1.047759027
0.680411697,1.03685231
0.68109786,1.043797743
0.682502859,1.038446027
0.682584545,1.045445036
0.682617219,1.056382335
0.683352393,1.05190944
0.683434079,1.030802114
0.683613789,1.088843161
0.684022219,1.055999694
0.684185591,1.071693448
0.684839079,1.04469639
0.68518216,1.05641639
0.686325764,1.036651911
0.686636171,1.091640547
0.687305996,1.076931866
0.688384251,1.037566272
0.689021402,1.045284064
0.689625878,1.061727387
0.689740239,1.058551124
0.690066983,1.090644497
0.690214017,1.038440377
0.691455645,1.052155506
0.691635354,1.048953581
0.691994772,1.05394097
0.692207156,1.046780954
0.693138376,1.052665495
0.693710178,1.077252049
0.693791864,1.063251589
0.693808201,1.048820327
0.694249306,1.07093814
0.695245875,1.058451592
0.695360235,1.052489548
0.695474596,1.062374494
0.695474596,1.042596338
0.696046398,1.083807895
0.698349943,1.070452341
0.699117791,1.037793343
0.699852965,1.04934935
0.699934651,1.06688718
0.699967326,1.070884039
0.701094592,1.053423121
0.70174808,1.065121543
0.701960464,1.078845486
0.702287208,1.05710938
0.703349126,1.076670653
0.703855579,1.085152218
0.704116974,1.071546538
0.704982846,1.057804588
0.705816043,1.052694811
0.705816043,1.0459018
0.705848718,1.053207595
0.706387845,1.066989691
0.706600229,1.062988758
0.706926973,1.073588322
0.707335403,1.038855634
0.707417089,1.035050236
0.707515112,1.074249457
0.707580461,1.070152976
0.707711158,1.032999912
0.707939879,1.074715856
0.70805424,1.026223781
0.708119588,1.065625244
0.708822088,1.066471692
0.710455808,1.058681898
0.711076621,1.05826116
0.711452377,1.081251448
0.713004411,1.016029227
0.713020748,1.048654871
0.713461853,1.018602762
0.713723248,1.077980642
0.713772259,1.037241729
0.713853945,1.050539575
0.715781735,1.070475523
0.716092142,1.054580564
0.716141153,1.042906184
0.716680281,1.08448993
0.717889234,1.052799459
0.717938245,1.063795893
0.718395687,1.038084435
0.718444699,1.078995675
0.718771443,1.062000171
0.719424931,1.06778184
0.719784349,1.079676994
0.72001307,1.045928272
0.720584872,1.04534663
0.720764581,1.079446589
0.721156674,1.067924153
0.721973534,1.063156366
0.723133475,1.060643419
0.723950335,1.022239435
0.723966672,1.024335673
0.724015684,1.067815234
0.724244405,1.043483718
0.72514295,1.055494009
0.726286554,1.067873046
0.726433589,1.033924484
0.726793008,1.035290533
0.727511844,1.071467287
0.727822251,1.078948673
0.728279693,1.042738889
0.729243588,1.038263467
0.729913413,1.040676184
0.730191145,1.080165236
0.730468878,1.038842794
0.730795622,1.036742439
0.730926319,1.043357334
0.732200621,1.030228229
0.732772423,1.0677045
0.733785329,1.077408016
0.734095736,1.043383808
0.734242771,1.081397909
0.734928933,1.061991827
0.735500735,1.043417344
0.735909165,1.06399708
0.735925502,1.070660139
0.73687306,1.03489063
0.737314164,1.065320645
0.738163699,1.052307726
0.738310734,1.058942577
0.738359745,1.047928727
0.738539454,1.066349276
0.739078582,1.032261815
0.739274628,1.077556641
0.740009802,1.068387864
0.741610848,1.060298052
0.741692534,1.066319842
0.742166313,1.071806082
0.742215324,1.075070511
0.742476719,1.059497398
0.74259108,1.048285394
0.742640091,1.04976523
0.743032184,1.049734991
0.744927299,1.052526245
0.745107009,1.060403063
0.745270381,1.076390899
0.746136252,1.072489187
0.746855089,1.069418603
0.747312531,1.06639799
0.747426891,1.05749664
0.748554158,1.0081956
0.749060611,1.051102751
0.749060611,1.06318214
0.749452704,1.058740257
0.749632413,1.069457943
0.750808691,1.04379596
0.750906715,1.043329164
0.752377063,1.073105566
0.752671132,1.008553493
0.752867179,1.046816962
0.753357295,1.035930488
0.753602353,1.047887004
0.753831073,1.067433393
0.75402712,1.043713858
0.754174155,1.047423175
0.754190492,1.021144114
0.754615259,1.061080212
0.75495834,1.047541257
0.756641072,1.055694082
0.756722758,1.056824464
0.756984153,1.057060302
0.757376246,1.037725356
0.758944617,1.060640592
0.759140663,1.046559939
0.759369384,1.063103642
0.759908512,1.07058204
0.760300604,1.061723872
0.76079072,1.041108272
0.761101127,1.074929964
0.761917987,1.022773368
0.761999673,1.050453867
0.762114034,1.045894596
0.762391766,1.054015033
0.762620487,1.039859905
0.763519033,1.047130931
0.763715079,1.06123837
0.763813102,1.039733231
0.764548276,1.0552087
0.765773566,1.060165802
0.765969613,1.03910916
0.766034962,1.046420288
0.766557752,1.05390782
0.7673256,1.02876313
0.767783042,1.056259772
0.76832217,1.063388131
0.769024669,1.031691869
0.770609378,1.061282262
0.770691064,1.052890782
0.771246528,1.028467939
0.772373795,1.052672031
0.772602516,1.059445427
0.772782225,1.068476933
0.77415455,1.052979223
0.774955073,1.066174673
0.775396177,1.03728578
0.775396177,1.031473175
0.775543212,1.055150689
0.777372978,1.045916093
0.777454664,1.057704044
0.777765071,1.052283717
0.778059141,1.041625718
0.779186407,1.048649282
0.779333442,1.020768881
0.779382454,1.052151229
0.779676523,1.04644277
0.779758209,1.054527642
0.779774547,1.060402418
0.779823558,1.05688364
0.782012743,1.061881911
0.782110766,1.038455481
0.782862277,1.062767052
0.783581114,1.030867947
0.783581114,1.058053765
0.783793498,1.060989646
0.783842509,1.064856967
0.784430649,1.060532689
0.785116811,1.043750832
0.785606927,1.057305753
0.786015357,1.041415822
0.787256984,1.057781911
0.787256984,1.057377745
0.78856396,1.024344559
0.790246692,1.056657125
0.790720471,1.031941981
0.791145238,1.061367914
0.791390296,1.053485407
0.791651691,1.055216617
0.791766051,1.060348594
0.792158144,1.057572893
0.792223493,1.031546746
0.792468551,1.053892305
0.79276262,1.055066347
0.794069596,1.049182073
0.794118608,1.053786651
0.794232968,1.030712432
0.794559712,1.050665054
0.79550727,1.057979637
0.795719654,1.036453453
0.795899363,1.062598661
0.796569188,1.060796629
0.796601862,1.048752667
0.797173664,1.043044749
0.797337036,1.058533913
0.797745466,1.052243883
0.797974187,1.029239512
0.798611338,1.055625515
0.799395524,1.054481218
0.800212384,1.049755883
0.800228721,1.020069399
0.800914883,1.048615414
0.800963895,1.032643914
0.801192616,1.02351077
0.80151936,1.047501091
0.802368894,1.062574796
0.802434243,1.063031012
0.80245058,1.048478215
0.802630289,1.049673424
0.802957033,1.03718875
0.803349126,1.026265677
0.804035288,1.023622521
0.804313021,1.01972895
0.805276916,1.060311124
0.805358602,1.031514518
0.806175462,1.049235128
0.806861624,1.051116071
0.807221042,1.050715649
0.8081686,1.029114031
0.808642379,1.050560809
0.808707727,1.032274339
0.808805751,1.066509411
0.809785983,1.051508448
0.809982029,1.04735841
0.811158307,1.036763475
0.811468714,1.045376213
0.811713772,1.040412489
0.812122202,1.058210476
0.81236726,1.05670687
0.812759353,1.059176601
0.812971737,1.042624386
0.813543539,1.054350393
0.813723248,1.032690911
0.813919294,1.033915971
0.814164352,1.031760723
0.815307956,1.054230258
0.816075805,1.045900839
0.816402549,1.023457149
0.817578827,1.016634686
0.817823885,1.042847427
0.818330338,1.058932362
0.818608071,1.019481886
0.819719,1.053139681
0.819719,1.0570178
0.819768012,1.051443789
0.82001307,1.023379175
0.820552197,1.058375917
0.820960627,1.044500998
0.821123999,1.053389955
0.821303709,1.013790621
0.821401732,1.042348782
0.821810162,1.061811675
0.821810162,1.045319923
0.821859173,1.040819364
0.821875511,1.046976723
0.822283941,1.034633499
0.822398301,1.045762382
0.822790394,1.039190757
0.823345859,1.053327653
0.824277079,1.024768567
0.824293416,1.024984076
0.824309753,1.044313535
0.824669172,1.055818673
0.826025159,1.045356517
0.826613298,1.058455998
0.827397484,1.046846807
0.828083646,1.056800081
0.828361379,1.047211027
0.82841039,1.054052633
0.828475739,1.044034101
0.829276262,1.051771929
0.830158471,1.048105629
0.831579807,1.030106255
0.831743179,1.053044841
0.832135272,1.040966826
0.833278876,1.021166227
0.833572946,1.026896609
0.833670969,1.025496862
0.83412841,1.042333082
0.835173991,1.035583114
0.835615096,1.033368174
0.835974514,1.04941796
0.836039863,1.032091965
0.837118118,1.03265591
0.838441431,1.043314834
0.838849861,1.024449356
0.839372652,1.02902036
0.839634047,1.042626963
0.840352884,1.036660258
0.840565267,1.04851296
0.840728639,0.997085857
0.840777651,1.052873326
0.840826662,1.038871279
0.84125143,1.034765862
0.841529162,1.034369671
0.841904917,1.037146966
0.84218265,1.024303903
0.843636661,1.049393755
0.843767358,1.05302461
0.844371835,1.028417189
0.844616893,1.034616806
0.845188695,1.026853141
0.845629799,1.052431629
0.845825845,1.043087893
0.845891194,1.013705623
0.845940206,1.053248219
0.846038229,1.055325476
0.846495671,1.044759767
0.846528345,1.054081006
0.847149159,1.019745951
0.847214507,1.032360989
0.847230845,1.047364391
0.8476066,1.047928128
0.847671949,1.034200738
0.848390786,1.02480386
0.848390786,0.997539041
0.848619507,1.033315306
0.848684855,1.036765169
0.848962588,1.031643902
0.849272995,1.025761056
0.849436367,1.017247183
0.849681425,1.045923305
0.850269564,1.044438748
0.850792354,1.062982065
0.851249796,1.047092354
0.851266133,1.040864544
0.851315145,1.037081221
0.851429505,1.044557948
0.851511191,1.028233371
0.851723575,1.036804875
0.852328051,1.034179759
0.853602353,1.054086107
0.85402712,1.035897525
0.854092469,1.0471362
0.854288515,1.047446812
0.854696945,1.037164232
0.85495834,1.02566092
0.855170724,1.046632952
0.855922235,1.048043927
0.856412351,1.031820518
0.856657409,1.045023932
0.85740892,1.027050451
0.857899036,1.028662169
0.858977291,1.043771954
0.859287698,1.042956618
0.859728802,1.050228532
0.859810488,1.058848128
0.86026793,1.011387099
0.860545662,1.035653592
0.861313511,1.037328958
0.861950662,1.031341839
0.862408103,1.052741688
0.862473452,1.029017081
0.862489789,1.048667517
0.862538801,1.050375985
0.862734847,1.050782736
0.862914556,1.049365456
0.86405816,1.033119611
0.864188858,1.045309957
0.865022055,1.034393892
0.865299788,1.040662533
0.866345368,1.045814603
0.866770136,1.047129539
0.866998856,1.049403316
0.867015194,1.046222447
0.867570658,1.044672071
0.869090018,1.051586263
0.869171704,1.023619386
0.86936775,1.016476053
0.870838098,1.032138742
0.87100147,1.038026497
0.871540598,1.035051881
0.871573272,1.00720051
0.871932691,1.027387296
0.872553504,1.046659259
0.872912923,1.047392823
0.87304362,1.028378095
0.87456298,1.026872369
0.874611992,1.040402933
0.874808038,1.034001286
0.875151119,1.029772265
0.876931874,1.047361231
0.877111583,1.016879328
0.877732397,1.030064425
0.878091815,1.032607681
0.880885476,1.031711346
0.881375592,1.045305823
0.881440941,1.024654099
0.881800359,1.024798186
0.882061755,1.042588482
0.882780591,1.040598541
0.884675707,1.028349037
0.884839079,1.031109305
0.886309427,1.029645685
0.886554485,1.043378434
0.886603496,1.04365114
0.887600065,1.040468959
0.888874367,1.029784991
0.889331809,1.017265316
0.889331809,1.030145193
0.889462506,1.007803592
0.890246692,1.024879162
0.89090018,1.039803049
0.892174481,1.029653528
0.894134945,1.039701509
0.894183957,1.03120438
0.894298317,1.04630785
0.895376572,1.028504713
0.895523607,0.99956542
0.896422153,1.043768723
0.896487502,1.038302298
0.896536514,1.015466289
0.896667211,1.026426716
0.897304362,1.029296114
0.897631106,1.020462107
0.898464303,1.028922034
0.899085117,1.017949284
0.900212384,1.026870855
0.90029407,1.040903899
0.90204215,1.01492279
0.903773893,1.021347416
0.904460056,1.028148791
0.90490116,1.031125432
0.90519523,1.025413411
0.906992322,1.036623056
0.907400752,1.041178223
0.907711158,1.000679068
0.907858193,1.029399728
0.91195883,1.029973105
0.91277569,1.018498444
0.913674236,1.024102197
0.914442085,1.021293008
0.914866852,1.027492932
0.914997549,1.03488853
0.915683712,1.031872032
0.916761967,1.019721986
0.916827316,1.016762959
0.917889234,1.047413919
0.920666558,1.005308921
0.920764581,1.035949867
0.920846267,1.028659201
0.921401732,1.028236583
0.922136906,1.021065413
0.922300278,1.018482318
0.922708708,1.033898917
0.92368894,1.02089158
0.923770626,1.005634603
0.924293416,1.032876051
0.924326091,1.005532647
0.925633066,1.016989493
0.925976148,1.028418987
0.927038066,1.014946045
0.927462833,1.019563653
0.92777324,1.015410351
0.929423297,1.010584489
0.930158471,1.013506008
0.931906551,1.009214356
0.933033818,1.012739162
0.933867015,0.999026301
0.9353537,1.015727679
0.937542885,1.003510714
0.940826662,1.014486842
0.940990034,1.014411673
0.941137069,1.017474507
0.950677994,1.040790267
0.951625551,1.018011999
0.959075314,1.012693823
0.962996242,1.009382188
0.965299788,1.014787694
0.965822578,1.013530283
0.970233622,1.01426951
0.981310243,0.995702298
0.990704133,1.008424681
1,1.000000435
