Qin(MMBtu/h),Qch(MMBtu/h)
0,0
0,0
0,0
0,0
0,0
0,0
0,0
0,0
0,0
0,0
0,0
0,0
0,0
0,0
0,0
0,0
0,0
0,0
0,0
0,0
0,0
0,0
0,0
0,0
0,0
0,0
0,0
0,0
0,0
0,0
0,0
0,0
0,0
0,0
0,0
0,0
0,0
0,0
0,0
0,0
0,0
0,0
0,0
0,0
0,0
0,0
0,0
0,0
0,0
0,0
0,0
0,0
0,0
0,0
0,0
0,0
0,0
0,0
0,0
0,0
0,0
0,0
0,0
0,0
0,0
0,0
0,0
0,0
0,0
0,0
0,0
0,0
0,0
0,0
0,0
0,0
0,0
0,0
0,0
0,0
0,0
0,0
0,0
0,0
0,0
0,0
0,0
0,0
0,0
0,0
0,0
0,0
0,0
0,0
0,0
0,0
0,0
0,0
0,0
0,0
0,0
0,0
0,0
0,0
0,0
0,0
0,0
0,0
0,0
0,0
0,0
0,0
0,0
0,0
0,0
0,0
0,0
0,0
0,0
0,0
0,0
0,0
0,0
0,0
0,0
0,0
0,0
0,0
0,0
0,0
0,0
0,0
0,0
0,0
0,0
0,0
0,0
0,0
0,0
0,0
0,0
0,0
0,0
0,0
0.82201598,0.624489928
0.81270179,0.617489346
0.811976681,0.61696444
0.811666757,0.616747051
0.811238643,0.616436879
0.810728534,0.616062272
0.810164232,0.61564511
0.911041238,0.691982264
0.829242028,0.629860737
0.828324491,0.629189632
0.829320191,0.62995552
0.829467519,0.630076551
0.829209381,0.629889117
0.850734722,0.645964883
0.799842072,0.607761162
0.809289223,0.614919607
0.807535975,0.613626111
0.8058745,0.612397221
0.80511293,0.611841956
0.904125177,0.686716097
0.823043566,0.625207726
0.822719234,0.624987954
0.845106509,0.641718681
0.795119984,0.604218843
0.805744127,0.612265062
0.804475757,0.611337941
0.803022347,0.610266114
0.802318802,0.609754563
0.802032374,0.609552984
0.801932839,0.60948866
0.80197265,0.609526468
0.802297732,0.609776717
0.802772156,0.61013738
0.803306535,0.610541488
0.803874259,0.610969354
0.804445542,0.611398915
0.805010878,0.611823277
0.807059442,0.613363248
0.808652158,0.614557887
0.809769286,0.615393439
0.810846653,0.616198882
0.811878833,0.616970237
0.812878259,0.617716946
0.809971064,0.615522788
0.79620917,0.605168715
0.791254582,0.601460525
0.790607194,0.600993374
0.792042355,0.602087936
0.794603486,0.604023373
0.797993398,0.606576491
0.801829473,0.609460085
0.806001237,0.612592011
0.810314482,0.615827049
0.814657093,0.61908168
0.819064977,0.622383761
0.823289026,0.625546333
0.827416031,0.628635494
0.831526782,0.631712593
0.835575838,0.634743598
0.839603829,0.637759353
0.84302538,0.640318449
0.675167054,0.51415957
0.713755905,0.54357435
0.731749465,0.557337866
0.929217727,0.706703429
0.889873549,0.676670046
0.87668971,0.666702105
0.693734026,0.528889847
0.72689741,0.554063237
0.74206595,0.56558787
0.939500727,0.715087364
0.898038922,0.68323332
0.883795017,0.672358898
0.69957976,0.533471206
0.733427973,0.559125265
0.748623728,0.570642411
0.946569044,0.720646155
0.903996553,0.687854322
0.889511568,0.676762482
0.704450584,0.537163275
0.73874306,0.563093771
0.754166851,0.574735024
0.952815239,0.725293808
0.909087353,0.691515377
0.893929395,0.679862809
0.708106245,0.539725305
0.742780134,0.565965567
0.758018421,0.577494034
0.95634194,0.727871718
0.91123729,0.693047023
0.895167787,0.680719586
0.709115408,0.540432887
0.744042975,0.566870628
0.759155221,0.578311443
0.956432806,0.727900888
0.909768554,0.69189408
0.892750189,0.678855907
0.707514182,0.539210687
0.743017077,0.566087353
0.758392667,0.577729134
0.954446339,0.726356855
0.906450777,0.68935524
0.88879686,0.675845491
0.98472695,0.749566649
0.984861327,0.749616672
0.921729046,0.700804636
0.891672782,0.67784284
0.880287131,0.669200026
0.875793895,0.665808236
0.695845486,0.530300471
0.732314588,0.557945123
0.748886471,0.57050941
0.939719842,0.714942558
0.887338481,0.674760652
0.865424827,0.658087188
0.853798711,0.649272887
0.844951194,0.642581691
0.83670288,0.636354935
0.831870977,0.632557184
0.827991173,0.629383925
0.824601273,0.626655988
0.98554064,0.749499818
0.985479603,0.749572376
0.896235655,0.680994252
0.85676087,0.651112048
0.844436621,0.641877943
0.840207258,0.638756682
0.837949777,0.637100554
0.836516552,0.636047689
0.835277053,0.635136517
0.834113531,0.634278896
0.833000378,0.633456259
0.832110741,0.632654872
0.831483904,0.631958046
0.830811174,0.631288509
0.830092504,0.630629793
0.829340224,0.629978935
0.828555844,0.629328108
0.827760679,0.628686833
0.826923968,0.628062647
0.826051852,0.627443327
0.825237862,0.626858791
0.824462623,0.62629696
0.823666686,0.62571466
0,0
0,0
0,0
0,0
0,0
0,0
0,0
0,0
0,0
0,0
0,0
0,0
0,0
0,0
0,0
0,0
0,0
0,0
0,0
0,0
0,0
0,0
0,0
0,0
0,0
0,0
0,0
0,0
0,0
0,0
0,0
0,0
0,0
0,0
0,0
0,0
0,0
0,0
0,0
0,0
0,0
0,0
0,0
0,0
0,0
0,0
0,0
0,0
0,0
0,0
0,0
0,0
0,0
0,0
0,0
0,0
0,0
0,0
0,0
0,0
0,0
0,0
0,0
0,0
0,0
0,0
0,0
0,0
0,0
0,0
0,0
0,0
0,0
0,0
0,0
0,0
0,0
0,0
0,0
0,0
0,0
0,0
0,0
0,0
0,0
0,0
0,0
0,0
0,0
0,0
0,0
0,0
0,0
0,0
0,0
0,0
0,0
0,0
0,0
0,0
0,0
0,0
0,0
0,0
0,0
0,0
0,0
0,0
0,0
0,0
0,0
0,0
0,0
0,0
0,0
0,0
0,0
0,0
0,0
0,0
0,0
0,0
0,0
0,0
0,0
0,0
0,0
0,0
0,0
0,0
0,0
0,0
0,0
0,0
0,0
0,0
0,0
0,0
0,0
0,0
0,0
0,0
0,0
0,0
0,0
0,0
0,0
0,0
0,0
0,0
0,0
0,0
0,0
0,0
0,0
0,0
0,0
0,0
0,0
0,0
0,0
0,0
0,0
0,0
0,0
0,0
0,0
0,0
0,0
0,0
0,0
0,0
0,0
0,0
0,0
0,0
0,0
0,0
0,0
0,0
0,0
0,0
0,0
0,0
0,0
0,0
0,0
0,0
0,0
0,0
0,0
0,0
0,0
0,0
0,0
0,0
0,0
0,0
0,0
0,0
0,0
0,0
0,0
0,0
0,0
0,0
0,0
0,0
0,0
0,0
0,0
0,0
0,0
0,0
0,0
0,0
0,0
0,0
0,0
0,0
0,0
0,0
0,0
0,0
0,0
0,0
0,0
0,0
0,0
0,0
0,0
0,0
0,0
0,0
0,0
0,0
0,0
0,0
0,0
0,0
0,0
0,0
0,0
0,0
0,0
0,0
0,0
0,0
0,0
0,0
0,0
0,0
0,0
0,0
0,0
0,0
0,0
0,0
0,0
0,0
0,0
0,0
0,0
0,0
0,0
0,0
0,0
0,0
0,0
0,0
0,0
0,0
0,0
0,0
0,0
0,0
0,0
0,0
0,0
0,0
0,0
0,0
0,0
0,0
0,0
0,0
0,0
0,0
0,0
0,0
0,0
0,0
0,0
0,0
0,0
0,0
0,0
0,0
0,0
0,0
0,0
0,0
0,0
0,0
0,0
0,0
0,0
0,0
0,0
0,0
0,0
0,0
0,0
0,0
0,0
0,0
0,0
0,0
0,0
0,0
0,0
0,0
0,0
0,0
0,0
0,0
0,0
0,0
0,0
0,0
0,0
0,0
0,0
0,0
0,0
0,0
0,0
0,0
0,0
0,0
0,0
0,0
0,0
0,0
0,0
0,0
0,0
0,0
0,0
0,0
0,0
0,0
0,0
0,0
0,0
0,0
0,0
0,0
0,0
0,0
0,0
0,0
0,0
0,0
0,0
0,0
0,0
0,0
0,0
0,0
0,0
0,0
0,0
0,0
0,0
0,0
0,0
0,0
0,0
0,0
0,0
0,0
0,0
0,0
0,0
0,0
0,0
0,0
0,0
0,0
0,0
0,0
0,0
0,0
0,0
0,0
0,0
0,0
0,0
0,0
0,0
0,0
0,0
0,0
0,0
0,0
0,0
0,0
0,0
0,0
0,0
0,0
0,0
0,0
0,0
0,0
0,0
0,0
0,0
0,0
0,0
0,0
0,0
0,0
0,0
0,0
0,0
0,0
0,0
0,0
0,0
0,0
0,0
0,0
0,0
0,0
0,0
0,0
0,0
0,0
0,0
0,0
0,0
0,0
0,0
0,0
0,0
0,0
0,0
0,0
0,0
0,0
0,0
0,0
0,0
0,0
0,0
0,0
0,0
0,0
0,0
0,0
0,0
0,0
0,0
0,0
0,0
0,0
0,0
0,0
0,0
0,0
0,0
0,0
0,0
0,0
0,0
0,0
0,0
0,0
0,0
0,0
0,0
0,0
0,0
0,0
0,0
0,0
0,0
0,0
0,0
0,0
0,0
0,0
0,0
0,0
0,0
0,0
0,0
0,0
0,0
0,0
0,0
0,0
0,0
0,0
0,0
0,0
0,0
0,0
0,0
0,0
0,0
0,0
0,0
0,0
0,0
0,0
0,0
0,0
0,0
0,0
0,0
0,0
0,0
0,0
0,0
0,0
0,0
0,0
0,0
0,0
0,0
0,0
0,0
0,0
0,0
0,0
0,0
0,0
0,0
0,0
0,0
0,0
0,0
0,0
0,0
0,0
0,0
0,0
0,0
0,0
0,0
0,0
0,0
0,0
0,0
0,0
0,0
0,0
0,0
0,0
0,0
0,0
0,0
0,0
0,0
0,0
0,0
0,0
0,0
0,0
0,0
0,0
0,0
0,0
0,0
0,0
0,0
0,0
0,0
0,0
0,0
0,0
0,0
0,0
0,0
0,0
0,0
0,0
0,0
0,0
0,0
0,0
0,0
0,0
0,0
0,0
0,0
0,0
0,0
0,0
0,0
0,0
0,0
0,0
0,0
0,0
0,0
0,0
0,0
0,0
0,0
0,0
0,0
0,0
0,0
0,0
0,0
0,0
0,0
0,0
0,0
0,0
0,0
0,0
0,0
0,0
0,0
0,0
0,0
0,0
0,0
0,0
0,0
0,0
0,0
0,0
0,0
0,0
0,0
0,0
0,0
0,0
0,0
0,0
0,0
0,0
0,0
0,0
0,0
0,0
0,0
0,0
0,0
0,0
0,0
0,0
0,0
0,0
0,0
0,0
0,0
0,0
0,0
0,0
0,0
0,0
0,0
0,0
0,0
0,0
0,0
0,0
0,0
0,0
0,0
0,0
0,0
0,0
0,0
0,0
0,0
0,0
0,0
0,0
0,0
0,0
0,0
0,0
0,0
0,0
0,0
0,0
0,0
0,0
0,0
0,0
0,0
0,0
0,0
0,0
0,0
0,0
0,0
0,0
0,0
0,0
0,0
0,0
0,0
0,0
0,0
0,0
0,0
0,0
0,0
0,0
0,0
0,0
0,0
0,0
0,0
0,0
0,0
0,0
0,0
0,0
0,0
0,0
0,0
0,0
0,0
0,0
0,0
0,0
0,0
0,0
0,0
0,0
0,0
0,0
0,0
0,0
0,0
0,0
0,0
0,0
0,0
0,0
0,0
0,0
0,0
0,0
0,0
0,0
0,0
0,0
0,0
0,0
0,0
0,0
0,0
0,0
0,0
0,0
0,0
0,0
0,0
0,0
0,0
0,0
0,0
0,0
0,0
0,0
0,0
0,0
0,0
0,0
0,0
0,0
0,0
0,0
0,0
0,0
0,0
0,0
0,0
0,0
0,0
0,0
0,0
0,0
0,0
0,0
0,0
0,0
0,0
0,0
0,0
0,0
0,0
0,0
0,0
0,0
0,0
0,0
0,0
0,0
0,0
0,0
0,0
0,0
0,0
0,0
0,0
0,0
0,0
0,0
0,0
0,0
0,0
0,0
0,0
0,0
0,0
0,0
0,0
0,0
0,0
0,0
0,0
0,0
0,0
0,0
0,0
0,0
0,0
0,0
0,0
0,0
0,0
0,0
0,0
0,0
0,0
0,0
0,0
0,0
0,0
0,0
0,0
0,0
0,0
0,0
0,0
0,0
0,0
0,0
0,0
0,0
0,0
0,0
0,0
0,0
0,0
0,0
0,0
0,0
0,0
0,0
0,0
0,0
0,0
0,0
0,0
0,0
0,0
0,0
0,0
0,0
0,0
0,0
0,0
0,0
0,0
0,0
0,0
0,0
0,0
0,0
0,0
0,0
0,0
0,0
0,0
0,0
0,0
0,0
0,0
0,0
0,0
0,0
0,0
0,0
0,0
0,0
0,0
0,0
0,0
0,0
0,0
0,0
0,0
0,0
0,0
0,0
0,0
0,0
0,0
0,0
0,0
0,0
0,0
0,0
0,0
0,0
0,0
0,0
0,0
0,0
0,0
0,0
0,0
0,0
0,0
0,0
0,0
0,0
0,0
0,0
0,0
0,0
0,0
0,0
0,0
0,0
0,0
0,0
0,0
0,0
0,0
0,0
0,0
0,0
0,0
0,0
0,0
0,0
0,0
0,0
0,0
0,0
0,0
0,0
0,0
0,0
0,0
0,0
0,0
0,0
0,0
0,0
0,0
0,0
0,0
0,0
0,0
0,0
0,0
0,0
0,0
0,0
0,0
0,0
0,0
0,0
0,0
0,0
0,0
0,0
0,0
0,0
0,0
0,0
0,0
0,0
0,0
0,0
0,0
0,0
0,0
0,0
0,0
0,0
0,0
0,0
0,0
0,0
0,0
0,0
0,0
0,0
0,0
0,0
0,0
0,0
0,0
0,0
0,0
0,0
0,0
0,0
0,0
0,0
0,0
0,0
0,0
0,0
0,0
0,0
0,0
0,0
0,0
0,0
0,0
0,0
0,0
0,0
0,0
0,0
0,0
0,0
0,0
0,0
0,0
0,0
0,0
0,0
0,0
0,0
0,0
0,0
0,0
0,0
0,0
0,0
0,0
0,0
0,0
0,0
0,0
0,0
0,0
0,0
0,0
0,0
0,0
0,0
0,0
0,0
0,0
0,0
0,0
0,0
0,0
0,0
0,0
0,0
0,0
0,0
0,0
0,0
0,0
0,0
0,0
0,0
0,0
0,0
0,0
0,0
0,0
0,0
0,0
0,0
0,0
0,0
0,0
0,0
0,0
0,0
0,0
0,0
0,0
0,0
0,0
0,0
0,0
0,0
0,0
0,0
0,0
0,0
0,0
0,0
0,0
0,0
0,0
0,0
0,0
0,0
0,0
0,0
0,0
0,0
0,0
0,0
0,0
0,0
0,0
0,0
0,0
0,0
0,0
0,0
0,0
0,0
0,0
0,0
0,0
0,0
0,0
0,0
0,0
0,0
0,0
0,0
0,0
0,0
0,0
0,0
0,0
0,0
0,0
0,0
0,0
0,0
0,0
0,0
0,0
0,0
0,0
0,0
0,0
0,0
0,0
0,0
0,0
0,0
0,0
0,0
0,0
0,0
0,0
0,0
0,0
0,0
0,0
0,0
0,0
0,0
0,0
0,0
0,0
0,0
0,0
0,0
0,0
0,0
0,0
0,0
0,0
0,0
0,0
0,0
0,0
0,0
0,0
0,0
0,0
0,0
0,0
0,0
0,0
0,0
0,0
0,0
0,0
0,0
0,0
0,0
0,0
0,0
0,0
0,0
0,0
0,0
0,0
0,0
0,0
0,0
0,0
0,0
0,0
0,0
0,0
0,0
0,0
0,0
0,0
0,0
0,0
0,0
0,0
0,0
0,0
0,0
0,0
0,0
0,0
0,0
0,0
0,0
0,0
0,0
0,0
0,0
0,0
0,0
0,0
0,0
0,0
0,0
0,0
0,0
0,0
0,0
0,0
0,0
0,0
0,0
0,0
0,0
0,0
0,0
0,0
0,0
0,0
0,0
0,0
0,0
0,0
0,0
0,0
0,0
0,0
0,0
0,0
0,0
0,0
0,0
0,0
0,0
0,0
0,0
0,0
0,0
0,0
0,0
0,0
0,0
0,0
0,0
0,0
0,0
0,0
0,0
0,0
0,0
0,0
0,0
0,0
0,0
0,0
0,0
0,0
0,0
0,0
0,0
0,0
0,0
0,0
0,0
0,0
0,0
0,0
0,0
0,0
0,0
0,0
0,0
0,0
0,0
0,0
0,0
0,0
0,0
0,0
0,0
0,0
0,0
0,0
0,0
0,0
0,0
0,0
0,0
0,0
0,0
0,0
0,0
0,0
0,0
0,0
0,0
0,0
0,0
0,0
0,0
0,0
0,0
0,0
0,0
0,0
0,0
0,0
0,0
0,0
0,0
0,0
0,0
0,0
0,0
0,0
0,0
0,0
0,0
0,0
0,0
0,0
0,0
0,0
0,0
0,0
0,0
0,0
0,0
0,0
0,0
0,0
0,0
0,0
0,0
0,0
0,0
0,0
0,0
0,0
0,0
0,0
0,0
0,0
0,0
0,0
0,0
0,0
0,0
0,0
0,0
0,0
0,0
0,0
0,0
0,0
0,0
0,0
0,0
0,0
0,0
0,0
0,0
0,0
0,0
0,0
0,0
0,0
0,0
0,0
0,0
0,0
0,0
0,0
0,0
0,0
0,0
0,0
0,0
0,0
0,0
0,0
0,0
0,0
0,0
0,0
0,0
0,0
0,0
0,0
0,0
0,0
0,0
0,0
0,0
0,0
0,0
0,0
0,0
0,0
0,0
0,0
0,0
0,0
0,0
0,0
0,0
0,0
0,0
0,0
0,0
0,0
0,0
0,0
0,0
0,0
0,0
0,0
0,0
0,0
0,0
0,0
0,0
0,0
0,0
0,0
0,0
0,0
0,0
0,0
0,0
0,0
0,0
0,0
0,0
0,0
0,0
0,0
0,0
0,0
0,0
0,0
0,0
0,0
0,0
0,0
0,0
0,0
0,0
0,0
0,0
0,0
0,0
0,0
0,0
0,0
0,0
0,0
0,0
0,0
0,0
0,0
0,0
0,0
0,0
0,0
0,0
0,0
0,0
0,0
0,0
0,0
0,0
0,0
0,0
0,0
0,0
0,0
0,0
0,0
0,0
0,0
0,0
0,0
0,0
0,0
0,0
0,0
0,0
0,0
0,0
0,0
0,0
0,0
0,0
0,0
0,0
0,0
0,0
0,0
0,0
0,0
0,0
0,0
0,0
0,0
0,0
0,0
0,0
0,0
0,0
0,0
0,0
0,0
0,0
0,0
0,0
0,0
0,0
0,0
0,0
0,0
0,0
0,0
0,0
0,0
0,0
0,0
0,0
0,0
0,0
0,0
0,0
0,0
0,0
0,0
0,0
0,0
0,0
0,0
0,0
0,0
0,0
0,0
0,0
0,0
0,0
0,0
0,0
0,0
0,0
0,0
0,0
0,0
0,0
0,0
0,0
0,0
0,0
0,0
0,0
0,0
0,0
0,0
0,0
0,0
0,0
0,0
0,0
0,0
0,0
0,0
0,0
0,0
0,0
0,0
0,0
0,0
0,0
0,0
0,0
0,0
0,0
0,0
0,0
0,0
0,0
0,0
0,0
0,0
0,0
0,0
0,0
0,0
0,0
0,0
0,0
0,0
0,0
0,0
0,0
0,0
0,0
0,0
0,0
0,0
0,0
0,0
0,0
0,0
0,0
0,0
0,0
0,0
0,0
0,0
0,0
0,0
0,0
0,0
0,0
0,0
0,0
0,0
0,0
0,0
0,0
0,0
0,0
0,0
0,0
0,0
0,0
0,0
0,0
0,0
0,0
0,0
0,0
0,0
0,0
0,0
0,0
0,0
0,0
0,0
0,0
0,0
0,0
0,0
0,0
0,0
0,0
0,0
0,0
0,0
0,0
0,0
0,0
0,0
0,0
0,0
0,0
0,0
0,0
0,0
0,0
0,0
0,0
0,0
0,0
0,0
0,0
0,0
0,0
0,0
0,0
0,0
0,0
0,0
0,0
0,0
0,0
0,0
0,0
0,0
0,0
0,0
0,0
0,0
0,0
0,0
0,0
0,0
0,0
0,0
0,0
0,0
0,0
0,0
0,0
0,0
0,0
0,0
0,0
0,0
0,0
0,0
0,0
0,0
0,0
0,0
0,0
0,0
0,0
0,0
0,0
0,0
0,0
0,0
0,0
0,0
0,0
0,0
0,0
0,0
0,0
0,0
0,0
0,0
0,0
0,0
0,0
0,0
0,0
0,0
0,0
0,0
0,0
0,0
0,0
0,0
0,0
0,0
0,0
0,0
0,0
0,0
0,0
0,0
0,0
0,0
0,0
0,0
0,0
0,0
0,0
0,0
0,0
0,0
0,0
0,0
0,0
0,0
0,0
0,0
0,0
0,0
0,0
0,0
0,0
0,0
0,0
0,0
0,0
0,0
0,0
0,0
0,0
0,0
0,0
0,0
0,0
0,0
0,0
0,0
0,0
0,0
0,0
0,0
0,0
0,0
0,0
0,0
0,0
0,0
0,0
0,0
0,0
0,0
0,0
0,0
0,0
0,0
0,0
0,0
0,0
0,0
0,0
0,0
0,0
0,0
0,0
0,0
0,0
0,0
0,0
0,0
0,0
0,0
0,0
0,0
0,0
0,0
0,0
0,0
0,0
0,0
0,0
0,0
0,0
0,0
0,0
0,0
0,0
0,0
0,0
0,0
0,0
0,0
0,0
0,0
0,0
0,0
0,0
0,0
0,0
0,0
0,0
0,0
0,0
0,0
0,0
0,0
0,0
0,0
0,0
0,0
0,0
0,0
0,0
0,0
0,0
0,0
0,0
0,0
0,0
0,0
0,0
0,0
0,0
0,0
0,0
0,0
0,0
0,0
0,0
0,0
0,0
0,0
0,0
0,0
0,0
0,0
0,0
0,0
0,0
0,0
0,0
0,0
0,0
0,0
0,0
0,0
0,0
0,0
0,0
0,0
0,0
0,0
0,0
0,0
0,0
0,0
0,0
0,0
0,0
0,0
0,0
0,0
0,0
0,0
0,0
0,0
0,0
0,0
0,0
0,0
0,0
0,0
0,0
0,0
0,0
0,0
0,0
0,0
0,0
0,0
0,0
0,0
0,0
0,0
0,0
0,0
0,0
0,0
0,0
0,0
0,0
0,0
0,0
0,0
0,0
0,0
0,0
0,0
0,0
0,0
0,0
0,0
0,0
0,0
0,0
0,0
0,0
0,0
0,0
0,0
0,0
0,0
0,0
0,0
0,0
0,0
0,0
0,0
0,0
0,0
0,0
0,0
0,0
0,0
0,0
0,0
0,0
0,0
0,0
0,0
0,0
0,0
0,0
0,0
0,0
0,0
0,0
0,0
0,0
0,0
0,0
0,0
0,0
0,0
0,0
0,0
0,0
0,0
0,0
0,0
0,0
0,0
0,0
0,0
0,0
0,0
0,0
0,0
0,0
0,0
0,0
0,0
0,0
0,0
0,0
0,0
0,0
0,0
0,0
0,0
0,0
0,0
0,0
0,0
0,0
0,0
0,0
0,0
0,0
0,0
0,0
0,0
0,0
0,0
0,0
0,0
0,0
0,0
0,0
0,0
0,0
0,0
0,0
0,0
0,0
0,0
0,0
0,0
0,0
0,0
0,0
0,0
0,0
0,0
0,0
0,0
0,0
0,0
0,0
0,0
0,0
0,0
0,0
0,0
0,0
0,0
0,0
0,0
0,0
0,0
0,0
0,0
0,0
0,0
0,0
0,0
0,0
0,0
0,0
0,0
0,0
0,0
0,0
0,0
0,0
0,0
0,0
0,0
0,0
0,0
0,0
0,0
0,0
0,0
0,0
0,0
0,0
0,0
0,0
0,0
0,0
0,0
0,0
0,0
0,0
0,0
0,0
0,0
0,0
0,0
0,0
0,0
0,0
0,0
0,0
0,0
0,0
0,0
0,0
0,0
0,0
0,0
0,0
0,0
0,0
0,0
0,0
0,0
0,0
0,0
0,0
0,0
0,0
0,0
0,0
0,0
0,0
0,0
0,0
0,0
0,0
0,0
0,0
0,0
0,0
0,0
0,0
0,0
0,0
0,0
0,0
0,0
0,0
0,0
0,0
0,0
0,0
0,0
0,0
0,0
0,0
0,0
0,0
0,0
0,0
0,0
0,0
0,0
0,0
0,0
0,0
0,0
0,0
0,0
0,0
0,0
0,0
0,0
0,0
0,0
0,0
0,0
0,0
0,0
0,0
0,0
0,0
0,0
0,0
0,0
0,0
0,0
0,0
0,0
0,0
0,0
0,0
0,0
0,0
0,0
0,0
0,0
0,0
0,0
0,0
0,0
0,0
0,0
0,0
0,0
0,0
0,0
0,0
0,0
0,0
0,0
0,0
0,0
0,0
0,0
0,0
0,0
0,0
0,0
0,0
0,0
0,0
0,0
0,0
0,0
0,0
0,0
0,0
0,0
0,0
0,0
0,0
0,0
0,0
0,0
0,0
0,0
0,0
0,0
0,0
0,0
0,0
0,0
0,0
0,0
0,0
0,0
0,0
0,0
0,0
0,0
0,0
0,0
0,0
0,0
0,0
0,0
0,0
0,0
0,0
0,0
0,0
0,0
0,0
0,0
0,0
0,0
0,0
0,0
0,0
0,0
0,0
0,0
0,0
0,0
0,0
0,0
0,0
0,0
0,0
0,0
0,0
0,0
0,0
0,0
0,0
0,0
0,0
0,0
0,0
0,0
0,0
0,0
0,0
0,0
0,0
0,0
0,0
0,0
0,0
0,0
0,0
0,0
0,0
0,0
0,0
0,0
0,0
0,0
0,0
0,0
0,0
0,0
0,0
0,0
0,0
0,0
0,0
0,0
0,0
0,0
0,0
0,0
0,0
0,0
0,0
0,0
0,0
0,0
0,0
0,0
0,0
0,0
0,0
0,0
0,0
0,0
0,0
0,0
0,0
0,0
0,0
0,0
0,0
0,0
0,0
0,0
0,0
0,0
0,0
0,0
0,0
0,0
0,0
0,0
0,0
0,0
0,0
0,0
0,0
0,0
0,0
0,0
0,0
0,0
0,0
0,0
0,0
0,0
0,0
0,0
0,0
0,0
0,0
0,0
0,0
0,0
0,0
0,0
0,0
0,0
0,0
0,0
0,0
0,0
0,0
0,0
0,0
0,0
0,0
0,0
0,0
0,0
0,0
0,0
0,0
0,0
0,0
0,0
0,0
0,0
0,0
0,0
0,0
0,0
0,0
0,0
0,0
0,0
0,0
0,0
0,0
0,0
0,0
0,0
0,0
0,0
0,0
0,0
0,0
0,0
0,0
0,0
0,0
0,0
0,0
0,0
0,0
0,0
0,0
0,0
0,0
0,0
0,0
0,0
0,0
0,0
0,0
0,0
0,0
0,0
0,0
0,0
0,0
0,0
0,0
0,0
0,0
0,0
0,0
0,0
0,0
0,0
0,0
0,0
0,0
0,0
0,0
0,0
0,0
0,0
0,0
0,0
0,0
0,0
0,0
0,0
0,0
0,0
0,0
0,0
0,0
0,0
0,0
0,0
0,0
0,0
0,0
0,0
0,0
0,0
0,0
0,0
0,0
0,0
0,0
0,0
0,0
0,0
0,0
0,0
0,0
0,0
0,0
0,0
0,0
0,0
0,0
0,0
0,0
0,0
0,0
0,0
0,0
0,0
0,0
0,0
0,0
0,0
0,0
0,0
0,0
0,0
0,0
0,0
0,0
0,0
0,0
0,0
0,0
0,0
0,0
0,0
0,0
0,0
0,0
0,0
0,0
0,0
0,0
0,0
0,0
0,0
0,0
0,0
0,0
0,0
0,0
0,0
0,0
0,0
0,0
0,0
0,0
0,0
0,0
0,0
0,0
0,0
0,0
0,0
0,0
0,0
0,0
0,0
0,0
0,0
0,0
0,0
0,0
0,0
0,0
0,0
0,0
0,0
0,0
0,0
0,0
0,0
0,0
0,0
0,0
0,0
0,0
0,0
0,0
0,0
0,0
0,0
0,0
0,0
0,0
0,0
0,0
0,0
0,0
0,0
0,0
0,0
0,0
0,0
0,0
0,0
0,0
0,0
0,0
0,0
0,0
0,0
0,0
0,0
0,0
0,0
0,0
0,0
0,0
0,0
0,0
0,0
0,0
0,0
0,0
0,0
0,0
0,0
0,0
0,0
0,0
0,0
0,0
0,0
0,0
0,0
0,0
0,0
0,0
0,0
0,0
0,0
0,0
0,0
0,0
0,0
0,0
0,0
0,0
0,0
0,0
0,0
0,0
0,0
0,0
0,0
0,0
0,0
0,0
0,0
0,0
0,0
0,0
0,0
0,0
0,0
0,0
0,0
0,0
0,0
0,0
0,0
0,0
0,0
0,0
0,0
0,0
0,0
0,0
0,0
0,0
0,0
0,0
0,0
0,0
0,0
0,0
0,0
0,0
0,0
0,0
0,0
0,0
0,0
0,0
0,0
0,0
0,0
0,0
0,0
0,0
0,0
0,0
0,0
0,0
0,0
0,0
0,0
0,0
0,0
0,0
0,0
0,0
0,0
0,0
0,0
0,0
0,0
0,0
0,0
0,0
0,0
0,0
0,0
0,0
0,0
0,0
0,0
0,0
0,0
0,0
0,0
0,0
0,0
0,0
0,0
0,0
0,0
0,0
0,0
0,0
0,0
0,0
0,0
0,0
0,0
0,0
0,0
0,0
0,0
0,0
0,0
0,0
0,0
0,0
0,0
0,0
0,0
0,0
0,0
0,0
0,0
0,0
0,0
0,0
0,0
0,0
0,0
0,0
0,0
0,0
0,0
0,0
0,0
0,0
0,0
0,0
0,0
0,0
0,0
0,0
0,0
0,0
0,0
0,0
0,0
0,0
0,0
0,0
0,0
0,0
0,0
0,0
0,0
0,0
0,0
0,0
0,0
0,0
0,0
0,0
0,0
0,0
0,0
0,0
0,0
0,0
0,0
0,0
0,0
0,0
0,0
0,0
0,0
0,0
0,0
0,0
0,0
0,0
0,0
0,0
0,0
0,0
0,0
0,0
0,0
0,0
0,0
0,0
0,0
0,0
0,0
0,0
0,0
0,0
0,0
0,0
0,0
0,0
0,0
0,0
0,0
0,0
0,0
0,0
0,0
0,0
0,0
0,0
0,0
0,0
0,0
0,0
0,0
0,0
0,0
0,0
0,0
0,0
0,0
0,0
0,0
0,0
0,0
0,0
0,0
0,0
0,0
0,0
0,0
0,0
0,0
0,0
0,0
0,0
0,0
0,0
0,0
0,0
0,0
0,0
0,0
0,0
0,0
0,0
0,0
0,0
0,0
0,0
0,0
0,0
0,0
0,0
0,0
0,0
0,0
0,0
0,0
0,0
0,0
0,0
0,0
0,0
0,0
0,0
0,0
0,0
0,0
0,0
0,0
0,0
0,0
0,0
0,0
0,0
0,0
0,0
0,0
0,0
0,0
0,0
0,0
0,0
0,0
0,0
0,0
0,0
0,0
0,0
0,0
0,0
0,0
0,0
0,0
0,0
0,0
0,0
0,0
0,0
0,0
0,0
0,0
0,0
0,0
0,0
0,0
0,0
0,0
0,0
0,0
0,0
0,0
0,0
0,0
0,0
0,0
0,0
0,0
0,0
0,0
0,0
0,0
0,0
0,0
0,0
0,0
0,0
0,0
0,0
0,0
0,0
0,0
0,0
0,0
0,0
0,0
0,0
0,0
0,0
0,0
0,0
0,0
0,0
0,0
0,0
0,0
0,0
0,0
0,0
0,0
0,0
0,0
0,0
0,0
0,0
0,0
0,0
0,0
0,0
0,0
0,0
0,0
0,0
0,0
0,0
0,0
0,0
0,0
0,0
0,0
0,0
0,0
0,0
0,0
0,0
0,0
0,0
0,0
0,0
0,0
0,0
0,0
0,0
0,0
0,0
0,0
0,0
0,0
0,0
0,0
0,0
0,0
0,0
0,0
0,0
0,0
0,0
0,0
0,0
0,0
0,0
0,0
0,0
0,0
0,0
0,0
0,0
0,0
0,0
0,0
0,0
0,0
0,0
0,0
0,0
0,0
0,0
0,0
0,0
0,0
0,0
0,0
0,0
0,0
0,0
0,0
0,0
0,0
0,0
0,0
0,0
0,0
0,0
0,0
0,0
0,0
0,0
0,0
0,0
0,0
0,0
0,0
0,0
0,0
0,0
0,0
0,0
0,0
0,0
0,0
0,0
0,0
0,0
0,0
0,0
0,0
0,0
0,0
0,0
0,0
0,0
0,0
0,0
0,0
0,0
0,0
0,0
0,0
0,0
0,0
0,0
0,0
0,0
0,0
0,0
0,0
0,0
0,0
0,0
0,0
0,0
0,0
0,0
0,0
0,0
0,0
0,0
0,0
0,0
0,0
0,0
0,0
0,0
0,0
0,0
0,0
0,0
0,0
0,0
0,0
0,0
0,0
0,0
0,0
0,0
0,0
0,0
0,0
0,0
0,0
0,0
0,0
0,0
0,0
0,0
0,0
0,0
0,0
0,0
0,0
0,0
0,0
0,0
0,0
0,0
0,0
0,0
0,0
0,0
0,0
0,0
0,0
0,0
0,0
0,0
0,0
0,0
0,0
0,0
0,0
0,0
0,0
0,0
0,0
0,0
0,0
0,0
0,0
0,0
0,0
0,0
0,0
0,0
0,0
0,0
0,0
0,0
0,0
0,0
0,0
0,0
0,0
0,0
0,0
0,0
0,0
0,0
0,0
0,0
0,0
0,0
0,0
0,0
0,0
0,0
0,0
0,0
0,0
0,0
0,0
0,0
0,0
0,0
0,0
0,0
0,0
0,0
0,0
0,0
0,0
0,0
0,0
0,0
0,0
0,0
0,0
0,0
0,0
0,0
0,0
0,0
0,0
0,0
0,0
0,0
0,0
0,0
0,0
0,0
0,0
0,0
0,0
0,0
0,0
0,0
0,0
0,0
0,0
0,0
0,0
0,0
0,0
0,0
0,0
0,0
0,0
0,0
0,0
0,0
0,0
0,0
0,0
0,0
0,0
0,0
0,0
0,0
0,0
0,0
0,0
0,0
0,0
0,0
0,0
0,0
0,0
0,0
0,0
0,0
0,0
0,0
0,0
0,0
0,0
0,0
0,0
0,0
0,0
0,0
0,0
0,0
0,0
0,0
0,0
0,0
0,0
0,0
0,0
0,0
0,0
0,0
0,0
0,0
0,0
0,0
0,0
0,0
0,0
0,0
0,0
0,0
0,0
0,0
0,0
0,0
0,0
0,0
0,0
0,0
0,0
0,0
0,0
0,0
0,0
0,0
0,0
0,0
0,0
0,0
0,0
0,0
0,0
0,0
0,0
0,0
0,0
0,0
0,0
0,0
0,0
0,0
0,0
0,0
0,0
0,0
0,0
0,0
0,0
0,0
0,0
0,0
0,0
0,0
0,0
0,0
0,0
0,0
0,0
0,0
0,0
0,0
0,0
0,0
0,0
0,0
0,0
0,0
0,0
0,0
0,0
0,0
0,0
0,0
0,0
0,0
0,0
0,0
0,0
0,0
0,0
0,0
0,0
0,0
0,0
0,0
0,0
0,0
0,0
0,0
0,0
0,0
0,0
0,0
0,0
0,0
0,0
0,0
0,0
0,0
0,0
0,0
0,0
0,0
0,0
0,0
0,0
0,0
0,0
0,0
0,0
0,0
0,0
0,0
0,0
0,0
0,0
0,0
0,0
0,0
0,0
0,0
0,0
0,0
0,0
0,0
0,0
0,0
0,0
0,0
0,0
0,0
0,0
0,0
0,0
0,0
0,0
0,0
0,0
0,0
0,0
0,0
0,0
0,0
0,0
0,0
0,0
0,0
0,0
0,0
0,0
0,0
0,0
0,0
0,0
0,0
0,0
0,0
0,0
0,0
0,0
0,0
0,0
0,0
0,0
0,0
0,0
0,0
0,0
0,0
0,0
0,0
0,0
0,0
0,0
0.93071518,0.548412295
0.903080216,0.539916973
0.884104548,0.537891967
0.87146892,0.539268318
0.800165156,0.503906716
0.720490845,0.461450969
0.741361496,0.478190083
0.798104095,0.515836633
0.829641906,0.538253681
0.851767307,0.555190669
0.86269059,0.565176242
0.80864531,0.532832834
0.798526691,0.528908974
0.836258121,0.556249326
0.85657291,0.572249339
0.876915086,0.588431276
0.829420529,0.559168257
0.761282057,0.515827816
0.792755481,0.538874292
0.853576593,0.581797842
0.886730003,0.606458826
0.904529933,0.621163617
0.845336179,0.582314749
0.757854011,0.525355703
0.798220342,0.554427013
0.837133029,0.582262534
0.858842399,0.598262295
0.802896157,0.560181156
0.724954633,0.507070756
0.686779485,0.48114412
0.73559003,0.514941626
0.812701651,0.568231733
0.853421839,0.596787727
0.87394969,0.611555558
0.883602407,0.619139618
0.802674068,0.563090498
0,0
0,0
0,0
0,0
0,0
0,0
0,0
0,0
0,0
0,0
0,0
0,0
0,0
0,0
0,0
0,0
0,0
0,0
0,0
0,0
0,0
0,0
0,0
0,0
0,0
0,0
0,0
0,0
0,0
0,0
0,0
0,0
0,0
0,0
0,0
0,0
0,0
0,0
0,0
0,0
0,0
0,0
0,0
0,0
0,0
0,0
0,0
0,0
0,0
0,0
0,0
0,0
0,0
0,0
0,0
0,0
0,0
0,0
0,0
0,0
0,0
0,0
0,0
0,0
0,0
0,0
0,0
0,0
0,0
0,0
0,0
0,0
0,0
0,0
0,0
0,0
0,0
0,0
0,0
0,0
0,0
0,0
0,0
0.340663523,0.192832734
0.542463148,0.310032436
0.589580414,0.341382397
0.607088146,0.355315412
0.624321807,0.370215975
0.637888526,0.382906948
0.647584354,0.393275637
0.653948373,0.401685902
0.658068173,0.408760286
0.659884024,0.414833197
0.65855482,0.41964948
0.655967536,0.424015205
0.65327765,0.428272908
0.680609936,0.451628479
0.716608604,0.481058895
0.738237899,0.50168431
0.749832155,0.515678517
0.725335078,0.504957073
0.692671833,0.48766607
0.7051194,0.501301618
0.733097587,0.525971846
0.747008264,0.54118735
0.721194492,0.527414579
0.688332298,0.505276986
0.674667009,0.495767282
0.700422971,0.516521428
0.737348702,0.546510278
0.758118518,0.564774189
0.734360606,0.549462227
0.699223401,0.525055489
0.683876962,0.514942721
0.462590754,0.348237761
0.478848421,0.361275043
0.487682786,0.368623121
0.483750484,0.363247051
0.449158264,0.336974556
0.596320398,0.452940839
0.452303049,0.341748653
0.481516549,0.36513753
0.432687677,0.325454815
0.33113628,0.242327215
0.220490445,0.161616677
0.63612801,0.48432133
0.47737697,0.362452282
0.374524208,0.279727145
0.218240361,0.161096157
0.107634676,7.79E-02
0.694671338,0.505473838
0.496231304,0.364658653
0.491490228,0.363378162
0.432357698,0.317131056
0.322373208,0.230343473
0.206594894,0.148584772
0.638095564,0.477779163
0.551822975,0.41430295
0.444180838,0.331560684
0.487156967,0.366275805
0.386415835,0.286023875
0.259325031,0.188532903
0.160624811,0.114039461
9.17E-02,6.42E-02
0.882903684,0.650535751
0.891688715,0.664489739
0.895932856,0.671395097
0.815400778,0.612014196
0.723408037,0.544387735
0.676695272,0.51057313
0.652115494,0.493003157
0.63798708,0.483050642
0.62578677,0.474400987
0.619024443,0.469729009
0.613917698,0.466224505
0.609594699,0.463248883
0.60541866,0.46033437
0.601344946,0.457456066
0.5973997,0.454640706
0.593607502,0.451912621
0.589934752,0.449251194
0.586347197,0.446634381
0.582813648,0.44404172
0.579366917,0.441500657
0.57478176,0.438083971
0.571152813,0.43538176
0.5676814,0.432790066
0.564282234,0.430245407
0.763897158,0.58132664
0.810918566,0.616942164
0.700939217,0.533701033
0.797514145,0.606639477
0.787272613,0.598779307
0.737288004,0.561300796
0.777250323,0.591206559
0.763214866,0.580533212
0.75551074,0.574699233
0.749030463,0.569805521
0.654840888,0.498663294
0.583717562,0.445044888
0,0
0,0
0,0
0,0
0,0
0,0
0.776975983,0.590465074
0.750178556,0.569779685
0.742813469,0.564029553
0.737117136,0.55961333
0.731398355,0.555226523
0.591789394,0.450149899
0.743930691,0.564773033
0.717728269,0.544921128
0.710598873,0.539530598
0.704341267,0.534815216
0.697839689,0.529928304
0.691194131,0.524941889
0.684080576,0.519610194
0.67701784,0.51432152
0.6702262,0.509239412
0.558931239,0.425327036
0.578021578,0.439909206
0.583652568,0.444235752
0.584423989,0.444864841
0.583289943,0.44404071
0.581448403,0.442673031
0.57976987,0.441422697
0.577722575,0.439888296
0.575505111,0.438221199
0.573737616,0.436892217
0.572309147,0.435817945
0.57105654,0.434875192
0.569899248,0.434003277
0.568793975,0.43316967
0.568376633,0.432857116
0.567036263,0.431843102
0.565158651,0.430420626
0.563032633,0.428809063
0.560776734,0.427098297
0.558477322,0.425353938
0.558347269,0.425261035
0.563453435,0.429143814
0.565900682,0.431001779
0.56963106,0.4338312
0.572264398,0.435825865
0.573757101,0.436955418
0.600165129,0.4566608
0.575079698,0.437859818
0.592370177,0.450964414
0.601120199,0.457578488
0.607598033,0.462462884
0.614072279,0.467335245
0.619361768,0.471308605
0.624118079,0.474876896
0.628374316,0.478066497
0.632342457,0.481038082
0.635981791,0.483761486
0.639291819,0.486236825
0.64242078,0.488576038
0.664437973,0.505104778
0.69322335,0.526862719
0.710983422,0.54016475
0.699447895,0.531391011
0.677250384,0.514606151
0.663462357,0.504223689
0.677604183,0.51484657
0.702608302,0.533617406
0.718641035,0.545707676
0.705943795,0.536125117
0.682868811,0.518720656
0.66956522,0.508729206
0,0
0,0
0,0
0,0
0,0
0,0
0,0
0,0
0,0
0,0
0,0
0,0
0,0
0,0
0,0
0,0
0,0
0,0
0,0
0,0
0,0
0,0
0,0
0,0
0,0
0,0
0,0
0,0
0,0
0,0
0,0
0,0
0,0
0,0
0,0
0,0
0,0
0,0
0,0
0,0
0,0
0,0
0,0
0,0
0,0
0,0
0,0
0,0
0,0
0,0
0,0
0,0
0,0
0,0
0,0
0,0
0,0
0,0
0,0
0,0
0,0
0,0
0,0
0,0
0,0
0,0
0,0
0,0
0,0
0,0
0,0
0,0
0.663549089,0.388083678
0.638211599,0.377551704
0.616061032,0.369958839
0.596392306,0.363648999
0.457852134,0.278118339
0.443535553,0.270699558
0,0
0,0
0,0
0,0
0,0
0,0
0,0
0,0
0,0
0,0
0,0
0,0
0,0
0,0
0,0
0,0
0,0
0,0
0,0
0,0
0,0
0,0
0,0
0,0
0,0
0,0
0,0
0,0
0,0
0,0
0,0
0,0
0,0
0,0
0,0
0,0
0,0
0,0
0,0
0,0
0,0
0,0
0,0
0,0
0,0
0,0
0,0
0,0
0,0
0,0
0,0
0,0
0,0
0,0
0,0
0,0
0,0
0,0
0,0
0,0
0.76853714,0.456534872
0.773352109,0.467728193
0.728644061,0.446923294
0.701571739,0.435649616
0.680873853,0.429108569
0.667789175,0.426806161
0.683706987,0.442880023
0.717814904,0.473431119
0.723275513,0.484142118
0.695496082,0.470230942
0.675606527,0.461223388
0.659913105,0.455663898
0.680887182,0.471793263
0.714912892,0.494851508
0.736640249,0.51016843
0.722613995,0.501145025
0.698092178,0.484925215
0.687552708,0.478237914
0.710017425,0.494148546
0.743175694,0.517400067
0.762152525,0.531107083
0.758920022,0.528259655
0.732825311,0.508911348
0.716490473,0.496571838
0.737228321,0.509577642
0.77137313,0.531626633
0.793329549,0.54548458
0.809072757,0.555111539
0.786379941,0.538877624
0.743626558,0.508934619
0.75764699,0.518139283
0.770906714,0.526876567
0.742611493,0.507468546
0.705341895,0.481762347
0.683937054,0.466630264
0.671079666,0.457173495
0,0
0,0
0,0
0,0
0,0
0,0
0,0
0,0
0,0
0,0
0,0
0,0
0,0
0,0
0,0
0,0
0,0
0,0
0,0
0,0
0,0
0,0
0,0
0,0
0,0
0,0
0,0
0,0
0,0
0,0
0,0
0,0
0,0
0,0
0,0
0,0
0,0
0,0
0,0
0,0
0,0
0,0
0,0
0,0
0,0
0,0
0,0
0,0
0,0
0,0
0,0
0,0
0,0
0,0
0,0
0,0
0,0
0,0
0,0
0,0
0,0
0,0
0,0
0,0
0,0
0,0
0,0
0,0
0,0
0,0
0,0
0,0
0,0
0,0
0,0
0,0
0,0
0,0
0,0
0,0
0,0
0,0
0,0
0,0
0,0
0,0
0,0
0,0
0,0
0.244755022,0.14135816
0.500991545,0.291764338
0.498560919,0.293042496
0.572983563,0.343935542
0.614946385,0.376032337
0.640548809,0.398758619
0.653449675,0.413803712
0.657859719,0.423517206
0.6590715,0.431106725
0.658734317,0.437548953
0.657506949,0.44317623
0.65599311,0.448334055
0.652494487,0.451813202
0.666263402,0.466278025
0.685513577,0.484358207
0.696375351,0.496887652
0.685070402,0.493450935
0.666076565,0.48394646
0.654540576,0.479289117
0.540627802,0.398501315
0.514690817,0.380488427
0.501186603,0.371494493
0.494146241,0.367390161
0.490279639,0.365627123
0.488161585,0.36512667
0.48692433,0.365233053
0.487417316,0.366623833
0.489094553,0.368642112
0.491448547,0.370946811
0.494196686,0.373439288
0.497611257,0.376416168
0.409573883,0.304650142
0.439544248,0.326478419
0.459835097,0.340203752
0.476243653,0.349389497
0.606668742,0.441830801
0.580551119,0.418283475
0.462975836,0.327882972
0.490283385,0.345283167
0.509279252,0.355849865
0.523235237,0.36258023
0.660522445,0.454859408
0.625485533,0.427280557
0.605719188,0.410919176
0.597801166,0.402898882
0.595246212,0.398688997
0.595681529,0.396647767
0.589663602,0.390869402
0.590597644,0.390272434
0.592099462,0.390066
0.593854673,0.390040936
0.598592386,0.392052077
0.597601934,0.390277961
0.599919314,0.390782449
0.602034537,0.391198835
0.498541321,0.320244572
0.533039843,0.343514588
0.553465289,0.356727034
0.566472422,0.364863189
0.70631592,0.455404511
0.55870603,0.357412825
0.53165529,0.339613004
0.543183834,0.34683471
0.552651593,0.352325984
0.6872904,0.438328717
0.638459815,0.405545908
0.612186264,0.387598696
0.793066769,0.501351379
0.751824886,0.474949254
0.743823927,0.469658325
0.739562914,0.466348509
0.567411721,0.355299647
0.580570749,0.363735751
0.698144265,0.438756564
0.731587455,0.459592134
0.750794581,0.47180733
0.761397508,0.478696265
0.767385699,0.483221297
0.771804759,0.486497361
0.969771934,0.61082237
0.920429742,0.580116412
0.911742269,0.575798947
0.906578554,0.573463978
0.901025145,0.57095466
0.894945196,0.567889372
0.88781765,0.564256997
0.880495727,0.560271906
0.872832429,0.556161626
0.865465005,0.552008958
0.723933973,0.463440996
0.761185746,0.487472169
0.764370042,0.495872836
0.752652678,0.498422292
0.740161923,0.498516763
0.730305201,0.499528607
0.718049408,0.498250223
0.705686177,0.49622238
0,0
0,0
0,0
0,0
0,0
0,0
0.757215512,0.527585124
0.728929481,0.512728793
0.708360669,0.504357874
0.693682857,0.499604565
0.682865685,0.496967433
0.677367347,0.497592471
0.669931747,0.496263179
0.661414065,0.493879826
0.655396547,0.492113126
0.651156199,0.490545957
0.647751578,0.489138529
0.644923028,0.487846397
0.644689762,0.488273364
0.641755905,0.486514709
0.637486415,0.483634571
0.634023039,0.481312134
0.630799154,0.479131522
0.627743934,0.477014752
0.626731525,0.476388977
0.623432377,0.474007943
0.618879498,0.470657878
0.615007279,0.46780239
0.611363102,0.465104828
0.607850051,0.462495528
0.6048148,0.460238401
0.604489573,0.460019748
0.601917277,0.458099353
0.598155567,0.455277001
0.59516276,0.453032852
0.59243957,0.45099
0.591439501,0.450247169
0.591617738,0.450392151
0.594839861,0.45283425
0.596160336,0.453834756
0.596383685,0.45400429
0.597508748,0.454854257
0.599684737,0.456496254
0.603112105,0.459080146
0.606100776,0.4613297
0.610247428,0.464450023
0.61707084,0.469584112
0.563416967,0.428887215
0.520445867,0.396090836
0.51056539,0.38838005
0.507065515,0.385627075
0.506390391,0.385083993
0.50733632,0.38581068
0.509830813,0.387738778
0.514592848,0.391419747
0.520427818,0.395920044
0.526724753,0.400763842
0.533108408,0.405660911
0.539505344,0.410556637
0.545701104,0.415286957
0.551565376,0.419754852
0.557466436,0.424246918
0.563244641,0.428639643
0.568746988,0.432862054
0.574038115,0.436960938
0.579114151,0.440886037
0.582433792,0.443448803
0.586019729,0.446214074
0.59039419,0.449582626
0.594760334,0.452939515
0.599134254,0.456296447
0.603467681,0.459616782
0.533768638,0.405505001
0.528439126,0.401331429
0.526756888,0.400025281
0.526531874,0.39986442
0.526932372,0.400193406
0.527638658,0.40076044
0.528490904,0.401407282
0.529321688,0.402012722
0.530226836,0.402687794
0.530850468,0.403149421
0.531369241,0.403535106
0.531730278,0.403801669
8.77E-02,6.65E-02
1.11E-02,8.61E-03
9.29E-04,7.33E-04
6.29E-05,4.99E-05
0.587928126,0.446491411
0.545929162,0.414118504
0.528922095,0.400951169
0.521667701,0.395368093
0.518399305,0.392891492
0.5169478,0.391825551
0.516387962,0.391446024
0.21648651,0.162895602
8.93E-03,6.66E-03
2.15E-04,1.64E-04
0.552306246,0.41953922
0.52389927,0.397309241
0.5118506,0.387835669
0.506241817,0.383431344
0.463633094,0.34928673
0.4596342,0.344143718
0.323410367,0.236376433
0.653873991,0.498038111
0.612181329,0.466115117
0.590482307,0.449384051
0.471541116,0.355738374
0.452676745,0.338518961
0.342229326,0.249505083
0.234999049,0.171698275
0.653058228,0.497531217
0.603664727,0.459655352
0.762587713,0.579979351
0.707527451,0.538309664
0.694535248,0.528425367
0.527791588,0.400287576
0.545120986,0.41396709
0.549133209,0.417152413
0.725721491,0.552063596
0.679225262,0.516873152
0.672373064,0.511663521
0.667094631,0.507656693
0.519483517,0.393744146
0.545513254,0.414288893
0.713641462,0.542941274
0.660337723,0.502569137
0.650980846,0.495461297
0.645487306,0.491286951
0.64047448,0.487476325
0.63568526,0.483833629
0.51022493,0.386455918
0.544673954,0.413673515
0.555384058,0.422076252
0.558568724,0.424579329
0.559252785,0.425126221
0.559051982,0.42498
0.558492763,0.424588694
0.557775061,0.424096343
0.556978406,0.423526025
0.555772327,0.422635481
0.554679309,0.421813011
0.553856911,0.421186866
0.651385193,0.496135743
0.676460538,0.515082567
0.691126388,0.526086667
0.699572167,0.532364035
0.706698978,0.537628259
0.642168433,0.48791158
0.63714463,0.484254955
0.629291382,0.478428195
0.622649314,0.473496918
0.619790168,0.471400832
0.615515888,0.468226535
0.610421959,0.464425575
0.606824475,0.461745921
0.603907688,0.45957348
0.601484607,0.457768366
0.599382671,0.456201355
0.599821187,0.456549107
0.598064484,0.455235279
0.722812123,0.549139178
0.671174846,0.510141043
0.665241279,0.505654218
0.663388186,0.504247016
0.661975636,0.50317619
0.660598283,0.502135506
0.554077099,0.42173298
0.573699068,0.436709222
0.578476665,0.440375308
0.580041347,0.441592863
0.580476296,0.44194627
0.580624122,0.442076269
0.708189892,0.538149979
0.663554199,0.504453691
0.660999188,0.502503861
0.551503573,0.419823511
0.572206724,0.43561597
0.706056105,0.536474738
0.554392509,0.422033101
0.572473116,0.435823534
0.581418487,0.442636092
0.584842059,0.445250395
0.585788548,0.44598287
0.587051031,0.446949837
0.586623504,0.446635121
0.586344894,0.446431098
0.586213795,0.446337095
0.586226142,0.446350362
0.586353386,0.446449552
0.599964919,0.456731045
0.635850886,0.483819586
0.672948652,0.511777681
0.676261033,0.51417212
0.654844565,0.497948595
0.644678298,0.490261613
0.640565224,0.487153853
0.638700816,0.485746744
0.63692822,0.484412242
0.636718253,0.484255186
0.637529165,0.484865937
0.638711358,0.485754893
0.640077186,0.486780812
0.662648745,0.503737536
0.693998509,0.527430827
0.716024842,0.543944651
0.73185676,0.555750181
0.718976182,0.545908428
0.69527357,0.528018122
0.707751917,0.53739626
0.735368223,0.558182991
0.755113563,0.573037396
0.770241686,0.584479604
0.753292398,0.571545761
0.724797227,0.550001365
0.737387354,0.559528198
0.766293061,0.581403439
0.785321712,0.595774084
0.798676144,0.605935429
0.775403849,0.58814469
0.739084046,0.560653109
0.751739987,0.57022149
0.784149677,0.594745644
0.805994495,0.611346954
0.822084669,0.623621275
0.796741044,0.604069687
0.756602,0.573530037
0.770216154,0.583889838
0.805008666,0.610397967
0.827013824,0.627269988
0.842039551,0.638839259
0.809074377,0.613330273
0.758711527,0.574985164
0.771671501,0.58488881
0.811551653,0.615339475
0.838102062,0.635777219
0.856905306,0.650342236
0.821057027,0.622458039
0.765474468,0.580099715
0.798478396,0.605290049
0.822085521,0.62340024
0.836250464,0.634311636
0.848243415,0.643572189
0.799679099,0.606066237
0.72956657,0.552951813
0.687034812,0.521127064
0.660474361,0.501346692
0.643242124,0.488536253
0.631908708,0.480118178
0.624335217,0.474498514
0.619078679,0.470601483
0.616843747,0.468964423
0.616594068,0.468811086
0.61726247,0.469340209
0.618576086,0.470348326
0.620406897,0.47174031
0.622581,0.473386189
0.623761265,0.474280509
0.624231471,0.474638366
0.624329524,0.474714942
0.624224535,0.474638033
0.624012795,0.47448028
0.623745482,0.474280316
0.623441702,0.474052699
0.623122641,0.47381344
0.62280224,0.473573072
0.622493651,0.473341526
0.622196232,0.473118329
0.621912967,0.472905739
0.621689348,0.472738007
0.621511726,0.472604843
0.621314248,0.472456668
0.621076157,0.472277882
0.620812067,0.472079513
0.620539202,0.471874606
0.620415397,0.471781912
0.62057337,0.47190124
0.622422028,0.473293211
0.622700372,0.473502069
0.62275979,0.473546186
0.622830428,0.473598915
0.62273141,0.473559469
0.621227309,0.472485527
0.620245333,0.471790647
0.619742983,0.471446114
0.619369406,0.471190226
0.619081448,0.47099256
0.819135125,0.622334607
0.811180396,0.615881966
0.817274463,0.620316505
0.64483589,0.489939002
0.831881429,0.631503889
0.639466095,0.48589539
0.637338507,0.484414378
0.632787361,0.481068982
0.628880815,0.478191773
0.626281662,0.4762859
0.627163979,0.476989737
0.626084313,0.476206308
0.624590377,0.475104742
0.622574707,0.473605895
0.622070987,0.47324226
0.622694894,0.473724041
0.623724236,0.474507373
0.62746125,0.477326263
0.627645914,0.477466315
0.62569463,0.475997834
0.624152237,0.474838789
0.622556715,0.473640488
0.620898039,0.472395156
0.619213882,0.47113101
0.817385617,0.621023358
0.807398494,0.613011715
0.810000096,0.614769945
0.638911972,0.48550971
0.636495993,0.483803989
0.631922283,0.480436882
0.628089798,0.477611931
0.625666232,0.475835164
0.622617203,0.473577519
0.619688262,0.471402977
0.618196971,0.470305434
0.617359527,0.469695058
0.64451453,0.490136142
0.684183068,0.52001166
0.71599746,0.543810811
0.738897664,0.561021251
0.71860246,0.545597011
0.704107774,0.534673849
0.749380706,0.568811846
0.791785965,0.600973691
0.843069249,0.640193965
0.78665316,0.59672853
0.740785617,0.561928977
0.739439901,0.561003598
0.796075822,0.603988373
0.84810363,0.644039202
0.831445335,0.635438336
0.829171406,0.629066402
0.780724307,0.592033731
0.752079374,0.57038505
0.738439009,0.560167367
0.732721037,0.55593063
0.731425752,0.55501438
0.732445947,0.555828385
0.734865659,0.557684508
0.750558415,0.569543284
0.825288475,0.626339571
0.880466205,0.669089296
0.832459748,0.633760655
0.83728779,0.635073951
0.799335366,0.606034989
0.717852775,0.544750954
0.61760927,0.469629236
0.591398837,0.44988921
0.579731597,0.441084938
0.575390609,0.437836555
0.574780553,0.437425637
0.576172893,0.438535674
0.578769897,0.44055721
0.581793431,0.44289384
0.584987178,0.445350804
0.588309661,0.447900674
0.591563492,0.450417026
0.594268234,0.452499387
0.596192579,0.453924628
0.597730893,0.455057044
0.603314958,0.459307982
0.605130177,0.460674151
0.607991813,0.46284542
0.612574615,0.466342062
0.614753677,0.467995828
0.616764189,0.469522571
0.618525944,0.470860448
0.620046356,0.472014946
0.620944329,0.472694345
0.620340624,0.472225995
0.61768408,0.470188116
0.613460806,0.466950318
0.610230413,0.464473226
0.609162238,0.463654809
0.608295374,0.462990927
0.595197568,0.452916466
0.585380542,0.445358907
0.581200561,0.442138701
0.577759763,0.439486556
0.575890193,0.438048024
0.574511801,0.436987852
0.573917501,0.436532377
0.685027442,0.521331927
0.71547393,0.544204117
0.733308591,0.557443611
0.743499378,0.56492881
0.74944452,0.569254006
0.752715227,0.571598794
0.75370912,0.572258512
0.753928712,0.572358111
0.753619056,0.57207658
0.75298145,0.571561208
0.752220329,0.570962354
0.751384337,0.570314192
0.746175349,0.566381131
0.738354567,0.5604863
0.729230963,0.553615466
0.71934357,0.546172585
0.709053266,0.538427379
0.697746504,0.529918044
0.686007205,0.521080284
0.673847506,0.511921531
0.661503705,0.502619598
0.648576617,0.492884569
0.63579592,0.483271451
0.623069072,0.473703615
0.614857012,0.467534671
0.60877486,0.462967875
0.60397214,0.459362562
0.600524657,0.456691076
0.597386338,0.454195256
0.594384318,0.451836666
0,0
0,0
0,0
0,0
0,0
0,0
0,0
0,0
0,0
0,0
0,0
0,0
0.604957264,0.452907063
0.58396853,0.438917131
0.56932403,0.429806405
0.559736588,0.423579075
0.553083446,0.419089608
0.548196953,0.415734446
0,0
0,0
0,0
0,0
0,0
0,0
0,0
0,0
0,0
0,0
0,0
0,0
0,0
0,0
0,0
0,0
0,0
0,0
0,0
0,0
0,0
0,0
0,0
0,0
0,0
0,0
0,0
0,0
0,0
0,0
0.462036115,0.308253216
0.451919566,0.302643928
0.497393134,0.338009759
0.523080573,0.359512988
0.535390045,0.371570752
0.555049738,0.39063847
0.568723864,0.403202117
0.576462618,0.41169002
0.58387955,0.420070945
0.588863386,0.42660881
0.592554762,0.432093911
0.603335703,0.442907775
0.614793284,0.453458867
0.621966107,0.461539546
0.625481752,0.466674069
0.627643503,0.471299176
0.629267267,0.47448121
0.632829149,0.478229101
0.639086448,0.483678513
0.644058521,0.487963769
0.648835939,0.491953089
0.652974316,0.49536966
0.655995317,0.497896908
0.588690252,0.447381523
0.530539692,0.40336214
0.516961651,0.392939724
0.511801398,0.388997327
0.510741762,0.388230263
0.511661564,0.388994874
0.513815758,0.390711305
0.516407308,0.392758007
0.519061081,0.39484367
0.521351074,0.396638303
0.52350998,0.398325227
0.52564684,0.399990568
0.526468001,0.400629676
0.527697981,0.401585686
0.529489808,0.402976856
0.531602599,0.404615156
0.533826226,0.406337078
0.535774302,0.407843138
0.53773862,0.409346471
0.539406135,0.410586788
0.542430113,0.412877977
0.546070531,0.415650353
0.549227981,0.418062134
0.552946523,0.420901632
0.557127261,0.424082987
0.559303993,0.425723477
0.55971726,0.426013221
0.55937142,0.425725428
0.558632717,0.425141696
0.557666934,0.424388974
0.556668371,0.4235387
0.557299266,0.423893225
0.559796402,0.425713377
0.562488954,0.427702015
0.565587164,0.430015723
0.568557456,0.432240248
0.559518819,0.425357588
0.550068817,0.418139616
0.547143235,0.415927394
0.543961861,0.413509067
0.541833703,0.411911795
0.540004415,0.410536455
0.539392479,0.410098883
0.537819008,0.408905031
0.537168723,0.408421512
0.537471259,0.408672362
0.537670012,0.408836223
0.537994205,0.409092525
0.538387476,0.409398222
0.538351171,0.409365902
0.538721193,0.409646408
0.539330181,0.410109738
0.539989592,0.41060938
0.540631561,0.411092969
0.541388226,0.41166364
0.540846182,0.411226338
0.539535938,0.410196104
0.537903248,0.408919438
0.536133742,0.407540823
0.534310254,0.406124539
0.532505959,0.404727316
0.634250853,0.482804349
0.660837545,0.502714088
0.675821597,0.513852972
0.684041132,0.519917807
0.688241072,0.522979781
0.689958723,0.524194089
0.68987864,0.524072556
0.688707926,0.523143947
0.686884794,0.521735307
0.684658714,0.520031875
0.682203839,0.518162595
0.679606476,0.516190748
0.67697122,0.514194802
0.674847463,0.512587692
0.67303043,0.511216845
0.671328707,0.509937846
0.66971941,0.50873115
0.663928981,0.504400192
0.656937645,0.499197309
0.653370218,0.496554246
0.649781958,0.493891062
0.646588332,0.491528147
0.64369317,0.489382173
0.641109276,0.487464604
0,0
0,0
0,0
0,0
0,0
0,0
0.65298998,0.494066693
0.626868567,0.475037169
0.609120024,0.462102373
0.596122298,0.452609075
0.585986415,0.445180439
0.577590798,0.439044065
0.571602422,0.434708541
0.567455933,0.431714851
0.564689477,0.429729123
0.56488319,0.429961695
0.56341693,0.428913001
0.560994662,0.427122442
0.559692428,0.42617081
0.560995039,0.427189414
0.562570045,0.428407097
0.5642088,0.429667022
0.565937259,0.430990242
0.569800517,0.433929128
0.572420259,0.435919981
0.574308098,0.437353231
0.577128307,0.43949107
0.580418999,0.44198277
0.583976721,0.444674159
0.587699529,0.447487884
0.593971592,0.452225101
0.596537681,0.454156507
0.59852642,0.455650459
0.601873698,0.458169448
0.605791872,0.461116855
0.610057556,0.464323505
0.515083413,0.39206289
0.4970725,0.377942526
0.488020093,0.370808859
0.484518573,0.368030961
0.483760976,0.367420449
0.484506372,0.367999361
0.490772157,0.37291883
0.497676879,0.378305488
0.504293755,0.383432983
0.510821367,0.388467514
0.517403727,0.393527041
0.530170626,0.403350285
0.539422017,0.410467972
0.545160483,0.414840178
0.549427198,0.418087666
0.552965273,0.420761272
0.55698762,0.423796119
0.560606032,0.426541062
0.566186628,0.430875983
0.572365193,0.435666553
0.579874111,0.441477206
0.588234767,0.447931214
0.596831978,0.45454843
0.605604245,0.46127929
0.612689136,0.46669625
0.61886101,0.47140253
0.624665847,0.475820488
0.630081375,0.479934954
0.635207921,0.483824113
0.64012471,0.487549513
0.643507242,0.490103543
0.646011046,0.491989175
0.648096772,0.493558323
0.650066525,0.495040788
0.651954467,0.496462157
0.653802839,0.4978544
0.656005693,0.499516376
0.658428337,0.501344855
0.661007592,0.50329137
0.663630809,0.505270157
0.666280084,0.50726759
0.668980526,0.509302691
0.673252877,0.512499657
0.67835464,0.516301804
0.683753316,0.520333723
0.689310843,0.524488159
0.69506965,0.528795252
0.700784303,0.533068452
0.61236612,0.46597553
0.599810584,0.456385722
0.595677279,0.453248232
0.594824554,0.452625859
0.595419768,0.453110455
0.596454179,0.453926332
0.597024413,0.4543792
0.597382056,0.454664502
0.597591539,0.454833075
0.597645435,0.454879901
0.597579118,0.454832748
0.593128512,0.451409358
0.589212404,0.44840064
0.588596615,0.447932623
0.587651884,0.447206256
0.587341896,0.446968535
0.586991969,0.446699704
0.586758286,0.446520451
0.672260937,0.511760528
0.687170494,0.522975147
0.694125524,0.528161715
0.697090911,0.53034208
0.698078375,0.531041228
0.69797243,0.530926773
0.69807042,0.530975714
0.698108478,0.530986152
0.697720972,0.530680621
0.697267657,0.530329677
0.69682379,0.529988949
0.696333413,0.52961533
0.695094092,0.528678479
0.693479495,0.52746061
0.691878255,0.526254696
0.690356999,0.525110416
0.688847165,0.523975509
0.687372934,0.522867944
0.687119312,0.522682345
0.687395435,0.522895469
0.687825785,0.523223409
0.68836034,0.523628619
0.688927952,0.524057607
0.689519003,0.524503376
0.688955901,0.5240772
0.687851131,0.523243064
0.686452739,0.522188538
0.684865564,0.520992661
0.683159957,0.51970833
0.68137209,0.518362646
0.680312135,0.517567686
0.681206391,0.518249347
0.681820495,0.518716515
0.68150755,0.518481521
0.68130338,0.518328717
0.681213055,0.518261768
0.68020188,0.517526679
0.676862243,0.515049132
0.67460819,0.513382506
0.672914687,0.512131679
0.671108073,0.510788432
0.669280873,0.509424561
0.779831405,0.592569243
0.811798291,0.616561061
0.83117456,0.631321533
0.842688806,0.640244401
0.853025579,0.648239422
0.856650574,0.651122595
0.708944012,0.540003829
0.669867327,0.510411373
0.648913844,0.494375229
0.636503855,0.484855909
0.63079512,0.480464713
0.624642373,0.475744183
0.619503172,0.471804574
0.616426127,0.469447523
0.614258549,0.467789099
0.614844346,0.468241944
0.612866879,0.466728546
0.609837899,0.464409028
0.606076767,0.46152744
0.601595007,0.458091053
0.598953287,0.456069627
0.59354605,0.451915868
0.586957997,0.446844816
0.581448425,0.442598822
0.578966803,0.440690508
0.580153198,0.441619561
0.579995644,0.441504944
0.579216161,0.440907025
0.579618279,0.441222914
0.580292872,0.441748374
0.795278044,0.604767743
0.766028197,0.582473487
0.572210402,0.435117556
0.589562144,0.448637512
0.595917205,0.45360287
0.599390883,0.456321828
0.602516391,0.458756863
0.600135254,0.456946377
0.597287936,0.454772165
0.595930333,0.453742009
0.594621748,0.452746596
0.61578176,0.469009943
0.632783759,0.482013105
0.639490196,0.487107909
0.647081461,0.492863598
0.654179897,0.498225271
0.660717424,0.503154604
0.679249084,0.517141802
0.692975368,0.527478413
0.698809862,0.531847146
0.705454714,0.536821964
0.712247926,0.541894555
0.718785512,0.546774693
0.724892217,0.551330509
0.372103126,0.283749257
0.677013214,0.515673835
0.857957435,0.652058167
0.803710363,0.611250355
0.780958407,0.594247399
0.771264946,0.586886764
6.36E-03,5.39E-03
4.57E-05,3.96E-05
4.48E-03,3.94E-03
8.84E-02,6.40E-02
0.213614035,0.154324121
0.789723988,0.595800763
3.74E-03,3.22E-03
1.83E-02,1.32E-02
0.791702646,0.595255439
0.711130277,0.536626716
0.682320619,0.516135266
0.671743295,0.509054494
0.665821638,0.505225767
0.66247788,0.503166517
0.660347107,0.501897729
0.658909648,0.501061861
0.657849294,0.500444641
0.657002413,0.499940022
0.658344036,0.501032983
0.660415648,0.502634418
0.662694025,0.504383257
0.665060163,0.506190367
0.667360246,0.507940305
0.669571956,0.509617978
0.671135115,0.510800623
0.672498455,0.511830035
0.673770368,0.51278905
0.675016384,0.513727673
0.676267322,0.514669468
0.677458753,0.515565735
0.677790833,0.515811666
0.677825563,0.515833647
0.677687094,0.515725688
0.677330072,0.515453443
0.676661109,0.514946234
0.656469586,0.499635724
0.649300788,0.494222366
0.648809868,0.493867905
0.647442238,0.492839629
0.646531132,0.492157439
0.645671366,0.491511807
0.644873837,0.490911611
0.642529832,0.489132589
0.641374669,0.488258265
0.640596904,0.487670433
0.639822424,0.487084242
0.639353884,0.48673053
0.638959867,0.486432983
0.734206089,0.558346187
0.752166472,0.571738713
0.7584162,0.576430195
0.758654662,0.576678941
0.756103992,0.574812689
0.752155012,0.571852714
0.750073652,0.570266771
0.748637177,0.569167029
0.747400265,0.568223865
0.746417898,0.567482926
0.74551516,0.566809438
0.744528655,0.566075014
0.742064889,0.564196931
0.739428179,0.562169417
0.736598131,0.559975625
0.733904186,0.557874495
0.731270316,0.55584412
0.728665407,0.553853572
0.726122853,0.551922673
0.723636548,0.55004296
0.72109537,0.548128014
0.718544277,0.546209863
0.716022734,0.544316898
0.713507641,0.542430707
0.710394837,0.540095697
0.707588423,0.537992728
0.705305029,0.536284157
0.703118721,0.534648291
0.700889331,0.532979424
0.691500521,0.525926795
0.683703047,0.520103325
0.68094183,0.518063891
0.67757414,0.515558611
0.67459958,0.51335405
0.671661986,0.511167337
0.668899384,0.509105467
0.64467688,0.490744159
0.634215564,0.482819256
0.626189339,0.476735683
0.621348186,0.473074203
0.614216372,0.467647866
0.606259185,0.461575817
0.602235275,0.458515159
0.601896816,0.45828172
0.601424996,0.457939278
0.60305266,0.459206306
0.6019449,0.458364782
0.599865099,0.456773694
0.598979033,0.456100228
0.59621166,0.453976839
0.594838519,0.45292694
0.596841223,0.454476596
0.596069181,0.453885508
0.594289023,0.452517406
0.591675656,0.450506973
0.58808741,0.447743336
0.583830689,0.444460461
0.581528378,0.442686351
0.576189628,0.438558083
0.569650064,0.433491249
0.679931014,0.517781185
0.711463027,0.54147786
0.733535438,0.557970841
0.746340456,0.567474218
0.753524477,0.572761235
0.758998188,0.576780737
0.633482775,0.482050622
0.603073129,0.458876861
0.58618915,0.445970797
0.577131231,0.439049224
0.571868508,0.435035235
0.568677735,0.432609329
0.570835658,0.434324709
0.572545735,0.435681074
0.573947346,0.436789622
0.576787976,0.439007047
0.580050561,0.441544306
0.608291893,0.463304784
0.628626335,0.478879719
0.637643654,0.48573806
0.647583181,0.493277467
0.6575175,0.500783525
0.66690013,0.507856966
0.688433367,0.524081793
0.702819761,0.534893247
0.709046214,0.539545416
0.716557442,0.545160979
0.725093195,0.551531591
0.732206104,0.556830585
0.738867365,0.561791442
0.748484508,0.568975015
0.757761957,0.575898299
0.766619609,0.582503157
0.775588952,0.589254737
0.784237735,0.595944829
0.792856837,0.602699836
0.68804551,0.523892062
0.669646862,0.509916615
0.664930194,0.506326171
0.664670911,0.506124151
0.666216664,0.507292555
0.668555942,0.509061295
0.671298678,0.511133443
0.674220643,0.513338726
0.677209953,0.515592635
0.680095668,0.517765957
0.682837554,0.519828732
0.685461651,0.521801267
0.687276311,0.523161218
0.688772021,0.524280719
0.690083695,0.525262036
0.691463108,0.526295318
0.692862612,0.52734418
0.694323115,0.528439345
0.696171567,0.529797588
0.698137905,0.531225104
0.700129532,0.532683762
0.701836538,0.533936477
0.703370173,0.535065228
0.704853191,0.536192259
0.705007034,0.536309491
0.70486372,0.536174054
0.704454569,0.53584596
0.703746825,0.535298744
0.702866686,0.534626287
0.701887932,0.533883109
0.702244481,0.534149492
0.702792183,0.534560154
0.703241483,0.534913933
0.703410424,0.535112856
0.70323188,0.535141469
0.689438317,0.525017032
0.681438209,0.519054892
0.68092757,0.518587247
0.673016566,0.512511011
0.669379892,0.50967482
0.667508267,0.508201803
0.665096837,0.506336296
0.661191263,0.50334964
0.658502174,0.501294522
0.65597509,0.499366815
0.65310848,0.497184049
0.650426923,0.495143851
0.647828885,0.493168242
0.747199668,0.568188314
0.770273004,0.585655043
0.781868077,0.594547173
0.787446463,0.598877769
0.790260766,0.601100474
0.79165298,0.602230939
0.801153752,0.609453028
0.806873247,0.613811015
0.799706756,0.608444974
0.789585146,0.600850787
0.778406994,0.592461575
0.766559755,0.583568793
0.761724551,0.579956458
0.758974296,0.577793106
0.756443368,0.575679506
0.753797239,0.573504529
0.751025664,0.571287095
0.748119726,0.5690066
0.747305871,0.568258386
0.747119673,0.56795111
0.74696667,0.567705026
0.746816979,0.567491042
0.74665806,0.567293212
0.746488975,0.567103691
0.854416986,0.648012333
0.843200075,0.639357403
0.830010522,0.629318479
0.814770556,0.617814932
0.799381099,0.606255571
0.773070913,0.586582211
0.7617785,0.578225788
0.760467713,0.577322502
0.761876504,0.578444898
0.766257628,0.581795685
0.772081298,0.58620423
0.77892327,0.591356805
0.642474082,0.488640594
0.613671117,0.466814224
0.601566394,0.457666476
0.596905728,0.454194568
0.596554049,0.454011313
0.600837055,0.457372183
0.721977473,0.549295711
0.754665447,0.573762842
0.77297693,0.587380012
0.782569495,0.594454254
0.78937397,0.599455735
0.790668378,0.600339561
0.790728809,0.600319528
0.791616004,0.600939059
0.792728292,0.601739788
0.79401205,0.602677377
0.798170405,0.605779444
0.799243219,0.606564331
0.799360777,0.606706353
0.800984816,0.607955585
0.803133378,0.609523754
0.80552338,0.611282914
0.810936549,0.615320385
0.813263888,0.617039784
0.813045873,0.616850815
0.810563977,0.614969644
0.809189191,0.61392927
0.808781918,0.61362006
0.811188731,0.615427077
0.810282055,0.614741948
0.804836319,0.610650525
0.801194681,0.607923774
0.79554434,0.603693664
0.788389883,0.598341538
0.783746555,0.594881928
0.776102154,0.589171043
0.769274523,0.584076206
0.76256105,0.57906871
0.757947432,0.57563765
0.754824207,0.573322503
0.754770881,0.573308923
0.758314777,0.575996922
0.769087843,0.584090663
0.772976922,0.586998
0.77547435,0.58885419
0.776177134,0.589365004
0.775797259,0.58906706
0.718595719,0.546033434
0.634356029,0.482557916
0.617811073,0.470033975
0.608115549,0.462700199
0.60152785,0.457747524
0.598318436,0.455363582
0.596867723,0.454312508
0.595828016,0.453562038
0.593252767,0.45161637
0.591364019,0.450191143
0.589820104,0.449024914
0.587819372,0.447500021
0.585718477,0.445892695
0.584838685,0.445225361
0.586460357,0.446488419
0.588018146,0.447698371
0.588599564,0.448151631
0.589328675,0.448717493
0.590095946,0.449311616
0.592014287,0.450792372
0.594153684,0.452440625
0.596039264,0.453890587
0.597334238,0.454883997
0.597879626,0.455299795
0.597028585,0.454640999
0.595206971,0.453236137
0.594931019,0.453023851
0.595269048,0.453284769
0.595568181,0.45351526
0.596049604,0.453885841
0.596202512,0.454002979
0.5974601,0.454931818
0.599377491,0.456341641
0.601604835,0.45800435
0.603575272,0.459479847
0.605280329,0.460759384
0.60876143,0.463408427
0.608836675,0.463446232
0.607066253,0.46207227
0.604488818,0.460082574
0.601713393,0.457943351
0.598852701,0.45574002
0.595287883,0.452995037
0.593222758,0.451405373
0.591757301,0.45027789
0.590536208,0.449338646
0.589491831,0.448535453
0.58854354,0.44780611
0.587676984,0.447139618
0.587828243,0.447258522
0.58859715,0.447853443
0.59239503,0.450783255
0.593973983,0.451998492
0.595173291,0.452920369
0.596536677,0.453968085
0.597995338,0.455088447
0.60027823,0.456842158
0.602794478,0.458773524
0.605245572,0.46065294
0.607715866,0.462545455
0.602595669,0.45860345
0.594991232,0.452761322
0.592699978,0.451002359
0.590432137,0.449256733
0.589087749,0.448221938
0.588194601,0.447535107
0.587652071,0.447118594
0.583749253,0.444106266
0.578213063,0.439827874
0.572273658,0.435231411
0.566113906,0.43045648
0.55984914,0.425591111
0.553570616,0.420705369
0.549093868,0.417218328
0.545616219,0.414507393
0.542601598,0.412155062
0.539871389,0.410022373
0.537291906,0.408005068
0.534804569,0.406057533
0.636094479,0.484267814
0.662412943,0.504167367
0.677283082,0.515269749
0.685419579,0.521278003
0.689531447,0.524266149
0.691148275,0.525393166
0.692493152,0.526333379
0.696091032,0.52898143
0.698421083,0.53068529
0.699527577,0.531478589
0.700351657,0.532067872
0.700951776,0.532495429
0.701453951,0.532885582
0.701765392,0.533156069
0.702094631,0.53342979
0.702435045,0.533704723
0.702739068,0.533947215
0.703005911,0.534158199
0.699514642,0.531548247
0.698290383,0.530649607
0.700021097,0.531974062
0.703660352,0.534732055
0.710481652,0.539880089
0.715089656,0.543361506
0.716201237,0.544214267
0.718636892,0.546063667
0.721471974,0.548213071
0.724380409,0.550417179
0.729727776,0.554453879
0.732541845,0.556584369
0.840312843,0.63796105
0.81884794,0.62160648
0.811796179,0.616208878
0.713325846,0.542063889
0.730519601,0.55509627
0.735493831,0.558886313
0.825087958,0.626350839
0.792264076,0.601560155
0.784173699,0.595457259
0.699969302,0.532043252
0.709849167,0.539589587
0.707478997,0.537868402
0.703200809,0.534694311
0.700111179,0.532406284
0.698093085,0.530877602
0.696824405,0.529900613
0.698243664,0.530948547
0.697440319,0.530320429
0.781818923,0.594060249
0.756131252,0.57467155
0.682008986,0.518706796
0.763043505,0.579893177
0.672742146,0.511711155
0.673096427,0.511957188
0.673641797,0.512351312
0.677053976,0.514923236
0.685048714,0.520952168
0.696458583,0.52955062
0.712142882,0.541361986
0.726590181,0.552239692
0.750608026,0.570295355
0.763404116,0.579893977
0.772476358,0.586694774
0.779580536,0.592021872
0.785590233,0.596505151
0.712982457,0.54186812
0.650607756,0.494928409
0.637061621,0.484716133
0.631026729,0.480201129
0.627895331,0.477905308
0.628477635,0.478422473
0.630856315,0.480291509
0.638601892,0.486235422
0.649221624,0.49433875
0.661204826,0.5034419
0.673925377,0.513070089
0.686757653,0.522751673
0.699602523,0.532416161
0.178485266,0.132009989
0.476769906,0.360180332
0.815583133,0.620150367
0.765313726,0.582425966
0.7411937,0.564405317
0.729326821,0.555493743
0.263598051,0.196883475
0.610432466,0.465554556
0.827618164,0.62980376
0.77742404,0.5919685
0.754335075,0.574610074
0.743769494,0.566686624
0.143589507,0.110895305
0.651913402,0.497487172
0.684006778,0.521924146
0.856035909,0.651617044
0.796289335,0.606401958
0.767747812,0.584875107
0.179478218,0.131110499
0.672944583,0.513536265
0.694185453,0.529642841
0.863565618,0.657262543
0.800376064,0.609364806
0.768719985,0.585456875
0.199931177,0.146013383
0.677019556,0.51651129
0.699468634,0.533540621
0.708626841,0.540471079
0.875337161,0.666091319
0.808905319,0.615708092
0.474369075,0.358727237
0.694311554,0.529592487
0.71498132,0.545241656
0.724108922,0.552138135
0.891300539,0.678197338
0.764531424,0.582167635
0.892090955,0.678666307
0.842118562,0.640667979
0.801732255,0.610154425
0.772970692,0.588479039
0.757044509,0.576494241
0.747412472,0.569254571
0.742275111,0.565401494
0.739558089,0.563370875
0.738003167,0.562214006
0.736958275,0.561439377
0.736274778,0.560935179
0.735695301,0.560507609
0.734337027,0.559491316
0.732555309,0.558154791
0.730316148,0.556472685
0.727977059,0.554714788
0.725655694,0.552969863
0.723540739,0.551268702
0.715540809,0.545035657
0.705050834,0.536899644
0.693670114,0.528103466
0.681910462,0.519086351
0.670041972,0.510026987
0.658191466,0.501001602
0.655571572,0.49899484
0.657290936,0.500288939
0.660919602,0.503033294
0.6655487,0.506533048
0.670683763,0.510409875
0.6760741,0.514473301
0.679221343,0.516834902
0.681068032,0.518213247
0.68218481,0.519041924
0.682755232,0.519460269
0.682872896,0.519539133
0.682588423,0.519316673
0.682349641,0.519131124
0.682363042,0.519137827
0.682567517,0.519289819
0.68292893,0.519560798
0.683399983,0.51991474
0.683939456,0.520320255
0.684489169,0.520762025
0.685594479,0.521641619
0.687239975,0.522915775
0.686974576,0.522735938
0.686647004,0.522503827
0.686423396,0.522346472
0.916090295,0.695563402
0.879190624,0.667078316
0.761167357,0.577989797
0.806276468,0.612069591
0.827990514,0.628664638
0.834338265,0.633738238
0.83504115,0.634494467
0.831903951,0.632277624
0.829659033,0.630555998
0.824183459,0.626303223
0.816290878,0.620276776
0.809313492,0.614840012
0.80502245,0.611370906
0.802787911,0.609529551
0.799830142,0.607197426
0.796958266,0.604966904
0.795629491,0.603921699
0.794751594,0.603231151
0.79277567,0.60172723
0.795222494,0.603551845
0.792871339,0.601775
0.787975796,0.598096405
0.783981438,0.595103469
0.780000684,0.592125783
0.77703274,0.589911829
0.775059528,0.58844672
0.771611272,0.585873273
0.767879067,0.58308673
0.765416966,0.581254775
0.763274573,0.579661883
0.762958061,0.579438102
0.766734468,0.582283632
0.768212621,0.583395288
0.768800056,0.583834405
0.770710208,0.585265786
0.773004653,0.586983119
0.812170284,0.616376226
0.868684946,0.659161992
0.905471742,0.687450504
0.75944905,0.57755301
0.836467338,0.635488277
0.860923749,0.653725254
0.934202216,0.709651339
0.970272988,0.737626012
0.796446717,0.605569038
0.755617154,0.574874476
0.745413685,0.567081564
0.785677206,0.596987746
0.752821852,0.572188637
0.75410016,0.573122081
0.75562456,0.574243903
0.756664095,0.574999304
0.757648294,0.575718746
0.758461728,0.576313936
0.753324311,0.572443032
0.747318285,0.567879612
0.855529249,0.649039024
0.842751422,0.639247227
0.828831929,0.628686201
0.814348331,0.617766281
0.808111975,0.61308219
0.806339992,0.611761231
0.806735733,0.612067693
0.808303275,0.613250396
0.810419496,0.614840909
0.812846647,0.616661231
0.81565863,0.618744855
0.818751418,0.621042833
0.821971451,0.623440536
0.825181913,0.625834247
0.828316476,0.628173739
0.83143225,0.630501564
0.689586218,0.524108797
0.65481535,0.49797935
0.637728876,0.485148194
0.629272528,0.478831697
0.625238116,0.475854759
0.623661839,0.474730486
0.623704756,0.474788989
0.624961684,0.47573701
0.626866954,0.477182735
0.628619954,0.47851309
0.630435531,0.47989194
0.632189669,0.481224242
0.634033358,0.482625034
0.635848378,0.484003857
0.637530507,0.485281204
0.639406976,0.486706516
0.641258899,0.488112711
0.642804363,0.489285153
0.642778368,0.489261133
0.641820204,0.488528399
0.640334362,0.487394955
0.638492254,0.485991007
0.636417744,0.484410532
0.615237077,0.468218376
0.601836171,0.457963402
0.59693899,0.454212189
0.591687006,0.450178188
0.587050971,0.446614809
0.583027345,0.443518878
0.579475687,0.440783306
0.68901029,0.52428906
0.716334454,0.544807639
0.729121773,0.554207468
0.735174785,0.55856897
0.736949886,0.559749373
0.736082211,0.558974472
0.730158051,0.554422832
0.722023484,0.548228766
0.71279745,0.541229979
0.702854183,0.533703568
0.693702416,0.526778849
0.684936409,0.5201502
0.676430741,0.513738393
0.668820526,0.508022219
0.661908995,0.502842116
0.655405137,0.497971358
0.649160288,0.493293976
0.643080735,0.488739052
0.637297879,0.484405173
0.632210844,0.480592474
0.627423048,0.477002667
0.623024766,0.473613683
0.618945402,0.470405984
0.615014592,0.467348027
0.610637101,0.463981055
0.607262932,0.461384853
0.604518891,0.45927612
0.602109244,0.457432762
0.600703785,0.455664755
0.60208522,0.453934379
0,0
0,0
0,0
0,0
0,0
0,0
0,0
0,0
0,0
0,0
0,0
0,0
0.661167236,0.455967033
0.637304268,0.443481819
0.617634036,0.434794885
0.601892378,0.428334188
0.588905225,0.423297463
0.577897215,0.419193314
0,0
0,0
0,0
0,0
0,0
0,0
0,0
0,0
0,0
0,0
0,0
0,0
0,0
0,0
0,0
0,0
0,0
0,0
0.902159714,0.614818802
0.897833842,0.6207423
0.668689845,0.470128162
0.634925316,0.452086329
0.613976545,0.441805052
0.600319138,0.436006091
0.591108885,0.432915701
0.584922059,0.431434039
0.580503713,0.431115476
0.577129022,0.431571182
0.574637204,0.43249757
0.573918787,0.433718212
0.61815648,0.467533577
0.680768569,0.5150542
0.729286043,0.552055304
0.769754993,0.582856357
0.744972215,0.564340111
0.685739193,0.520167867
0.678219795,0.514712498
0.6775538,0.51436324
0.681097764,0.51712508
0.68710548,0.521720236
0.69603502,0.528519934
0.644363198,0.48987219
0.598485517,0.455489649
0.59042768,0.449419808
0.588771073,0.448194549
0.590162297,0.449288468
0.594037026,0.452264298
0.599157094,0.456179081
0.606455045,0.461807467
0.613699459,0.467375794
0.620992174,0.472961469
0.628652052,0.47881048
0.636177019,0.484540277
0.643669932,0.490231666
0.650143053,0.495135215
0.656062751,0.499609664
0.661066648,0.503383724
0.663628303,0.50530326
0.667478996,0.508202028
0.672286217,0.511824048
0.673847073,0.51298579
0.673918174,0.513023127
0.673275746,0.512524677
0.672154667,0.511667821
0.67072788,0.510582824
0.66912671,0.509368412
0.670060071,0.510076019
0.671995002,0.511540668
0.674232692,0.513231933
0.676782542,0.515156918
0.679534292,0.517232053
0.682377362,0.519373765
0.687197854,0.522978448
0.693037742,0.527327691
0.699367824,0.53205108
0.7058208,0.536868445
0.712262807,0.541677499
0.718679112,0.546466543
0.720969571,0.548150892
0.721517728,0.548531583
0.721097064,0.548191445
0.720053334,0.547389778
0.71864482,0.54631967
0.716991069,0.545069849
0.751271365,0.570835785
0.784717523,0.595892229
0.794456185,0.603179996
0.798564653,0.606356133
0.801261563,0.608496399
0.783672188,0.59539152
0.776668986,0.590192062
0.774948154,0.588939721
0.77041654,0.585521716
0.766052613,0.582206336
0.761528565,0.578786597
0.757151445,0.57545317
0.753149441,0.572358107
0.750196243,0.570055221
0.747417906,0.567858285
0.859498064,0.651857519
0.852098258,0.646056487
0.844689993,0.64033982
0.838053599,0.635266141
0.832664186,0.631170769
0.828026817,0.627665949
0.823773846,0.624465904
0.819879571,0.621545596
0.816208193,0.61879919
0.814421363,0.617471327
0.813724256,0.616960605
0.813557101,0.61684515
0.813719979,0.616974725
0.814098234,0.617263498
0.81460406,0.617645923
0.815875597,0.618601494
0.817896531,0.620117116
0.820356216,0.621959086
0.823057817,0.623979959
0.825925707,0.626123479
0.828920856,0.628360859
0.83043047,0.629480685
0.831155334,0.630012453
0.831328844,0.630132476
0.831176162,0.630010199
0.830875479,0.62977936
0.830498417,0.629493249
0.831275672,0.630075997
0.833341088,0.631625654
0.836174262,0.633749459
0.839358304,0.636133952
0.842799006,0.638708915
0.839885187,0.63651438
0.831258588,0.630102244
0.826814587,0.626823373
0.821342038,0.622767064
0.815730586,0.61861614
0.81008832,0.614433131
0.804604331,0.610362897
0,0
0,0
0,0
0,0
0,0
0,0
0.797314219,0.606014319
0.781332144,0.593647383
0.771468576,0.586021563
0.765459241,0.581414558
0.762747442,0.579357013
0.761753333,0.578599282
0.764417624,0.580593386
0.767895502,0.583195398
0.769408785,0.584318821
0.771093713,0.585572155
0.773100352,0.58706753
0.77765191,0.590473605
0.778724655,0.591264523
0.77534778,0.588717872
0.773855627,0.587594491
0.773371115,0.58723063
0.775342175,0.588711354
0.774857363,0.588345623
0.77305498,0.58699151
0.774962554,0.588424468
0.775780379,0.589036382
0.777878849,0.590609609
0.777494148,0.590316485
0.775749887,0.589004071
0.774960735,0.588412091
0.771637976,0.585920207
0.769806816,0.584552278
0.771934205,0.586157087
0.771246715,0.585643838
0.769402478,0.584261695
0.768695171,0.583734891
0.769793992,0.584563238
0.77030227,0.584945664
0.773040678,0.587001805
0.772809731,0.586825021
0.794160487,0.6028535
0.813770737,0.617545351
0.820823815,0.622801614
0.827568363,0.627823285
0.832745268,0.631656186
0.836611698,0.634513276
0.851556458,0.645708669
0.748603643,0.568423427
0.754062525,0.572618857
0.758190256,0.57579873
0.761424997,0.578304111
0.764065072,0.580336589
0.766337871,0.582131811
0.740979872,0.563138239
0.709121018,0.539194178
0.693803342,0.527702904
0.686746104,0.522434053
0.683539799,0.520062566
0.682378357,0.519225536
0.682667934,0.519475426
0.683669948,0.52025496
0.685084131,0.521338755
0.686612609,0.52250301
0.688119567,0.523646287
0.68972974,0.524864026
0.692284979,0.526792592
0.695303689,0.529067354
0.698545887,0.5315071
0.70193347,0.534053199
0.705389203,0.536647756
0.708825499,0.539225154
0.711260007,0.541045907
0.713319976,0.542584591
0.715141634,0.543944304
0.71677703,0.54516446
0.718426402,0.546395861
0.719991978,0.547564751
0.722793666,0.549630837
0.726040214,0.55200839
0.729461883,0.554529747
0.732915525,0.557083536
0.736273126,0.55957098
0.739539341,0.561993976
0.742135338,0.563916667
0.744271426,0.5654973
0.746234568,0.566951217
0.748167259,0.568384797
0.750318682,0.569984442
0.75235807,0.571500878
0.754424285,0.573038248
0.756512262,0.57459244
0.758521177,0.576087563
0.760719947,0.577725475
0.762940504,0.579379596
0.744786224,0.565728611
0.735299133,0.558633679
0.734094369,0.557755297
0.732999545,0.556951858
0.733009127,0.556977707
0.733329848,0.557232114
0.733976504,0.55772716
0.731426649,0.555816596
0.7289874,0.553991023
0.726561827,0.552176743
0.723946896,0.550220691
0.72144911,0.548353276
0.719008638,0.546529068
0.716438953,0.544607609
0.714689051,0.543303055
0.713198242,0.54219229
0.711754925,0.541116054
0.710444817,0.540139126
0.709185464,0.53919954
0.707200292,0.537712487
0.704795658,0.535909569
0.702242258,0.533995004
0.699829277,0.532186595
0.697526129,0.530460902
0.695325336,0.528812058
0.691879426,0.526223243
0.688311737,0.523542917
0.68472373,0.520847209
0.681134308,0.518149958
0.677588738,0.515485047
0.674085188,0.512850822
0.673165753,0.512170914
0.673457633,0.512404431
0.674201589,0.512976189
0.675193717,0.513732252
0.676344334,0.514605331
0.677585424,0.51554446
0.817592506,0.620709386
0.859534378,0.65205381
0.759555097,0.576919696
0.7646409,0.580904117
0.765252085,0.581481731
0.742565576,0.564549505
0.694106206,0.528066175
0.669191496,0.509248912
0.649426068,0.494290293
0.631969233,0.481053395
0.618233122,0.470615479
0.606555185,0.461719629
0.712804036,0.542341691
0.744869492,0.566380323
0.768215606,0.583804743
0.786003364,0.597039937
0.803143852,0.609795591
0.815302368,0.618817385
0.819203968,0.621647197
0.823036134,0.624448497
0.823285346,0.624573605
0.820818349,0.622675686
0.820762331,0.622606964
0.816777519,0.619594784
0.808498589,0.613371423
0.799639655,0.606730782
0.790126204,0.599612423
0.84986993,0.644705406
0.799725701,0.606913857
0.792942438,0.601853354
0.714050991,0.542513444
0.730421707,0.55495051
0.732031943,0.556232165
0.729179668,0.554136552
0.725860342,0.551679356
0.722254652,0.548999536
0.719760806,0.547151192
0.722937179,0.549565331
0.722837789,0.549467421
0.720633359,0.547778938
0.719429589,0.546848787
0.718445444,0.54608717
0.718756538,0.546304678
0.720335932,0.547481412
0.720671654,0.547725502
0.720949031,0.547928574
0.722534678,0.549118454
0.724584755,0.550658979
0.727466089,0.552826569
0.733672059,0.557494948
0.737324398,0.560242572
0.739690381,0.562025233
0.743110108,0.564603009
0.319890541,0.238763311
0.103695409,7.76E-02
0.139741179,0.106387543
0.737556188,0.561096885
0.682129691,0.519195905
0.657730387,0.50070399
0.760908024,0.57839075
0.908135623,0.689580088
0.977394257,0.743022122
0.827643773,0.628984921
0.789122401,0.600043062
0.783474638,0.595772907
0.784804909,0.596763869
0.330330821,0.24094595
0.674694845,0.514215144
0.842229864,0.640519158
0.770038443,0.58604799
0.735801508,0.560077272
0.71782658,0.546340481
0.713165147,0.542710308
0.715092259,0.544083096
0.720411827,0.548028832
0.7273124,0.553171131
0.734553027,0.558570515
0.742112863,0.564209629
0.742610715,0.564540801
0.740066638,0.562597269
0.736332179,0.559771442
0.731967064,0.556481386
0.727097217,0.552819131
0.721912125,0.548925089
0.720681261,0.548010721
0.720977841,0.548244087
0.721770864,0.548847813
0.723040108,0.549806847
0.724625418,0.551000781
0.726660458,0.552530421
0.728877019,0.554159814
0.731693303,0.556216285
0.735162343,0.558775441
0.738023226,0.560885071
0.740517158,0.562725463
0.74269867,0.564336344
0.746123656,0.566885266
0.749914037,0.56970938
0.75349924,0.572379212
0.757081489,0.575046856
0.760706717,0.577746741
0.764297945,0.580420939
0.767362834,0.58270002
0.770159933,0.584778923
0.772721889,0.586682361
0.774569767,0.588051074
0.775947566,0.589069054
0.756740124,0.574633737
0.744359352,0.565370424
0.740388874,0.562420527
0.733853558,0.557537369
0.729158058,0.554042194
0.725490714,0.551316096
0.721995017,0.548714784
0.717790277,0.545576536
0.714908025,0.543431386
0.712582354,0.541702025
0.709898595,0.539700003
0.707368873,0.537812066
0.704915915,0.535980219
0.701682796,0.533558897
0.698960842,0.53152232
0.696504334,0.529684726
0.694084042,0.527873131
0.691810166,0.526170846
0.689534308,0.524465901
0.688152129,0.523434672
0.687098512,0.522649808
0.686080817,0.521890415
0.68513814,0.52118645
0.684207255,0.520490332
0.683219397,0.519750322
0.682652501,0.519327842
0.682734953,0.519395162
0.683143383,0.519707295
0.68372697,0.520150206
0.684437583,0.52068773
0.685210162,0.521270883
0.685157612,0.521229867
0.684758123,0.520927213
0.684081397,0.520415874
0.683256801,0.519793728
0.682386553,0.519137855
0.68150499,0.518473983
0.680532871,0.517742137
0.680074346,0.51739888
0.679903094,0.517272397
0.679779404,0.517181278
0.679722409,0.517140085
0.67351883,0.512460699
0.666504974,0.50720142
0.663818065,0.505204383
0.66041865,0.502661133
0.657344042,0.500367219
0.654301438,0.498089142
0.651409812,0.495919281
0.761231591,0.578666246
0.789287611,0.599595391
0.804731118,0.611045601
0.812188736,0.616514895
0.814744628,0.618327862
0.81780501,0.62054722
0.812357023,0.616393088
0.805157167,0.610952881
0.796626077,0.604537367
0.786370738,0.596847159
0.778360708,0.590858714
0.76750857,0.58274425
0.757737906,0.575447286
0.748351059,0.568439717
0.741082264,0.563021572
0.735330943,0.558739842
0.732661012,0.556770405
0.727455469,0.552885297
0.813078118,0.617365117
0.786822606,0.597526787
0.701297889,0.533092324
0.710655519,0.540230226
0.714005882,0.54280721
0.712185574,0.541419013
0.708790427,0.538835408
0.703938384,0.535160597
0.700679907,0.532689762
0.698698243,0.531181537
0.699432142,0.531717257
0.697775428,0.530453017
0.694256314,0.527788035
0.691385302,0.52561205
0.688434329,0.523376604
0.685446881,0.521114501
0.684956179,0.520731221
0.681977856,0.518475166
0.722146756,0.548620362
0.784747722,0.595654317
0.832818311,0.632050419
0.87061584,0.661194931
0.844302984,0.640758045
0.689223302,0.523550937
0.623134838,0.473978499
0.603634269,0.459222068
0.59329545,0.451358855
0.585228506,0.445196637
0.582389653,0.443094907
0.591815543,0.450469918
0.603160588,0.45924916
0.608637958,0.463472674
0.614770866,0.468184428
0.620798013,0.472802418
0.626436795,0.477110296
0.632110984,0.481434937
0.638608798,0.486378202
0.644195911,0.490617603
0.649236488,0.494434733
0.654185592,0.498176833
0.658788006,0.501651584
0.662982384,0.504813812
0.667607322,0.508300338
0.672412435,0.511920286
0.67731839,0.515613253
0.682193787,0.519279901
0.686986371,0.522880927
0.691694621,0.526415521
0.695488024,0.529257396
0.698936767,0.531838936
0.702424722,0.534450128
0.705810047,0.53698368
0.70899849,0.539368604
0.712142963,0.541720326
0.714183612,0.543240605
0.715659128,0.544336917
0.716595002,0.545028886
0.717185638,0.545463137
0.717524395,0.545709843
0.71767048,0.54581343
0.715881485,0.544429507
0.713149166,0.54231909
0.710114904,0.53999975
0.706698017,0.537405547
0.702912258,0.53454301
0.69894028,0.531546984
0.695330585,0.528828842
0.691825952,0.526192545
0.688335154,0.523568033
0.684914278,0.52099687
0.68142746,0.51837579
0.677865496,0.515697478
0.676836421,0.514934124
0.676851279,0.514957401
0.677154271,0.515195302
0.677538372,0.515491818
0.677894026,0.515764678
0.66535643,0.506276034
0.655471833,0.49880365
0.653251416,0.497137927
0.645385187,0.491170952
0.640480991,0.487453515
0.637786913,0.485415566
0.635170271,0.483433148
0.630591176,0.479950165
0.626816218,0.477077821
0.623319264,0.474414941
0.619868754,0.471784793
0.615939124,0.46878507
0.612960898,0.466511665
0.609832162,0.464120387
0.607731929,0.462516331
0.608410016,0.463043493
0.606932502,0.461913974
0.605287085,0.460654704
0.603964837,0.459642955
0.601136571,0.457472651
0.597451117,0.454641522
0.593302141,0.451451237
0.589079411,0.448201107
0.584840666,0.444935172
0.579732167,0.440992708
0.694794383,0.528665769
0.728330933,0.553834981
0.748644157,0.568981444
0.761438065,0.578465325
0.769696777,0.584514003
0.774858556,0.588266752
0.777229903,0.589950163
0.778019477,0.590467382
0.777726824,0.590190275
0.776722053,0.58939325
0.775262441,0.588265655
0.773500784,0.58691943
0.77111699,0.585112612
0.769005837,0.583515663
0.766996052,0.581997824
0.764922441,0.580433948
0.762722204,0.578776406
0.753866808,0.572138908
0.743291163,0.564255581
0.736874331,0.559476826
0.729307718,0.553824197
0.721106137,0.54769265
0.71279895,0.541519061
0.704657166,0.535440658
0.696365679,0.529193641
0.688898348,0.5235717
0.683764603,0.519706179
0.682578027,0.518807802
0.679692417,0.51662894
0.675854909,0.51373377
0.67413256,0.51243202
0.67557556,0.51351179
0.676952465,0.514541116
0.680191253,0.516970661
0.681089279,0.51764022
0.680751164,0.517382394
0.769233581,0.584228885
0.753105542,0.572150406
0.682791965,0.519069605
0.767417967,0.582903094
0.675841907,0.513858862
0.675332196,0.513408574
0.671088853,0.51019071
0.66409925,0.504919527
0.658906292,0.501004275
0.657650801,0.500051619
0.654781374,0.497881528
0.651080074,0.495084668
0.858805964,0.652532102
0.848999627,0.644554433
0.664543618,0.504808349
0.749101669,0.568756361
0.663827778,0.504559729
0.657760636,0.49996332
0.859532622,0.652753841
0.849129008,0.644426191
0.666614927,0.506323465
0.752540811,0.571321678
0.670059296,0.509258732
0.670440141,0.509534389
0.668622022,0.508191695
0.664480191,0.505104202
0.66246494,0.50361277
0.664629667,0.505259582
0.665226882,0.50572059
0.669279919,0.508779881
0.677622205,0.51505652
0.684380951,0.520136763
0.691893321,0.525782565
0.698935406,0.531075406
0.705606464,0.536090709
0.599014501,0.454815906
0.362234993,0.268279937
0.222109442,0.16191119
0.657744736,0.500765007
0.613999108,0.467598817
0.592878251,0.451425932
0.582685803,0.443546454
0.474966293,0.358818637
0.375110267,0.27671156
0.199863633,0.147688478
8.32E-02,6.21E-02
0.705681232,0.537507448
0.648750345,0.494308951
0.365246793,0.267274351
0.165082922,0.12282171
9.52E-02,7.20E-02
0.142542006,0.109702119
0.141276124,0.109712806
0.759071414,0.577601004
0.151463202,0.113928269
0.124696541,9.57E-02
0.176035613,0.128487595
0.308583086,0.225273236
0.363711279,0.266426213
0.731882237,0.557486166
0.669439083,0.51011372
0.642549701,0.489580315
0.624064842,0.475399927
0.615352025,0.468697429
0.611556049,0.465772041
0.610709908,0.465115459
0.611045179,0.46533077
0.611991208,0.46599129
0.613194943,0.46686515
0.614551387,0.467867515
0.615992651,0.468943195
0.617536659,0.470103607
0.618150853,0.470556474
0.618229523,0.470603427
0.618241373,0.470602614
0.61845053,0.470755293
0.618430161,0.47073396
0.618309631,0.470637409
0.61828986,0.470619137
0.618275075,0.470605476
0.618239233,0.470576283
0.618105188,0.470472357
0.617885439,0.470303201
0.617580058,0.470068871
0.616258407,0.469056501
0.614339551,0.467586926
0.61213268,0.465896822
0.60957733,0.463939251
0.606887597,0.461877965
0.604107686,0.459746616
0.720976915,0.548345491
0.751728898,0.571342246
0.767776021,0.583248886
0.775276486,0.588748101
0.777842963,0.590567837
0.765480298,0.581103019
0.75078172,0.570005682
0.743668183,0.564636445
0.735630051,0.558571835
0.727479005,0.552419867
0.719741995,0.546584869
0.712406965,0.541055518
0.705033835,0.535499846
0.698078891,0.530259727
0.691376401,0.525209711
0.68486395,0.520302573
0.677717831,0.514919215
0.671578531,0.510292541
0.666602546,0.506540491
0.662379886,0.503354847
0.658570585,0.500478077
0.655071742,0.497832065
0.651775451,0.495336594
0.648637685,0.49296567
0.646565716,0.49140376
0.645085037,0.490290077
0.644223615,0.48964361
0.643659304,0.489220972
0.643195137,0.488873663
0.642761731,0.488549427
0.751986019,0.570975531
0.754860794,0.573138699
0.679578698,0.516312729
0.765787504,0.581325596
0.675248923,0.513092334
0.676249538,0.51378899
0.674924814,0.512812838
0.671248603,0.510098301
0.669583847,0.508886717
0.669693793,0.508999635
0.670497264,0.509625763
0.671747213,0.510581632
0.66930626,0.50875894
0.671031493,0.510066647
0.672372399,0.511081446
0.673002066,0.511559601
0.675987537,0.513808141
0.676520493,0.514210908
0.67403683,0.512346345
0.672853673,0.511461701
0.672262283,0.511022234
0.671888494,0.51074601
0.673886425,0.512252532
0.673666884,0.512089911
0.672132643,0.510938681
0.669073873,0.508642648
0.667273656,0.507294349
0.666466324,0.5066923
0.668152019,0.507964097
0.667704664,0.507629439
0.7640004,0.580345456
0.754109081,0.572967066
0.684559617,0.520463714
0.772583347,0.586873524
0.681605475,0.518284629
0.688094447,0.523125383
0.773973359,0.587983035
0.753399427,0.572622949
0.686235248,0.521861437
0.772058585,0.586663387
0.681951713,0.518654118
0.690124189,0.524783907
0.770623134,0.585617525
0.746891081,0.567716028
0.684485531,0.520581584
0.764264507,0.580810757
0.857291546,0.650553759
0.678757977,0.516033096
0.573013023,0.435494011
0.547468077,0.415762913
0.534515565,0.40572891
0.528513794,0.401100022
0.526954286,0.399944475
0.527729089,0.400612395
0.538169956,0.408872189
0.54380162,0.413319796
0.548263687,0.416834119
0.552490067,0.420152087
0.556680712,0.423432239
0.567812629,0.432103271
0.579268238,0.440992062
0.58606908,0.446249828
0.594445418,0.452706915
0.603674538,0.45979646
0.612855512,0.466825785
0.621970846,0.473784016
0.630772417,0.480483954
0.639438708,0.487064956
0.648244033,0.493737752
0.657151614,0.500473323
0.66615534,0.5072688
0.6751875,0.514073792
0.168475084,0.12790888
0.584376642,0.439718713
0.91298285,0.694257099
0.868023602,0.660057939
0.797639042,0.606940491
0.767843937,0.584577695
8.04E-03,6.74E-03
9.11E-05,7.74E-05
2.84E-04,2.43E-04
0.679129576,0.515794027
0.633492314,0.481537472
0.616520501,0.468778344
1.62E-02,1.32E-02
2.77E-04,2.33E-04
0.246887547,0.445614876
0.699359378,0.53214724
0.649495476,0.494511007
0.632143348,0.481331339
0.136494193,0.111960642
4.11E-03,3.42E-03
4.91E-02,3.23E-02
0.778246604,0.573565281
0.701126414,0.519693288
0.672099999,0.499216439
6.61E-03,5.37E-03
7.16E-03,5.96E-03
0.609172162,0.428371371
0.784511124,0.561712745
0.728852295,0.520975214
0.709836337,0.50729835
7.34E-03,5.86E-03
0.351736825,0.24396901
0.822206025,0.575630172
0.817420518,0.573216806
0.743725974,0.522105988
0.385144379,0.287767342
6.03E-03,4.79E-03
8.32E-03,6.70E-03
0.816233371,0.568761562
0.753749157,0.523060396
0.72804076,0.50519828
0.717848477,0.498373537
0.47836226,0.328540021
0.919390168,0.634349448
1.087858112,0.749702284
0.97691103,0.67446008
0.902945714,0.626029591
0.879613456,0.611607637
0.60456167,0.421613044
0.763671928,0.533645506
0.782143356,0.546027572
0.931137565,0.648355306
0.871545954,0.607938863
0.840936891,0.587859691
0.522887119,0.361987346
0.758401556,0.530654653
0.946601226,0.659911516
0.877797966,0.612279844
0.844632971,0.590210236
0.828141858,0.57954685
0.804819091,0.564497503
0.778526173,0.547920123
0.752601681,0.530923547
0.729613331,0.513785585
0.708168289,0.496561276
0.687252004,0.47940961
0.683812393,0.47359497
0.689087398,0.473603578
0.697829662,0.476301293
0.708270937,0.480401239
0.71903499,0.485233131
0.729651255,0.49044847
0.736693534,0.494085064
0.740965984,0.496947784
0.744003924,0.499417063
0.746618125,0.501669506
0.748894254,0.503817405
0.750908686,0.505905127
0.749171248,0.510574528
0.745292798,0.516445173
0.744246826,0.522817685
0.744519127,0.529520799
0.74564056,0.536473724
0.747403809,0.54360673
0.865006003,0.632298457
0.775532441,0.571148244
0.784836172,0.582101978
0.786181768,0.58627283
0.78338732,0.586706556
