fuel_flow,power
0.0161,184.75
0.0156,179
0.0156,179
0.0156,179
0.0156,179
0.0156,179
0.0157,179.5
0.0157,180
0.0157,180
0.0157,180
0.0157,180
0.0157,180
0.0157,180
0.0158,181
0.0158,181
0.0158,181
0.0158,181
0.0158,181
0.0158,181
0.0159,182
0.0159,182
0.0159,182
0.0159,182
0.0159,182
0.0159,182
0.016,183
0.016,183
0.016,183
0.016,183
0.016,183
0.016,183
0.0161,184
0.0161,184
0.0161,184
0.0161,184
0.0161,184
0.0161,184
0.0161,185
0.0161,185
0.0161,185
0.0161,185
0.0161,185
0.0162,185.8571429
0.0162,186
0.0162,186
0.0162,186
0.0162,186
0.0162,186
0.0163,186.5
0.0163,187
0.0163,187
0.0163,187
0.0163,187
0.0163,187
0.0163,187
0.0164,188
0.0164,188
0.0164,188
0.0164,188
0.0164,188
0.0164,188
0.0165,189
0.0165,189
0.0165,189
0.0165,189
0.0165,189
0.0165,189
0.0165,190
0.0165,190
0.0165,190
0.0165,190
0.0165,190
0.0165,190
0.0166,191
0.0166,191
0.0166,191
0.0166,191
0.0166,191
0.0166,191
0.0167,192
0.0167,192
0.0167,192
0.0167,192
0.0167,192
0.0167,192
0.0168,193
0.0168,193
0.0168,193
0.0168,193
0.0168,193
0.0168,193
0.0169,194
0.0169,194
0.0169,194
0.0169,194
0.0169,194
0.0169,194
0.0169,195
0.0169,195
0.0169,195
0.0169,195
0.0169,195
0.0169,195
0.017,196
0.017,196
0.017,196
0.017,196
0.017,196
0.0171,196.5
0.0171,197
0.0171,197
0.0171,197
0.0171,197
0.0171,197
0.0171,197
0.0172,198
0.0172,198
0.0172,198
0.0172,198
0.0172,198
0.0172,198
0.0173,199
0.0173,199
0.0173,199
0.0173,199
0.0173,199
0.0173,199
0.0174,200
0.0174,200
0.0174,200
0.0174,200
0.0174,200
0.0174,200
0.0174,201
0.0174,201
0.0174,201
0.0174,201
0.0174,201
0.0174,201
0.0175,202
0.0175,202
0.0175,202
0.0175,202
0.0175,202
0.0415,487
0.0393,464
0.0393,464
0.0393,464
0.0393,464
0.0393,464
0.0393,464
0.0394,465
0.0394,465
0.0394,465
0.0394,465
0.0394,465
0.0394,465
0.0395,466
0.0395,466
0.0395,466
0.0395,466
0.0395,466
0.0395,466
0.0396,467
0.0396,467
0.0396,467
0.0396,467
0.0396,467
0.0396,467
0.0397,468
0.0397,468
0.0397,468
0.0397,468
0.0397,468
0.0397,468
0.0398,469
0.0398,469
0.0398,469
0.0398,469
0.0398,469
0.0398,469
0.0399,470
0.0399,470
0.0399,470
0.0399,470
0.0399,470
0.0399,470
0.04,471
0.04,471
0.04,471
0.04,471
0.04,471
0.04,471
0.0401,472
0.0401,472
0.0401,472
0.0401,472
0.0401,472
0.0401,472
0.0402,473
0.0402,473
0.0402,473
0.0402,473
0.0402,473
0.0402,473
0.0403,474
0.0403,474
0.0403,474
0.0403,474
0.0403,474
0.0403,474
0.0404,475
0.0404,475
0.0404,475
0.0404,475
0.0404,475
0.0404,475
0.0405,476
0.0405,476
0.0405,476
0.0405,476
0.0405,476
0.0405,476
0.0406,477
0.0406,477
0.0406,477
0.0406,477
0.0406,477
0.0406,477
0.0406,478
0.0406,478
0.0406,478
0.0406,478
0.0406,478
0.0406,478
0.0407,479
0.0407,479
0.0407,479
0.0407,479
0.0407,479
0.0407,479
0.0408,480
0.0408,480
0.0408,480
0.0408,480
0.0408,480
0.0408,480
0.0409,481
0.0409,481
0.0409,481
0.0409,481
0.0409,481
0.0409,481
0.041,482
0.041,482
0.041,482
0.041,482
0.041,482
0.041,482
0.0411,483
0.0411,483
0.0411,483
0.0411,483
0.0411,483
0.0411,483
0.0412,484
0.0412,484
0.0412,484
0.0412,484
0.0412,484
0.0412,484
0.0413,485
0.0413,485
0.0413,485
0.0413,485
0.0413,485
0.0413,485
0.0414,486
0.0414,486
0.0414,486
0.0414,486
0.0414,486
0.0414,486
0.0415,487
0.0415,487
0.0415,487
0.0415,487
0.0415,487
0.0137,154.9280039
0.0133,150
0.0133,150
0.0133,150
0.0133,150
0.0133,150
0.0133,150
0.0133,151
0.0133,151
0.0133,151
0.0133,151
0.0133,151
0.0133,151
0.0134,152
0.0134,152
0.0134,152
0.0134,152
0.0134,152
0.0134,152
0.0135,153
0.0135,153
0.0135,153
0.0135,153
0.0135,153
0.0135,153
0.0136,154
0.0136,154
0.0136,154
0.0136,154
0.0136,154
0.0136,154
0.0137,155
0.0137,155
0.0137,155
0.0137,155
0.0137,155
0.0137,155
0.0138,156
0.0138,156
0.0138,156
0.0138,156
0.0138,156
0.0138,156
0.0138,157
0.0138,157
0.0138,157
0.0138,157
0.0138,157
0.0139,157.6666667
0.0139,158
0.0139,158
0.0139,158
0.0139,158
0.0139,158
0.0139,158
0.014,159
0.014,159
0.014,159
0.014,159
0.014,159
0.014,159
0.0141,160
0.0141,160
0.0141,160
0.0141,160
0.0141,160
0.0141,160
0.0142,161
0.0142,161
0.0142,161
0.0142,161
0.0142,161
0.0142,161
0.0143,162
0.0143,162
0.0143,162
0.0143,162
0.0143,162
0.0143,162
0.0143,163
0.0143,163
0.0143,163
0.0143,163
0.0143,163
0.0143,163
0.0144,164
0.0144,164
0.0144,164
0.0144,164
0.0144,164
0.0144,164
0.0145,165
0.0145,165
0.0145,165
0.0145,165
0.0145,165
0.0146,165.6666667
0.0146,166
0.0146,166
0.0146,166
0.0146,166
0.0146,166
0.0146,166
0.0147,167
0.0147,167
0.0147,167
0.0147,167
0.0147,167
0.0147,167
0.0147,168
0.0147,168
0.0147,168
0.0147,168
0.0147,168
0.0147,168
0.0148,169
0.0148,169
0.0148,169
0.0148,169
0.0148,169
0.0148,169
0.0149,170
0.0149,170
0.0149,170
0.0149,170
0.0149,170
0.0149,170
0.015,171
0.015,171
0.015,171
0.015,171
0.015,171
0.015,171
0.0151,172
0.0151,172
0.0151,172
0.0151,172
0.0151,172
0.0151,172
0.0152,173
0.0152,173
0.0152,173
0.0152,173
0.0152,173
0.0152,173.8
0.0152,174
0.0152,174
0.0152,174
0.0152,174
0.0152,174
0.0152,174
0.0153,175
0.0153,175
0.0153,175
0.0153,175
0.0153,175
0.0153,175
0.0154,176
0.0154,176
0.0154,176
0.0154,176
0.0154,176
0.0154,176
0.0155,177
0.0155,177
0.0155,177
0.0155,177
0.0155,177
0.0155,177
0.0156,178
0.0156,178
0.0156,178
0.0156,178
0.0156,178
0.0156,178
0.0156,179
0.0156,179
0.0156,179
0.0156,179
0.0156,179
0.0156,179
0.0157,180
0.0157,180
0.0157,180
0.0157,180
0.0157,180
0.0157,180
0.0158,181
0.0158,181
0.0158,181
0.0158,181
0.0158,181
0.0159,181.6666667
0.0159,182
0.0159,182
0.0159,182
0.0159,182
0.0159,182
0.0159,182.5
0.016,183
0.016,183
0.016,183
0.016,183
0.016,183
0.016,183
0.0161,184
0.0161,184
0.0161,184
0.0161,184
0.0161,184
0.0161,184
0.0161,185
0.0161,185
0.0161,185
0.0161,185
0.0161,185
0.0161,185
0.0162,186
0.0162,186
0.0162,186
0.0162,186
0.0162,186
0.0162,186
0.0163,187
0.0163,187
0.0163,187
0.0163,187
0.0163,187
0.0163,187
0.0164,188
0.0164,188
0.0164,188
0.0164,188
0.0164,188
0.0164,188
0.0165,189
0.0165,189
0.0165,189
0.0165,189
0.0165,189
0.0165,189.75
0.0165,190
0.0165,190
0.0165,190
0.0165,190
0.0165,190
0.0165,190
0.0166,191
0.0166,191
0.0166,191
0.0166,191
0.0166,191
0.0166,191
0.0167,192
0.0167,192
0.0167,192
0.0167,192
0.0167,192
0.0167,192
0.0168,193
0.0168,193
0.0168,193
0.0168,193
0.0168,193
0.0168,193
0.0169,194
0.0169,194
0.0169,194
0.0169,194
0.0169,194
0.0169,194
0.0169,195
0.0169,195
0.0169,195
0.0169,195
0.0169,195
0.0169,195
0.017,196
0.017,196
0.017,196
0.017,196
0.017,196
0.0171,196.6666667
0.0171,197
0.0171,197
0.0171,197
0.0171,197
0.0171,197
0.0171,197
0.0172,198
0.0172,198
0.0172,198
0.0172,198
0.0172,198
0.0172,198
0.0173,199
0.0173,199
0.0173,199
0.0173,199
0.0173,199
0.0173,199
0.0174,200
0.0174,200
0.0174,200
0.0174,200
0.0174,200
0.0174,200
0.0174,201
0.0174,201
0.0174,201
0.0174,201
0.0174,201
0.0174,201
0.0175,202
0.0175,202
0.0175,202
0.0175,202
0.0175,202
0.0175,202
0.0176,203
0.0176,203
0.0176,203
0.0176,203
0.0176,203
0.0176,203
0.0177,204
0.0177,204
0.0177,204
0.0177,204
0.0177,204
0.0177,204.75
0.0178,205
0.0178,205
0.0178,205
0.0178,205
0.0178,205
0.0178,205.6666667
0.0178,206
0.0178,206
0.0178,206
0.0178,206
0.0178,206
0.0178,206
0.0179,207
0.0179,207
0.0179,207
0.0179,207
0.0179,207
0.0179,207
0.018,208
0.018,208
0.018,208
0.018,208
0.018,208
0.018,208
0.0181,209
0.0181,209
0.0181,209
0.0181,209
0.0181,209
0.0181,209
0.0182,210
0.0182,210
0.0182,210
0.0182,210
0.0182,210
0.0182,210
0.0182,211
0.0182,211
0.0182,211
0.0182,211
0.0182,211
0.0182,211
0.0183,212
0.0183,212
0.0183,212
0.0183,212
0.0183,212
0.0183,212
0.0184,213
0.0184,213
0.0184,213
0.0184,213
0.0184,213
0.0185,213.75
0.0185,214
0.0185,214
0.0185,214
0.0185,214
0.0185,214
0.0185,214
0.0186,215
0.0186,215
0.0186,215
0.0186,215
0.0186,215
0.0186,215
0.0186,216
0.0186,216
0.0186,216
0.0186,216
0.0186,216
0.0186,216
0.0187,217
0.0187,217
0.0187,217
0.0187,217
0.0187,217
0.0187,217
0.0188,218
0.0188,218
0.0188,218
0.0188,218
0.0188,218
0.0188,218
0.0189,219
0.0189,219
0.0189,219
0.0189,219
0.0189,219
0.0189,219
0.019,220
0.019,220
0.019,220
0.019,220
0.019,220
0.019,220.6666667
0.0191,221
0.0191,221
0.0191,221
0.0191,221
0.0191,221
0.0191,221
0.0191,222
0.0191,222
0.0191,222
0.0191,222
0.0191,222
0.0191,222
0.0192,223
0.0192,223
0.0192,223
0.0192,223
0.0192,223
0.0192,223
0.0193,224
0.0193,224
0.0193,224
0.0193,224
0.0193,224
0.0193,224
0.0194,225
0.0194,225
0.0194,225
0.0194,225
0.0194,225
0.0194,225
0.0195,226
0.0195,226
0.0195,226
0.0195,226
0.0195,226
0.0195,226
0.0195,227
0.0195,227
0.0195,227
0.0195,227
0.0195,227
0.0195,227
0.0196,228
0.0196,228
0.0196,228
0.0196,228
0.0196,228
0.0197,228.75
0.0197,229
0.0197,229
0.0197,229
0.0197,229
0.0197,229
0.0197,229.6666667
0.0198,230
0.0198,230
0.0198,230
0.0198,230
0.0198,230
0.0198,230
0.0199,231
0.0199,231
0.0199,231
0.0199,231
0.0199,231
0.0199,231
0.0199,232
0.0199,232
0.0199,232
0.0199,232
0.0199,232
0.0199,232
0.02,233
0.02,233
0.02,233
0.02,233
0.02,233
0.02,233
0.0201,234
0.0201,234
0.0201,234
0.0201,234
0.0201,234
0.0201,234
0.0202,235
0.0202,235
0.0202,235
0.0202,235
0.0202,235
0.0202,235
0.0203,236
0.0203,236
0.0203,236
0.0203,236
0.0203,236
0.0203,236
0.0203,237
0.0203,237
0.0203,237
0.0203,237
0.0203,237
0.0204,237.75
0.0204,238
0.0204,238
0.0204,238
0.0204,238
0.0204,238
0.0204,238
0.0205,239
0.0205,239
0.0205,239
0.0205,239
0.0205,239
0.0205,239
0.0206,240
0.0206,240
0.0206,240
0.0206,240
0.0206,240
0.0206,240
0.0207,241
0.0207,241
0.0207,241
0.0207,241
0.0207,241
0.0207,241
0.0207,242
0.0207,242
0.0207,242
0.0207,242
0.0207,242
0.0207,242
0.0208,243
0.0208,243
0.0208,243
0.0208,243
0.0208,243
0.0208,243
0.0209,244
0.0209,244
0.0209,244
0.0209,244
0.0209,244
0.021,244.6666667
0.021,245
0.021,245
0.021,245
0.021,245
0.021,245
0.021,245
0.0211,246
0.0211,246
0.0211,246
0.0211,246
0.0211,246
0.0211,246
0.0211,247
0.0211,247
0.0211,247
0.0211,247
0.0211,247
0.0211,247
0.0212,248
0.0212,248
0.0212,248
0.0212,248
0.0212,248
0.0212,248
0.0213,249
0.0213,249
0.0213,249
0.0213,249
0.0213,249
0.0213,249
0.0214,250
0.0214,250
0.0214,250
0.0214,250
0.0214,250
0.0214,250
0.0215,251
0.0215,251
0.0215,251
0.0215,251
0.0215,251
0.0215,251
0.0215,252
0.0215,252
0.0215,252
0.0215,252
0.0215,252
0.0216,252.6666667
0.0216,253
0.0216,253
0.0216,253
0.0216,253
0.0216,253
0.0217,253.6666667
0.0217,254
0.0217,254
0.0217,254
0.0217,254
0.0217,254
0.0217,254
0.0218,255
0.0218,255
0.0218,255
0.0218,255
0.0218,255
0.0218,255
0.0219,256
0.0219,256
0.0219,256
0.0219,256
0.0219,256
0.0219,256
0.0219,257
0.0219,257
0.0219,257
0.0219,257
0.0219,257
0.0219,257
0.022,258
0.022,258
0.022,258
0.022,258
0.022,258
0.022,258
0.0221,259
0.0221,259
0.0221,259
0.0221,259
0.0221,259
0.0221,259
0.0222,260
0.0222,260
0.0222,260
0.0222,260
0.0222,260
0.0222,260
0.0223,261
0.0223,261
0.0223,261
0.0223,261
0.0223,261
0.0223,261.75
0.0224,262
0.0224,262
0.0224,262
0.0224,262
0.0224,262
0.0224,262
0.0224,263
0.0224,263
0.0224,263
0.0224,263
0.0224,263
0.0224,263
0.0225,264
0.0225,264
0.0225,264
0.0225,264
0.0225,264
0.0225,264
0.0226,265
0.0226,265
0.0226,265
0.0226,265
0.0226,265
0.0226,265
0.0227,266
0.0227,266
0.0227,266
0.0227,266
0.0227,266
0.0227,266
0.0228,267
0.0228,267
0.0228,267
0.0228,267
0.0228,267
0.0228,267
0.0228,268
0.0228,268
0.0228,268
0.0228,268
0.0228,268
0.0229,268.6666667
0.0229,269
0.0229,269
0.0229,269
0.0229,269
0.0229,269
0.0229,269
0.023,270
0.023,270
0.023,270
0.023,270
0.023,270
0.023,270
0.0231,271
0.0231,271
0.0231,271
0.0231,271
0.0231,271
0.0231,271
0.0232,272
0.0232,272
0.0232,272
0.0232,272
0.0232,272
0.0232,272
0.0232,273
0.0232,273
0.0232,273
0.0232,273
0.0232,273
0.0232,273
0.0233,274
0.0233,274
0.0233,274
0.0233,274
0.0233,274
0.0233,274
0.0234,275
0.0234,275
0.0234,275
0.0234,275
0.0234,275
0.0234,275
0.0235,276
0.0235,276
0.0235,276
0.0235,276
0.0235,276
0.0235,276
0.0236,277
0.0236,277
0.0236,277
0.0236,277
0.0236,277
0.0236,277.5
0.0236,278
0.0236,278
0.0236,278
0.0236,278
0.0236,278
0.0236,278
0.0237,279
0.0237,279
0.0237,279
0.0237,279
0.0237,279
0.0237,279
0.0238,280
0.0238,280
0.0238,280
0.0238,280
0.0238,280
0.0238,280
0.0239,281
0.0239,281
0.0239,281
0.0239,281
0.0239,281
0.0239,281
0.024,282
0.024,282
0.024,282
0.024,282
0.024,282
0.024,282
0.024,283
0.024,283
0.024,283
0.024,283
0.024,283
0.024,283
0.0241,284
0.0241,284
0.0241,284
0.0241,284
0.0241,284
0.0241,284
0.0242,285
0.0242,285
0.0242,285
0.0242,285
0.0242,285
0.0242,285
0.0243,286
0.0243,286
0.0243,286
0.0243,286
0.0243,286
0.0243,286
0.0244,287
0.0244,287
0.0244,287
0.0244,287
0.0244,287
0.0244,287.6666667
0.0244,288
0.0244,288
0.0244,288
0.0244,288
0.0244,288
0.0244,288
0.0245,289
0.0245,289
0.0245,289
0.0245,289
0.0245,289
0.0245,289
0.0246,290
0.0246,290
0.0246,290
0.0246,290
0.0246,290
0.0246,290
0.0247,291
0.0247,291
0.0247,291
0.0247,291
0.0247,291
0.0247,291
0.0248,292
0.0248,292
0.0248,292
0.0248,292
0.0248,292
0.0248,292
0.0249,293
0.0249,293
0.0249,293
0.0249,293
0.0249,293
0.0249,293
0.0249,294
0.0249,294
0.0249,294
0.0249,294
0.0249,294
0.0249,294
0.025,295
0.025,295
0.025,295
0.025,295
0.025,295
0.025,295
0.0251,296
0.0251,296
0.0251,296
0.0251,296
0.0251,296
0.0251,296
0.0252,297
0.0252,297
0.0252,297
0.0252,297
0.0252,297
0.0252,297
0.0253,298
0.0253,298
0.0253,298
0.0253,298
0.0253,298
0.0253,298
0.0253,299
0.0253,299
0.0253,299
0.0253,299
0.0253,299
0.0253,299
0.0254,300
0.0254,300
0.0254,300
0.0254,300
0.0254,300
0.0254,300
0.0255,301
0.0255,301
0.0255,301
0.0255,301
0.0255,301
0.0256,301.6666667
0.0256,302
0.0256,302
0.0256,302
0.0256,302
0.0256,302
0.0256,302
0.0257,303
0.0257,303
0.0257,303
0.0257,303
0.0257,303
0.0257,303
0.0257,304
0.0257,304
0.0257,304
0.0257,304
0.0257,304
0.0257,304
0.0258,305
0.0258,305
0.0258,305
0.0258,305
0.0258,305
0.0258,305
0.0259,306
0.0259,306
0.0259,306
0.0259,306
0.0259,306
0.0259,306
0.026,307
0.026,307
0.026,307
0.026,307
0.026,307
0.026,307
0.0261,308
0.0261,308
0.0261,308
0.0261,308
0.0261,308
0.0261,308
0.0261,309
0.0261,309
0.0261,309
0.0261,309
0.0261,309
0.0262,309.6666667
0.0262,310
0.0262,310
0.0262,310
0.0262,310
0.0262,310
0.0262,310
0.0263,311
0.0263,311
0.0263,311
0.0263,311
0.0263,311
0.0263,311
0.0264,312
0.0264,312
0.0264,312
0.0264,312
0.0264,312
0.0264,312
0.0265,313
0.0265,313
0.0265,313
0.0265,313
0.0265,313
0.0265,313
0.0266,314
0.0266,314
0.0266,314
0.0266,314
0.0266,314
0.0266,314
0.0266,315
0.0266,315
0.0266,315
0.0266,315
0.0266,315
0.0266,315
0.0267,316
0.0267,316
0.0267,316
0.0267,316
0.0267,316
0.0267,316
0.0268,317
0.0268,317
0.0268,317
0.0268,317
0.0268,317
0.0268,317
0.0269,318
0.0269,318
0.0269,318
0.0269,318
0.0269,318
0.0269,318
0.027,319
0.027,319
0.027,319
0.027,319
0.027,319
0.027,319
0.027,320
0.027,320
0.027,320
0.027,320
0.027,320
0.027,320
0.0271,321
0.0271,321
0.0271,321
0.0271,321
0.0271,321
0.0271,321
0.0272,322
0.0272,322
0.0272,322
0.0272,322
0.0272,322
0.0272,322
0.0273,323
0.0273,323
0.0273,323
0.0273,323
0.0273,323
0.0273,323
0.0274,324
0.0274,324
0.0274,324
0.0274,324
0.0274,324
0.0274,324.75
0.0275,325
0.0275,325
0.0275,325
0.0275,325
0.0275,325
0.0275,325.6666667
0.0275,326
0.0275,326
0.0275,326
0.0275,326
0.0275,326
0.0275,326
0.0276,327
0.0276,327
0.0276,327
0.0276,327
0.0276,327
0.0276,327
0.0277,328
0.0277,328
0.0277,328
0.0277,328
0.0277,328
0.0277,328
0.0278,329
0.0278,329
0.0278,329
0.0278,329
0.0278,329
0.0278,329
0.0279,330
0.0279,330
0.0279,330
0.0279,330
0.0279,330
0.0279,330
0.0279,331
0.0279,331
0.0279,331
0.0279,331
0.0279,331
0.0279,331
0.028,332
0.028,332
0.028,332
0.028,332
0.028,332
0.028,332
0.0281,333
0.0281,333
0.0281,333
0.0281,333
0.0281,333
0.0282,333.75
0.0282,334
0.0282,334
0.0282,334
0.0282,334
0.0282,334
0.0282,334
0.0283,335
0.0283,335
0.0283,335
0.0283,335
0.0283,335
0.0283,335
0.0284,336
0.0284,336
0.0284,336
0.0284,336
0.0284,336
0.0284,336
0.0284,337
0.0284,337
0.0284,337
0.0284,337
0.0284,337
0.0284,337
0.0285,338
0.0285,338
0.0285,338
0.0285,338
0.0285,338
0.0285,338
0.0286,339
0.0286,339
0.0286,339
0.0286,339
0.0286,339
0.0286,339
0.0287,340
0.0287,340
0.0287,340
0.0287,340
0.0287,340
0.0287,340.6666667
0.0288,341
0.0288,341
0.0288,341
0.0288,341
0.0288,341
0.0288,341
0.0288,342
0.0288,342
0.0288,342
0.0288,342
0.0288,342
0.0288,342
0.0289,343
0.0289,343
0.0289,343
0.0289,343
0.0289,343
0.0289,343
0.029,344
0.029,344
0.029,344
0.029,344
0.029,344
0.029,344
0.0291,345
0.0291,345
0.0291,345
0.0291,345
0.0291,345
0.0291,345
0.0292,346
0.0292,346
0.0292,346
0.0292,346
0.0292,346
0.0292,346
0.0293,347
0.0293,347
0.0293,347
0.0293,347
0.0293,347
0.0293,347
0.0293,348
0.0293,348
0.0293,348
0.0293,348
0.0293,348
0.0294,348.75
0.0294,349
0.0294,349
0.0294,349
0.0294,349
0.0294,349
0.0295,349.6666667
0.0295,350
0.0295,350
0.0295,350
0.0295,350
0.0295,350
0.0295,350.5
0.0296,351
0.0296,351
0.0296,351
0.0296,351
0.0296,351
0.0296,351
0.0297,352
0.0297,352
0.0297,352
0.0297,352
0.0297,352
0.0297,352
0.0298,353
0.0298,353
0.0298,353
0.0298,353
0.0298,353
0.0298,353
0.0298,354
0.0298,354
0.0298,354
0.0298,354
0.0298,354
0.0298,354
0.0299,355
0.0299,355
0.0299,355
0.0299,355
0.0299,355
0.0299,355
0.03,356
0.03,356
0.03,356
0.03,356
0.03,356
0.03,356
0.0301,357
0.0301,357
0.0301,357
0.0301,357
0.0301,357
0.0301,357.75
0.0302,358
0.0302,358
0.0302,358
0.0302,358
0.0302,358
0.0302,358
0.0302,359
0.0302,359
0.0302,359
0.0302,359
0.0302,359
0.0302,359
0.0303,360
0.0303,360
0.0303,360
0.0303,360
0.0303,360
0.0303,360
0.0304,361
0.0304,361
0.0304,361
0.0304,361
0.0304,361
0.0304,361
0.0305,362
0.0305,362
0.0305,362
0.0305,362
0.0305,362
0.0305,362
0.0306,363
0.0306,363
0.0306,363
0.0306,363
0.0306,363
0.0306,363
0.0307,364
0.0307,364
0.0307,364
0.0307,364
0.0307,364
0.0307,364.6666667
0.0307,365
0.0307,365
0.0307,365
0.0307,365
0.0307,365
0.0307,365
0.0308,366
0.0308,366
0.0308,366
0.0308,366
0.0308,366
0.0308,366
0.0309,367
0.0309,367
0.0309,367
0.0309,367
0.0309,367
0.0309,367
0.031,368
0.031,368
0.031,368
0.031,368
0.031,368
0.031,368
0.0311,369
0.0311,369
0.0311,369
0.0311,369
0.0311,369
0.0311,369
0.0312,370
0.0312,370
0.0312,370
0.0312,370
0.0312,370
0.0312,370
0.0312,371
0.0312,371
0.0312,371
0.0312,371
0.0312,371
0.0312,371
0.0313,372
0.0313,372
0.0313,372
0.0313,372
0.0313,372
0.0314,372.75
0.0314,373
0.0314,373
0.0314,373
0.0314,373
0.0314,373
0.0315,373.6666667
0.0315,374
0.0315,374
0.0315,374
0.0315,374
0.0315,374
0.0315,374
0.0316,375
0.0316,375
0.0316,375
0.0316,375
0.0316,375
0.0316,375
0.0317,376
0.0317,376
0.0317,376
0.0317,376
0.0317,376
0.0317,376
0.0317,377
0.0317,377
0.0317,377
0.0317,377
0.0317,377
0.0317,377
0.0318,378
0.0318,378
0.0318,378
0.0318,378
0.0318,378
0.0318,378
0.0319,379
0.0319,379
0.0319,379
0.0319,379
0.0319,379
0.0319,379
0.032,380
0.032,380
0.032,380
0.032,380
0.032,380
0.032,380
0.0321,381
0.0321,381
0.0321,381
0.0321,381
0.0321,381
0.0321,381.75
0.0322,382
0.0322,382
0.0322,382
0.0322,382
0.0322,382
0.0322,382
0.0323,383
0.0323,383
0.0323,383
0.0323,383
0.0323,383
0.0323,383
0.0323,384
0.0323,384
0.0323,384
0.0323,384
0.0323,384
0.0323,384
0.0324,385
0.0324,385
0.0324,385
0.0324,385
0.0324,385
0.0324,385
0.0325,386
0.0325,386
0.0325,386
0.0325,386
0.0325,386
0.0325,386
0.0326,387
0.0326,387
0.0326,387
0.0326,387
0.0326,387
0.0326,387
0.0327,388
0.0327,388
0.0327,388
0.0327,388
0.0327,388
0.0327,388.6666667
0.0328,389
0.0328,389
0.0328,389
0.0328,389
0.0328,389
0.0328,389
0.0328,390
0.0328,390
0.0328,390
0.0328,390
0.0328,390
0.0328,390
0.0329,391
0.0329,391
0.0329,391
0.0329,391
0.0329,391
0.0329,391
0.033,392
0.033,392
0.033,392
0.033,392
0.033,392
0.033,392
0.0331,393
0.0331,393
0.0331,393
0.0331,393
0.0331,393
0.0331,393
0.0332,394
0.0332,394
0.0332,394
0.0332,394
0.0332,394
0.0332,394
0.0333,395
0.0333,395
0.0333,395
0.0333,395
0.0333,395
0.0333,395
0.0334,396
0.0334,396
0.0334,396
0.0334,396
0.0334,396
0.0334,396.75
0.0334,397
0.0334,397
0.0334,397
0.0334,397
0.0334,397
0.0335,397.6666667
0.0335,398
0.0335,398
0.0335,398
0.0335,398
0.0335,398
0.0335,398
0.0336,399
0.0336,399
0.0336,399
0.0336,399
0.0336,399
0.0336,399
0.0337,400
0.0337,400
0.0337,400
0.0337,400
0.0337,400
0.0337,400
0.0338,401
0.0338,401
0.0338,401
0.0338,401
0.0338,401
0.0338,401
0.0339,402
0.0339,402
0.0339,402
0.0339,402
0.0339,402
0.0339,402
0.034,403
0.034,403
0.034,403
0.034,403
0.034,403
0.034,403
0.034,404
0.034,404
0.034,404
0.034,404
0.034,404
0.034,404
0.0341,405
0.0341,405
0.0341,405
0.0341,405
0.0341,405
0.0342,405.75
0.0342,406
0.0342,406
0.0342,406
0.0342,406
0.0342,406
0.0342,406
0.0343,407
0.0343,407
0.0343,407
0.0343,407
0.0343,407
0.0343,407
0.0344,408
0.0344,408
0.0344,408
0.0344,408
0.0344,408
0.0344,408
0.0345,409
0.0345,409
0.0345,409
0.0345,409
0.0345,409
0.0345,409
0.0346,410
0.0346,410
0.0346,410
0.0346,410
0.0346,410
0.0346,410
0.0346,411
0.0346,411
0.0346,411
0.0346,411
0.0346,411
0.0346,411
0.0347,412
0.0347,412
0.0347,412
0.0347,412
0.0347,412
0.0348,412.6666667
0.0348,413
0.0348,413
0.0348,413
0.0348,413
0.0348,413
0.0348,413
0.0349,414
0.0349,414
0.0349,414
0.0349,414
0.0349,414
0.0349,414
0.035,415
0.035,415
0.035,415
0.035,415
0.035,415
0.035,415
0.0351,416
0.0351,416
0.0351,416
0.0351,416
0.0351,416
0.0351,416
0.0352,417
0.0352,417
0.0352,417
0.0352,417
0.0352,417
0.0352,417
0.0352,418
0.0352,418
0.0352,418
0.0352,418
0.0352,418
0.0352,418
0.0353,419
0.0353,419
0.0353,419
0.0353,419
0.0353,419
0.0353,419
0.0354,420
0.0354,420
0.0354,420
0.0354,420
0.0354,420
0.0355,420.75
0.0355,421
0.0355,421
0.0355,421
0.0355,421
0.0355,421
0.0356,421.6666667
0.0356,422
0.0356,422
0.0356,422
0.0356,422
0.0356,422
0.0356,422
0.0357,423
0.0357,423
0.0357,423
0.0357,423
0.0357,423
0.0357,423
0.0358,424
0.0358,424
0.0358,424
0.0358,424
0.0358,424
0.0358,424
0.0359,425
0.0359,425
0.0359,425
0.0359,425
0.0359,425
0.0359,425
0.0359,426
0.0359,426
0.0359,426
0.0359,426
0.0359,426
0.0359,426
0.036,427
0.036,427
0.036,427
0.036,427
0.036,427
0.036,427
0.0361,428
0.0361,428
0.0361,428
0.0361,428
0.0361,428
0.0361,428
0.0362,429
0.0362,429
0.0362,429
0.0362,429
0.0362,429
0.0363,429.75
0.0363,430
0.0363,430
0.0363,430
0.0363,430
0.0363,430
0.0363,430
0.0364,431
0.0364,431
0.0364,431
0.0364,431
0.0364,431
0.0364,431
0.0365,432
0.0365,432
0.0365,432
0.0365,432
0.0365,432
0.0365,432
0.0366,433
0.0366,433
0.0366,433
0.0366,433
0.0366,433
0.0366,433
0.0366,434
0.0366,434
0.0366,434
0.0366,434
0.0366,434
0.0366,434
0.0367,435
0.0367,435
0.0367,435
0.0367,435
0.0367,435
0.0367,435
0.0368,436
0.0368,436
0.0368,436
0.0368,436
0.0368,436
0.0369,436.6666667
0.0369,437
0.0369,437
0.0369,437
0.0369,437
0.0369,437
0.0369,437
0.037,438
0.037,438
0.037,438
0.037,438
0.037,438
0.037,438
0.0371,439
0.0371,439
0.0371,439
0.0371,439
0.0371,439
0.0371,439
0.0372,440
0.0372,440
0.0372,440
0.0372,440
0.0372,440
0.0372,440
0.0373,441
0.0373,441
0.0373,441
0.0373,441
0.0373,441
0.0373,441
0.0374,442
0.0374,442
0.0374,442
0.0374,442
0.0374,442
0.0374,442
0.0374,443
0.0374,443
0.0374,443
0.0374,443
0.0374,443
0.0374,443
0.0375,444
0.0375,444
0.0375,444
0.0375,444
0.0375,444
0.0376,444.5
0.0376,445
0.0376,445
0.0376,445
0.0376,445
0.0376,445
0.0377,445.5
0.0377,446
0.0377,446
0.0377,446
0.0377,446
0.0377,446
0.0377,446
0.0378,447
0.0378,447
0.0378,447
0.0378,447
0.0378,447
0.0378,447
0.0379,448
0.0379,448
0.0379,448
0.0379,448
0.0379,448
0.0379,448
0.038,449
0.038,449
0.038,449
0.038,449
0.038,449
0.038,449
0.0381,450
0.0381,450
0.0381,450
0.0381,450
0.0381,450
0.0381,450
0.0382,451
0.0382,451
0.0382,451
0.0382,451
0.0382,451
0.0382,451
0.0383,452
0.0383,452
0.0383,452
0.0383,452
0.0383,452
0.0383,452
0.0383,453
0.0383,453
0.0383,453
0.0383,453
0.0383,453
0.0383,453
0.0384,454
0.0384,454
0.0384,454
0.0384,454
0.0384,454
0.0384,454
0.0385,455
0.0385,455
0.0385,455
0.0385,455
0.0385,455
0.0386,455.6666667
0.0386,456
0.0386,456
0.0386,456
0.0386,456
0.0386,456
0.0386,456
0.0387,457
0.0387,457
0.0387,457
0.0387,457
0.0387,457
0.0387,457
0.0388,458
0.0388,458
0.0388,458
0.0388,458
0.0388,458
0.0388,458
0.0389,459
0.0389,459
0.0389,459
0.0389,459
0.0389,459
0.0389,459
0.039,460
0.039,460
0.039,460
0.039,460
0.039,460
0.039,460
0.0391,461
0.0391,461
0.0391,461
0.0391,461
0.0391,461
0.0391,461
0.0392,462
0.0392,462
0.0392,462
0.0392,462
0.0392,462
0.0392,462
0.0393,463
0.0393,463
0.0393,463
0.0393,463
0.0393,463
0.0393,463
0.0393,464
0.0393,464
0.0393,464
0.0393,464
0.0393,464
0.0393,464
0.0394,465
0.0394,465
0.0394,465
0.0394,465
0.0394,465
0.0394,465
0.0395,466
0.0395,466
0.0395,466
0.0395,466
0.0395,466
0.0395,466
0.0396,467
0.0396,467
0.0396,467
0.0396,467
0.0396,467
0.0396,467
0.0397,468
0.0397,468
0.0397,468
0.0397,468
0.0397,468
0.0397,468
0.0398,469
0.0398,469
0.0398,469
0.0398,469
0.0398,469
0.0399,469.5
0.0399,470
0.0399,470
0.0399,470
0.0399,470
0.0399,470
0.0399,470
0.04,471
0.04,471
0.04,471
0.04,471
0.04,471
0.04,471
0.0401,472
0.0401,472
0.0401,472
0.0401,472
0.0401,472
0.0401,472
0.0402,473
0.0402,473
0.0402,473
0.0402,473
0.0402,473
0.0402,473
0.0403,474
0.0403,474
0.0403,474
0.0403,474
0.0403,474
0.0403,474
0.0404,475
0.0404,475
0.0404,475
0.0404,475
0.0404,475
0.0404,475
0.0405,476
0.0405,476
0.0405,476
0.0405,476
0.0405,476
0.0405,476
0.0406,477
0.0406,477
0.0406,477
0.0406,477
0.0406,477
0.0406,477.6666667
0.0406,478
0.0406,478
0.0406,478
0.0406,478
0.0406,478
0.0406,478
0.0407,479
0.0407,479
0.0407,479
0.0407,479
0.0407,479
0.0407,479
0.0408,480
0.0408,480
0.0408,480
0.0408,480
0.0408,480
0.0408,480
0.0409,481
0.0409,481
0.0409,481
0.0409,481
0.0409,481
0.0409,481
0.041,482
0.041,482
0.041,482
0.041,482
0.041,482
0.041,482
0.0411,483
0.0411,483
0.0411,483
0.0411,483
0.0411,483
0.0411,483
0.0412,484
0.0412,484
0.0412,484
0.0412,484
0.0412,484
0.0412,484
0.0413,485
0.0413,485
0.0413,485
0.0413,485
0.0413,485
0.0413,485
0.0414,486
0.0414,486
0.0414,486
0.0414,486
0.0414,486
0.0414,486
0.0415,487
0.0415,487
0.0415,487
0.0415,487
0.0415,487
0.0415,487
0.0416,488
0.0416,488
0.0416,488
0.0416,488
0.0416,488
0.0416,488
0.0417,489
0.0417,489
0.0417,489
0.0417,489
0.0417,489
0.0417,489
0.0418,490
0.0418,490
0.0418,490
0.0418,490
0.0418,490
0.0418,490
0.0419,491
0.0419,491
0.0419,491
0.0419,491
0.0419,491
0.0419,491
0.042,492
0.042,492
0.042,492
0.042,492
0.042,492
0.042,492
0.0421,493
0.0421,493
0.0421,493
0.0421,493
0.0421,493
0.0421,493.6666667
0.0422,494
0.0422,494
0.0422,494
0.0422,494
0.0422,494
0.0422,494
0.0423,495
0.0423,495
0.0423,495
0.0423,495
0.0423,495
0.0423,495
0.0424,496
0.0424,496
0.0424,496
0.0424,496
0.0424,496
0.0424,496
0.0425,497
0.0425,497
0.0425,497
0.0425,497
0.0425,497
0.0425,497
0.0426,498
0.0426,498
0.0426,498
0.0426,498
0.0426,498
0.0426,498
0.0427,499
0.0427,499
0.0427,499
0.0427,499
0.0427,499
0.0427,499
0.0428,500
0.0428,500
0.0428,500
0.0428,500
0.0428,500
0.0428,500
0.0428,501
0.0428,501
0.0428,501
0.0428,501
0.0428,501
0.0429,501.6666667
0.0429,502
0.0429,502
0.0429,502
0.0429,502
0.0429,502
0.0429,502
0.043,503
0.043,503
0.043,503
0.043,503
0.043,503
0.043,503
0.0431,504
0.0431,504
0.0431,504
0.0431,504
0.0431,504
0.0431,504
0.0432,505
0.0432,505
0.0432,505
0.0432,505
0.0432,505
0.0432,505
0.0433,506
0.0433,506
0.0433,506
0.0433,506
0.0433,506
0.0433,506
0.0434,507
0.0434,507
0.0434,507
0.0434,507
0.0434,507
0.0434,507
0.0435,508
0.0435,508
0.0435,508
0.0435,508
0.0435,508
0.0435,508
0.0436,509
0.0436,509
0.0436,509
0.0436,509
0.0436,509
0.0436,509
0.0437,510
0.0437,510
0.0437,510
0.0437,510
0.0437,510
0.0437,510
0.0438,511
0.0438,511
0.0438,511
0.0438,511
0.0438,511
0.0438,511
0.0439,512
0.0439,512
0.0439,512
0.0439,512
0.0439,512
0.0439,512
0.044,513
0.044,513
0.044,513
0.044,513
0.044,513
0.044,513
0.0441,514
0.0441,514
0.0441,514
0.0441,514
0.0441,514
0.0441,514
0.0442,515
0.0442,515
0.0442,515
0.0442,515
0.0442,515
0.0442,515
0.0443,516
0.0443,516
0.0443,516
0.0443,516
0.0443,516
0.0444,516.75
0.0444,517
0.0444,517
0.0444,517
0.0444,517
0.0444,517
0.0445,517.6666667
0.0445,518
0.0445,518
0.0445,518
0.0445,518
0.0445,518
0.0445,518
0.0446,519
0.0446,519
0.0446,519
0.0446,519
0.0446,519
0.0446,519
0.0447,520
0.0447,520
0.0447,520
0.0447,520
0.0447,520
0.0447,520
0.0448,521
0.0448,521
0.0448,521
0.0448,521
0.0448,521
0.0448,521
0.0449,522
0.0449,522
0.0449,522
0.0449,522
0.0449,522
0.0449,522
0.045,523
0.045,523
0.045,523
0.045,523
0.045,523
0.045,523
0.0452,524
0.0452,524
0.0452,524
0.0452,524
0.0452,524
0.0452,524
0.0453,525
0.0453,525
0.0453,525
0.0453,525
0.0453,525
0.0453,525.75
0.0454,526
0.0454,526
0.0454,526
0.0454,526
0.0454,526
0.0454,526
0.0455,527
0.0455,527
0.0455,527
0.0455,527
0.0455,527
0.0455,527
0.0456,528
0.0456,528
0.0456,528
0.0456,528
0.0456,528
0.0456,528
0.0457,529
0.0457,529
0.0457,529
0.0457,529
0.0457,529
0.0457,529
0.0458,530
0.0458,530
0.0458,530
0.0458,530
0.0458,530
0.0458,530
0.0459,531
0.0459,531
0.0459,531
0.0459,531
0.0459,531
0.0459,531
0.046,532
0.046,532
0.046,532
0.046,532
0.046,532
0.0461,532.6666667
0.0461,533
0.0461,533
0.0461,533
0.0461,533
0.0461,533
0.0461,533
0.0462,534
0.0462,534
0.0462,534
0.0462,534
0.0462,534
0.0462,534
0.0463,535
0.0463,535
0.0463,535
0.0463,535
0.0463,535
0.0463,535
0.0464,536
0.0464,536
0.0464,536
0.0464,536
0.0464,536
0.0464,536
0.0465,537
0.0465,537
0.0465,537
0.0465,537
0.0465,537
0.0465,537
0.0466,538
0.0466,538
0.0466,538
0.0466,538
0.0466,538
0.0466,538
0.0467,539
0.0467,539
0.0467,539
0.0467,539
0.0467,539
0.0467,539
0.0468,540
0.0468,540
0.0468,540
0.0468,540
0.0468,540
0.0469,540.75
0.0469,541
0.0469,541
0.0469,541
0.0469,541
0.0469,541
0.047,541.6666667
0.047,542
0.047,542
0.047,542
0.047,542
0.047,542
0.047,542
0.0472,543
0.0472,543
0.0472,543
0.0472,543
0.0472,543
0.0472,543
0.0473,544
0.0473,544
0.0473,544
0.0473,544
0.0473,544
0.0473,544
0.0474,545
0.0474,545
0.0474,545
0.0474,545
0.0474,545
0.0474,545
0.0475,546
0.0475,546
0.0475,546
0.0475,546
0.0475,546
0.0475,546
0.0476,547
0.0476,547
0.0476,547
0.0476,547
0.0476,547
0.0476,547
0.0477,548
0.0477,548
0.0477,548
0.0477,548
0.0477,548
0.0477,548
0.0478,549
0.0478,549
0.0478,549
0.0478,549
0.0478,549
0.0479,549.75
0.0479,550
0.0479,550
0.0479,550
0.0479,550
0.0479,550
0.048,550.5
0.048,551
0.048,551
0.048,551
0.048,551
0.048,551
0.048,551
0.0481,552
0.0481,552
0.0481,552
0.0481,552
0.0481,552
0.0481,552
0.0482,553
0.0482,553
0.0482,553
0.0482,553
0.0482,553
0.0482,553
0.0484,554
0.0484,554
0.0484,554
0.0484,554
0.0484,554
0.0484,554
0.0485,555
0.0485,555
0.0485,555
0.0485,555
0.0485,555
0.0485,555
0.0486,556
0.0486,556
0.0486,556
0.0486,556
0.0486,556
0.0487,556.6666667
0.0487,557
0.0487,557
0.0487,557
0.0487,557
0.0487,557
0.0487,557
0.0487,557.2663277
0.0487,557.2663277
0.0487,557.2663277
0.0487,557.2663277
0.0487,557.2663277
0.0487,557.2663277
0.0487,557.2663277
0.0487,557.2663277
0.0487,557.2663277
0.0487,557.2663277
0.0487,557.2663277
0.0487,557.2663277
0.0487,557.2663277
0.0487,557.2663277
0.0487,557.2663277
0.0487,557.2663277
0.0487,557.2663277
0.0487,557.2663277
0.0487,557.2663277
0.0487,557.2663277
0.0487,557.2663277
0.0487,557.2663277
0.0487,557.2663277
0.0487,557.2663277
0.0487,557.2663277
0.0487,557.2663277
0.0487,557.2663277
0.0487,557.2663277
0.0487,557.2663277
0.0487,557.2663277
0.0487,557.2663277
0.0487,557.2663277
0.0487,557.2663277
0.0487,557.2663277
0.0487,557.2663277
0.0487,557.2663277
0.0487,557.2663277
0.0487,557.2663277
0.0487,557.2663277
0.0487,557.2663277
0.0487,557.2663277
0.0487,557.2663277
0.0487,557.2663277
0.0487,557.2663277
0.0487,557.2663277
0.0487,557.2663277
0.0487,557.2663277
0.0487,557.2663277
0.0487,557.2663277
0.0487,557.2663277
0.0487,557.2663277
0.0487,557.2663277
0.0487,557.2663277
0.0487,557.2663277
0.0487,557.2663277
0.0487,557.2663277
0.0487,557.2663277
0.0487,557.2663277
0.0487,557.2663277
0.0487,557.2663277
0.0487,557.2663277
0.0487,557.2663277
0.0487,557.2663277
0.0487,557.2663277
0.0487,557.2663277
0.0487,557.2663277
0.0487,557.2663277
0.0487,557.2663277
0.0487,557.2663277
0.0487,557.2663277
0.0487,557.2663277
0.0487,557.2663277
0.0487,557.2663277
0.0487,557.2663277
0.0487,557.2663277
0.0487,557.2663277
0.0487,557.2663277
0.0487,557.2663277
0.0487,557.2663277
0.0487,557.2663277
0.0487,557.2663277
0.0487,557.2663277
0.0487,557.2663277
0.0487,557.2663277
0.0487,557.2663277
0.0487,557.2663277
0.0487,557.2663277
0.0487,557.2663277
0.0487,557.2663277
0.0487,557.2663277
0.0487,557.2663277
0.0487,557.2663277
0.0487,557.2663277
0.0487,557.2663277
0.0487,557.2663277
0.0487,557.2663277
0.0487,557.2663277
0.0487,557.2663277
0.0487,557.2663277
0.0487,557.2663277
0.0487,557.2663277
0.0487,557.2663277
0.0487,557.2663277
0.0487,557.2663277
0.0487,557.2663277
0.0487,557.2663277
0.0487,557.2663277
0.0487,557.2663277
0.0487,557.2663277
0.0487,557.2663277
0.0487,557.2663277
0.0487,557.2663277
0.0487,557.2663277
0.0487,557.2663277
0.0487,557.2663277
0.0487,557.2663277
0.0487,557.2663277
0.0487,557.2663277
0.0487,557.2663277
0.0487,557.2663277
0.0487,557.2663277
0.0487,557.2663277
0.0487,557.2663277
0.0487,557.2663277
0.0487,557.2663277
0.0487,557.2663277
0.0487,557.2663277
0.0487,557.2663277
0.0487,557.2663277
0.0487,557.2663277
0.0487,557.2663277
0.0487,557.2663277
0.0487,557.2663277
0.0487,557.2663277
0.0487,557.2663277
0.0487,557.2663277
0.0487,557.2663277
0.0487,557.2663277
0.0487,557.2663277
0.0487,557.2663277
0.0487,557.2663277
0.0487,557.2663277
0.0487,557.2663277
0.0487,557.2663277
0.0487,557.2663277
0.0487,557.2663277
0.0487,557.2663277
0.0487,557.2663277
0.0487,557.2663277
0.0487,557.2663277
0.0487,557.2663277
0.0487,557.2663277
0.0487,557.2663277
0.0487,557.2663277
0.0487,557.2663277
0.0487,557.2663277
0.0487,557.2663277
0.0487,557.2663277
0.0487,557.2663277
0.0487,557.2663277
0.0487,557.2663277
0.0487,557.2663277
0.0487,557.2663277
0.0487,557.2663277
0.0487,557.2663277
0.0487,557.2663277
0.0487,557.2663277
0.0487,557.2663277
0.0487,557.2663277
0.0487,557.2663277
0.0487,557.2663277
0.0487,557.2663277
0.0487,557.2663277
0.0487,557.2663277
0.0487,557.2663277
0.0487,557.2663277
0.0487,557.2663277
0.0487,557.2663277
0.0487,557.2663277
0.0487,557.2663277
0.0487,557.2663277
0.0487,557.2663277
0.0487,557.2663277
0.0487,557.2663277
0.0487,557.2663277
0.0487,557.2663277
0.0487,557.2663277
0.0487,557.2663277
0.0487,557.2663277
0.0487,557.2663277
0.0487,557.2663277
0.0487,557.2663277
0.0487,557.2663277
0.0487,557.2663277
0.0487,557.2663277
0.0487,557.2663277
0.0487,557.2663277
0.0487,557.2663277
0.0487,557.2663277
0.0487,557.2663277
0.0487,557.2663277
0.0487,557.2663277
0.0487,557.2663277
0.0487,557.2663277
0.0487,557.2663277
0.0487,557.2663277
0.0487,557.2663277
0.0487,557.2663277
0.0487,557.2663277
0.0487,557.2663277
0.0487,557.2663277
0.0487,557.2663277
0.0487,557.2663277
0.0487,557.2663277
0.0487,557.2663277
0.0487,557.2663277
0.0487,557.2663277
0.0487,557.2663277
0.0487,557.2663277
0.0487,557.2663277
0.0487,557.2663277
0.0487,557.2663277
0.0487,557.2663277
0.0487,557.2663277
0.0487,557.2663277
0.0487,557.2663277
0.0487,557.2663277
0.0487,557.2663277
0.0487,557.2663277
0.0487,557.2663277
0.0487,557.2663277
0.0487,557.2663277
0.0487,557.2663277
0.0487,557.2663277
0.0487,557.2663277
0.0487,557.2663277
0.0487,557.2663277
0.0487,557.2663277
0.0487,557.2663277
0.0487,557.2663277
0.0487,557.2663277
0.0487,557.2663277
0.0487,557.2663277
0.0487,557.2663277
0.0487,557.2663277
0.0487,557.2663277
0.0487,557.2663277
0.0487,557.2663277
0.0487,557.2663277
0.0487,557.2663277
0.0487,557.2663277
0.0487,557.2663277
0.0487,557.2663277
0.0487,557.2663277
0.0487,557.2663277
0.0487,557.2663277
0.0487,55
