timestamp,I,Po,SOC
01/01/2016 00:00:00,0,0,0.54
01/01/2016 00:05:00,0,0,0.5398
01/01/2016 00:10:00,0,0,0.5396
01/01/2016 00:15:00,0,0,0.5394
01/01/2016 00:20:00,0,0,0.5392
01/01/2016 00:25:00,0,0,0.539
01/01/2016 00:30:00,0,0,0.5388
01/01/2016 00:35:00,0,0,0.5386
01/01/2016 00:40:00,0,0,0.5384
01/01/2016 00:45:00,0,0,0.5382
01/01/2016 00:50:00,0,0,0.538
01/01/2016 00:55:00,0,0,0.5378
01/01/2016 01:00:00,0,0,0.5376
01/01/2016 01:05:00,0,0,0.5374
01/01/2016 01:10:00,0,0,0.5372
01/01/2016 01:15:00,0,0,0.537
01/01/2016 01:20:00,0,0,0.5368
01/01/2016 01:25:00,0,0,0.5366
01/01/2016 01:30:00,0,0,0.5364
01/01/2016 01:35:00,0,0,0.5362
01/01/2016 01:40:00,0,0,0.536
01/01/2016 01:45:00,0,0,0.5358
01/01/2016 01:50:00,0,0,0.5356
01/01/2016 01:55:00,0,0,0.5354
01/01/2016 02:00:00,0,0,0.5352
01/01/2016 02:05:00,0,0,0.535
01/01/2016 02:10:00,0,0,0.5348
01/01/2016 02:15:00,0,0,0.5346
01/01/2016 02:20:00,0,0,0.5344
01/01/2016 02:25:00,0,0,0.5342
01/01/2016 02:30:00,0,0,0.534
01/01/2016 02:35:00,0,0,0.5338
01/01/2016 02:40:00,0,0,0.5336
01/01/2016 02:45:00,0,0,0.5334
01/01/2016 02:50:00,0,0,0.5332
01/01/2016 02:55:00,0,0,0.533
01/01/2016 03:00:00,0,0,0.5328
01/01/2016 03:05:00,0,0,0.5326
01/01/2016 03:10:00,0,0,0.5324
01/01/2016 03:15:00,0,0,0.5322
01/01/2016 03:20:00,0,0,0.532
01/01/2016 03:25:00,0,0,0.5318
01/01/2016 03:30:00,0,0,0.5316
01/01/2016 03:35:00,0,0,0.5314
01/01/2016 03:40:00,0,0,0.5312
01/01/2016 03:45:00,0,0,0.531
01/01/2016 03:50:00,0,0,0.5308
01/01/2016 03:55:00,0,0,0.5306
01/01/2016 04:00:00,0,0,0.5304
01/01/2016 04:05:00,0,0,0.5302
01/01/2016 04:10:00,0,0,0.53
01/01/2016 04:15:00,0,0,0.5298
01/01/2016 04:20:00,0,0,0.5296
01/01/2016 04:25:00,0,0,0.5294
01/01/2016 04:30:00,0,0,0.5292
01/01/2016 04:35:00,0,0,0.529
01/01/2016 04:40:00,0,0,0.5288
01/01/2016 04:45:00,0,0,0.5286
01/01/2016 04:50:00,0,0,0.5284
01/01/2016 04:55:00,0,0,0.5282
01/01/2016 05:00:00,0,0,0.528
01/01/2016 05:05:00,0,0,0.5278
01/01/2016 05:10:00,0,0,0.5276
01/01/2016 05:15:00,0,0,0.5274
01/01/2016 05:20:00,0,0,0.5272
01/01/2016 05:25:00,0,0,0.527
01/01/2016 05:30:00,0,0,0.5268
01/01/2016 05:35:00,0,0,0.5266
01/01/2016 05:40:00,0,0,0.5264
01/01/2016 05:45:00,0,0,0.5262
01/01/2016 05:50:00,0,0,0.526
01/01/2016 05:55:00,0,0,0.5258
01/01/2016 06:00:00,0,0,0.5256
01/01/2016 06:05:00,0,0,0.5254
01/01/2016 06:10:00,0,0,0.5252
01/01/2016 06:15:00,0,0,0.525
01/01/2016 06:20:00,0,0,0.5248
01/01/2016 06:25:00,0,0,0.5246
01/01/2016 06:30:00,0,0,0.5244
01/01/2016 06:35:00,0,0,0.5242
01/01/2016 06:40:00,0,0,0.524
01/01/2016 06:45:00,0,0,0.5238
01/01/2016 06:50:00,0,0,0.5236
01/01/2016 06:55:00,0,0,0.5234
01/01/2016 07:00:00,0,0,0.5232
01/01/2016 07:05:00,0,0,0.523
01/01/2016 07:10:00,0,0,0.5228
01/01/2016 07:15:00,0,0,0.5226
01/01/2016 07:20:00,0,0,0.5224
01/01/2016 07:25:00,0,0,0.5222
01/01/2016 07:30:00,0,0,0.522
01/01/2016 07:35:00,0,0,0.5218
01/01/2016 07:40:00,0,0,0.5216
01/01/2016 07:45:00,0,0,0.5214
01/01/2016 07:50:00,0,0,0.5212
01/01/2016 07:55:00,0,0,0.521
01/01/2016 08:00:00,0,0,0.5208
01/01/2016 08:05:00,0,0,0.5206
01/01/2016 08:10:00,0,0,0.5204
01/01/2016 08:15:00,0,0,0.5202
01/01/2016 08:20:00,0,0,0.52
01/01/2016 08:25:00,0,0,0.5198
01/01/2016 08:30:00,0,0,0.5196
01/01/2016 08:35:00,0,0,0.5194
01/01/2016 08:40:00,0,0,0.5192
01/01/2016 08:45:00,0,0,0.519
01/01/2016 08:50:00,0,0,0.5188
01/01/2016 08:55:00,0,0,0.5186
01/01/2016 09:00:00,0,0,0.5184
01/01/2016 09:05:00,0,0,0.5182
01/01/2016 09:10:00,0,0,0.518
01/01/2016 09:15:00,0,0,0.5178
01/01/2016 09:20:00,0,0,0.5176
01/01/2016 09:25:00,0,0,0.5174
01/01/2016 09:30:00,0,0,0.5172
01/01/2016 09:35:00,0,0,0.517
01/01/2016 09:40:00,0,0,0.5168
01/01/2016 09:45:00,12.5,3000,0.526175
01/01/2016 09:50:00,12.5,3000,0.53555
01/01/2016 09:55:00,10,2500,0.54305
01/01/2016 10:00:00,10,2500,0.55055
01/01/2016 10:05:00,16.66666667,4000,0.56305
01/01/2016 10:10:00,16.66666667,4000,0.57555
01/01/2016 10:15:00,16.66666667,4000,0.58805
01/01/2016 10:20:00,16.66666667,4000,0.60055
01/01/2016 10:25:00,16.66666667,4000,0.61305
01/01/2016 10:30:00,16.66666667,4000,0.62555
01/01/2016 10:35:00,16.66666667,4000,0.63805
01/01/2016 10:40:00,16.66666667,4000,0.65055
01/01/2016 10:45:00,6.25,1500,0.6552375
01/01/2016 10:50:00,6.25,1500,0.659925
01/01/2016 10:55:00,6.25,1500,0.6646125
01/01/2016 11:00:00,6.25,1500,0.6693
01/01/2016 11:05:00,6.25,1500,0.6739875
01/01/2016 11:10:00,6.25,1500,0.678675
01/01/2016 11:15:00,6.25,1500,0.6833625
01/01/2016 11:20:00,0,0,0.6831625
01/01/2016 11:25:00,0,0,0.6829625
01/01/2016 11:30:00,0,0,0.6827625
01/01/2016 11:35:00,0,0,0.6825625
01/01/2016 11:40:00,0,0,0.6823625
01/01/2016 11:45:00,0,0,0.6821625
01/01/2016 11:50:00,0,0,0.6819625
01/01/2016 11:55:00,0,0,0.6817625
01/01/2016 12:00:00,0,0,0.6815625
01/01/2016 12:05:00,0,0,0.6813625
01/01/2016 12:10:00,0,0,0.6811625
01/01/2016 12:15:00,0,0,0.6809625
01/01/2016 12:20:00,0,0,0.6807625
01/01/2016 12:25:00,0,0,0.6805625
01/01/2016 12:30:00,0,0,0.6803625
01/01/2016 12:35:00,0,0,0.6801625
01/01/2016 12:40:00,0,0,0.6799625
01/01/2016 12:45:00,0,0,0.6797625
01/01/2016 12:50:00,0,0,0.6795625
01/01/2016 12:55:00,0,0,0.6793625
01/01/2016 13:00:00,0,0,0.6791625
01/01/2016 13:05:00,0,0,0.6789625
01/01/2016 13:10:00,0,0,0.6787625
01/01/2016 13:15:00,0,0,0.6785625
01/01/2016 13:20:00,0,0,0.6783625
01/01/2016 13:25:00,0,0,0.6781625
01/01/2016 13:30:00,0,0,0.6779625
01/01/2016 13:35:00,0,0,0.6777625
01/01/2016 13:40:00,0,0,0.6775625
01/01/2016 13:45:00,0,0,0.6773625
01/01/2016 13:50:00,0,0,0.6771625
01/01/2016 13:55:00,0,0,0.6769625
01/01/2016 14:00:00,0,0,0.6767625
01/01/2016 14:05:00,0,0,0.6765625
01/01/2016 14:10:00,0,0,0.6763625
01/01/2016 14:15:00,0,0,0.6761625
01/01/2016 14:20:00,0,0,0.6759625
01/01/2016 14:25:00,0,0,0.6757625
01/01/2016 14:30:00,0,0,0.6755625
01/01/2016 14:35:00,0,0,0.6753625
01/01/2016 14:40:00,0,0,0.6751625
01/01/2016 14:45:00,0,0,0.6749625
01/01/2016 14:50:00,0,0,0.6747625
01/01/2016 14:55:00,0,0,0.6745625
01/01/2016 15:00:00,0,0,0.6743625
01/01/2016 15:05:00,0,0,0.6741625
01/01/2016 15:10:00,0,0,0.6739625
01/01/2016 15:15:00,0,0,0.6737625
01/01/2016 15:20:00,0,0,0.6735625
01/01/2016 15:25:00,0,0,0.6733625
01/01/2016 15:30:00,0,0,0.6731625
01/01/2016 15:35:00,0,0,0.6729625
01/01/2016 15:40:00,0,0,0.6727625
01/01/2016 15:45:00,0,0,0.6725625
01/01/2016 15:50:00,0,0,0.6723625
01/01/2016 15:55:00,0,0,0.6721625
01/01/2016 16:00:00,0,0,0.6719625
01/01/2016 16:05:00,0,0,0.6717625
01/01/2016 16:10:00,0,0,0.6715625
01/01/2016 16:15:00,0,0,0.6713625
01/01/2016 16:20:00,0,0,0.6711625
01/01/2016 16:25:00,0,0,0.6709625
01/01/2016 16:30:00,0,0,0.6707625
01/01/2016 16:35:00,0,0,0.6705625
01/01/2016 16:40:00,0,0,0.6703625
01/01/2016 16:45:00,0,0,0.6701625
01/01/2016 16:50:00,0,0,0.6699625
01/01/2016 16:55:00,0,0,0.6697625
01/01/2016 17:00:00,0,0,0.6695625
01/01/2016 17:05:00,0,0,0.6693625
01/01/2016 17:10:00,0,0,0.6691625
01/01/2016 17:15:00,0,0,0.6689625
01/01/2016 17:20:00,0,0,0.6687625
01/01/2016 17:25:00,0,0,0.6685625
01/01/2016 17:30:00,0,0,0.6683625
01/01/2016 17:35:00,0,0,0.6681625
01/01/2016 17:40:00,0,0,0.6679625
01/01/2016 17:45:00,0,0,0.6677625
01/01/2016 17:50:00,0,0,0.6675625
01/01/2016 17:55:00,0,0,0.6673625
01/01/2016 18:00:00,0,0,0.6671625
01/01/2016 18:05:00,0,0,0.6669625
01/01/2016 18:10:00,0,0,0.6667625
01/01/2016 18:15:00,0,0,0.6665625
01/01/2016 18:20:00,0,0,0.6663625
01/01/2016 18:25:00,0,0,0.6661625
01/01/2016 18:30:00,0,0,0.6659625
01/01/2016 18:35:00,0,0,0.6657625
01/01/2016 18:40:00,0,0,0.6655625
01/01/2016 18:45:00,0,0,0.6653625
01/01/2016 18:50:00,0,0,0.6651625
01/01/2016 18:55:00,0,0,0.6649625
01/01/2016 19:00:00,0,0,0.6647625
01/01/2016 19:05:00,0,0,0.6645625
01/01/2016 19:10:00,0,0,0.6643625
01/01/2016 19:15:00,0,0,0.6641625
01/01/2016 19:20:00,0,0,0.6639625
01/01/2016 19:25:00,0,0,0.6637625
01/01/2016 19:30:00,0,0,0.6635625
01/01/2016 19:35:00,0,0,0.6633625
01/01/2016 19:40:00,0,0,0.6631625
01/01/2016 19:45:00,0,0,0.6629625
01/01/2016 19:50:00,0,0,0.6627625
01/01/2016 19:55:00,0,0,0.6625625
01/01/2016 20:00:00,0,0,0.6623625
01/01/2016 20:05:00,0,0,0.6621625
01/01/2016 20:10:00,0,0,0.6619625
01/01/2016 20:15:00,0,0,0.6617625
01/01/2016 20:20:00,0,0,0.6615625
01/01/2016 20:25:00,0,0,0.6613625
01/01/2016 20:30:00,0,0,0.6611625
01/01/2016 20:35:00,0,0,0.6609625
01/01/2016 20:40:00,0,0,0.6607625
01/01/2016 20:45:00,0,0,0.6605625
01/01/2016 20:50:00,0,0,0.6603625
01/01/2016 20:55:00,0,0,0.6601625
01/01/2016 21:00:00,0,0,0.6599625
01/01/2016 21:05:00,0,0,0.6597625
01/01/2016 21:10:00,0,0,0.6595625
01/01/2016 21:15:00,0,0,0.6593625
01/01/2016 21:20:00,0,0,0.6591625
01/01/2016 21:25:00,0,0,0.6589625
01/01/2016 21:30:00,0,0,0.6587625
01/01/2016 21:35:00,0,0,0.6585625
01/01/2016 21:40:00,0,0,0.6583625
01/01/2016 21:45:00,0,0,0.6581625
01/01/2016 21:50:00,0,0,0.6579625
01/01/2016 21:55:00,0,0,0.6577625
01/01/2016 22:00:00,0,0,0.6575625
01/01/2016 22:05:00,0,0,0.6573625
01/01/2016 22:10:00,0,0,0.6571625
01/01/2016 22:15:00,0,0,0.6569625
01/01/2016 22:20:00,0,0,0.6567625
01/01/2016 22:25:00,0,0,0.6565625
01/01/2016 22:30:00,0,0,0.6563625
01/01/2016 22:35:00,0,0,0.6561625
01/01/2016 22:40:00,0,0,0.6559625
01/01/2016 22:45:00,0,0,0.6557625
01/01/2016 22:50:00,0,0,0.6555625
01/01/2016 22:55:00,0,0,0.6553625
01/01/2016 23:00:00,0,0,0.6551625
01/01/2016 23:05:00,0,0,0.6549625
01/01/2016 23:10:00,0,0,0.6547625
01/01/2016 23:15:00,0,0,0.6545625
01/01/2016 23:20:00,0,0,0.6543625
01/01/2016 23:25:00,0,0,0.6541625
01/01/2016 23:30:00,0,0,0.6539625
01/01/2016 23:35:00,0,0,0.6537625
01/01/2016 23:40:00,0,0,0.6535625
01/01/2016 23:45:00,0,0,0.6533625
01/01/2016 23:50:00,0,0,0.6531625
01/01/2016 23:55:00,0,0,0.6529625
01/02/2016 00:00:00,0,0,0.6527625
01/02/2016 00:05:00,0,0,0.6525625
01/02/2016 00:10:00,0,0,0.6523625
01/02/2016 00:15:00,0,0,0.6521625
01/02/2016 00:20:00,0,0,0.6519625
01/02/2016 00:25:00,0,0,0.6517625
01/02/2016 00:30:00,0,0,0.6515625
01/02/2016 00:35:00,0,0,0.6513625
01/02/2016 00:40:00,0,0,0.6511625
01/02/2016 00:45:00,0,0,0.6509625
01/02/2016 00:50:00,0,0,0.6507625
01/02/2016 00:55:00,0,0,0.6505625
01/02/2016 01:00:00,0,0,0.6503625
01/02/2016 01:05:00,0,0,0.6501625
01/02/2016 01:10:00,0,0,0.6499625
01/02/2016 01:15:00,0,0,0.6497625
01/02/2016 01:20:00,0,0,0.6495625
01/02/2016 01:25:00,0,0,0.6493625
01/02/2016 01:30:00,0,0,0.6491625
01/02/2016 01:35:00,0,0,0.6489625
01/02/2016 01:40:00,0,0,0.6487625
01/02/2016 01:45:00,0,0,0.6485625
01/02/2016 01:50:00,0,0,0.6483625
01/02/2016 01:55:00,0,0,0.6481625
01/02/2016 02:00:00,0,0,0.6479625
01/02/2016 02:05:00,0,0,0.6477625
01/02/2016 02:10:00,0,0,0.6475625
01/02/2016 02:15:00,0,0,0.6473625
01/02/2016 02:20:00,0,0,0.6471625
01/02/2016 02:25:00,0,0,0.6469625
01/02/2016 02:30:00,0,0,0.6467625
01/02/2016 02:35:00,0,0,0.6465625
01/02/2016 02:40:00,0,0,0.6463625
01/02/2016 02:45:00,0,0,0.6461625
01/02/2016 02:50:00,0,0,0.6459625
01/02/2016 02:55:00,0,0,0.6457625
01/02/2016 03:00:00,0,0,0.6455625
01/02/2016 03:05:00,0,0,0.6453625
01/02/2016 03:10:00,0,0,0.6451625
01/02/2016 03:15:00,0,0,0.6449625
01/02/2016 03:20:00,0,0,0.6447625
01/02/2016 03:25:00,0,0,0.6445625
01/02/2016 03:30:00,0,0,0.6443625
01/02/2016 03:35:00,0,0,0.6441625
01/02/2016 03:40:00,0,0,0.6439625
01/02/2016 03:45:00,0,0,0.6437625
01/02/2016 03:50:00,0,0,0.6435625
01/02/2016 03:55:00,0,0,0.6433625
01/02/2016 04:00:00,0,0,0.6431625
01/02/2016 04:05:00,0,0,0.6429625
01/02/2016 04:10:00,0,0,0.6427625
01/02/2016 04:15:00,0,0,0.6425625
01/02/2016 04:20:00,0,0,0.6423625
01/02/2016 04:25:00,0,0,0.6421625
01/02/2016 04:30:00,0,0,0.6419625
01/02/2016 04:35:00,0,0,0.6417625
01/02/2016 04:40:00,0,0,0.6415625
01/02/2016 04:45:00,0,0,0.6413625
01/02/2016 04:50:00,0,0,0.6411625
01/02/2016 04:55:00,0,0,0.6409625
01/02/2016 05:00:00,0,0,0.6407625
01/02/2016 05:05:00,0,0,0.6405625
01/02/2016 05:10:00,0,0,0.6403625
01/02/2016 05:15:00,0,0,0.6401625
01/02/2016 05:20:00,0,0,0.6399625
01/02/2016 05:25:00,0,0,0.6397625
01/02/2016 05:30:00,0,0,0.6395625
01/02/2016 05:35:00,0,0,0.6393625
01/02/2016 05:40:00,0,0,0.6391625
01/02/2016 05:45:00,0,0,0.6389625
01/02/2016 05:50:00,0,0,0.6387625
01/02/2016 05:55:00,0,0,0.6385625
01/02/2016 06:00:00,0,0,0.6383625
01/02/2016 06:05:00,0,0,0.6381625
01/02/2016 06:10:00,0,0,0.6379625
01/02/2016 06:15:00,0,0,0.6377625
01/02/2016 06:20:00,0,0,0.6375625
01/02/2016 06:25:00,0,0,0.6373625
01/02/2016 06:30:00,0,0,0.6371625
01/02/2016 06:35:00,0,0,0.6369625
01/02/2016 06:40:00,0,0,0.6367625
01/02/2016 06:45:00,0,0,0.6365625
01/02/2016 06:50:00,0,0,0.6363625
01/02/2016 06:55:00,0,0,0.6361625
01/02/2016 07:00:00,0,0,0.6359625
01/02/2016 07:05:00,0,0,0.6357625
01/02/2016 07:10:00,0,0,0.6355625
01/02/2016 07:15:00,0,0,0.6353625
01/02/2016 07:20:00,0,0,0.6351625
01/02/2016 07:25:00,0,0,0.6349625
01/02/2016 07:30:00,0,0,0.6347625
01/02/2016 07:35:00,0,0,0.6345625
01/02/2016 07:40:00,0,0,0.6343625
01/02/2016 07:45:00,0,0,0.6341625
01/02/2016 07:50:00,0,0,0.6339625
01/02/2016 07:55:00,0,0,0.6337625
01/02/2016 08:00:00,0,0,0.6335625
01/02/2016 08:05:00,0,0,0.6333625
01/02/2016 08:10:00,0,0,0.6331625
01/02/2016 08:15:00,0,0,0.6329625
01/02/2016 08:20:00,0,0,0.6327625
01/02/2016 08:25:00,0,0,0.6325625
01/02/2016 08:30:00,0,0,0.6323625
01/02/2016 08:35:00,0,0,0.6321625
01/02/2016 08:40:00,0,0,0.6319625
01/02/2016 08:45:00,0,0,0.6317625
01/02/2016 08:50:00,0,0,0.6315625
01/02/2016 08:55:00,0,0,0.6313625
01/02/2016 09:00:00,0,0,0.6311625
01/02/2016 09:05:00,0,0,0.6309625
01/02/2016 09:10:00,0,0,0.6307625
01/02/2016 09:15:00,0,0,0.6305625
01/02/2016 09:20:00,0,0,0.6303625
01/02/2016 09:25:00,0,0,0.6301625
01/02/2016 09:30:00,0,0,0.6299625
01/02/2016 09:35:00,0,0,0.6297625
01/02/2016 09:40:00,0,0,0.6295625
01/02/2016 09:45:00,0,0,0.6293625
01/02/2016 09:50:00,0,0,0.6291625
01/02/2016 09:55:00,0,0,0.6289625
01/02/2016 10:00:00,0,0,0.6287625
01/02/2016 10:05:00,0,0,0.6285625
01/02/2016 10:10:00,0,0,0.6283625
01/02/2016 10:15:00,0,0,0.6281625
01/02/2016 10:20:00,0,0,0.6279625
01/02/2016 10:25:00,0,0,0.6277625
01/02/2016 10:30:00,0,0,0.6275625
01/02/2016 10:35:00,0,0,0.6273625
01/02/2016 10:40:00,0,0,0.6271625
01/02/2016 10:45:00,0,0,0.6269625
01/02/2016 10:50:00,0,0,0.6267625
01/02/2016 10:55:00,0,0,0.6265625
01/02/2016 11:00:00,0,0,0.6263625
01/02/2016 11:05:00,0,0,0.6261625
01/02/2016 11:10:00,0,0,0.6259625
01/02/2016 11:15:00,0,0,0.6257625
01/02/2016 11:20:00,0,0,0.6255625
01/02/2016 11:25:00,0,0,0.6253625
01/02/2016 11:30:00,0,0,0.6251625
01/02/2016 11:35:00,0,0,0.6249625
01/02/2016 11:40:00,0,0,0.6247625
01/02/2016 11:45:00,0,0,0.6245625
01/02/2016 11:50:00,0,0,0.6243625
01/02/2016 11:55:00,0,0,0.6241625
01/02/2016 12:00:00,0,0,0.6239625
01/02/2016 12:05:00,0,0,0.6237625
01/02/2016 12:10:00,0,0,0.6235625
01/02/2016 12:15:00,0,0,0.6233625
01/02/2016 12:20:00,0,0,0.6231625
01/02/2016 12:25:00,0,0,0.6229625
01/02/2016 12:30:00,0,0,0.6227625
01/02/2016 12:35:00,0,0,0.6225625
01/02/2016 12:40:00,0,0,0.6223625
01/02/2016 12:45:00,0,0,0.6221625
01/02/2016 12:50:00,0,0,0.6219625
01/02/2016 12:55:00,0,0,0.6217625
01/02/2016 13:00:00,0,0,0.6215625
01/02/2016 13:05:00,0,0,0.6213625
01/02/2016 13:10:00,0,0,0.6211625
01/02/2016 13:15:00,0,0,0.6209625
01/02/2016 13:20:00,0,0,0.6207625
01/02/2016 13:25:00,0,0,0.6205625
01/02/2016 13:30:00,0,0,0.6203625
01/02/2016 13:35:00,0,0,0.6201625
01/02/2016 13:40:00,0,0,0.6199625
01/02/2016 13:45:00,0,0,0.6197625
01/02/2016 13:50:00,0,0,0.6195625
01/02/2016 13:55:00,0,0,0.6193625
01/02/2016 14:00:00,0,0,0.6191625
01/02/2016 14:05:00,0,0,0.6189625
01/02/2016 14:10:00,0,0,0.6187625
01/02/2016 14:15:00,0,0,0.6185625
01/02/2016 14:20:00,0,0,0.6183625
01/02/2016 14:25:00,0,0,0.6181625
01/02/2016 14:30:00,0,0,0.6179625
01/02/2016 14:35:00,0,0,0.6177625
01/02/2016 14:40:00,0,0,0.6175625
01/02/2016 14:45:00,0,0,0.6173625
01/02/2016 14:50:00,0,0,0.6171625
01/02/2016 14:55:00,0,0,0.6169625
01/02/2016 15:00:00,-30,-7200,0.5883125
01/02/2016 15:05:00,-14.24024062,-4186.36384,0.5747130702
01/02/2016 15:10:00,-22.69605374,-5980.889535,0.5530383389
01/02/2016 15:15:00,-50.19509195,-11073.32253,0.5051020261
01/02/2016 15:20:00,-26.79514878,-6812.114749,0.479512659
01/02/2016 15:25:00,-44.68484876,-10144.01845,0.4368386284
01/02/2016 15:30:00,-5,-169.3029491,0.4320636284
01/02/2016 15:35:00,-17.83871498,-4963.190341,0.4150276556
01/02/2016 15:40:00,-35.29649352,-8455.484918,0.3813195043
01/02/2016 15:45:00,-5,-296.5222801,0.3765445043
01/02/2016 15:50:00,-39.11518341,-9158.285844,0.3391895042
01/02/2016 15:55:00,-25.57603603,-6567.540165,0.3147643898
01/02/2016 16:00:00,-17.00638019,-4785.240087,0.2985232967
01/02/2016 16:05:00,-5.963217714,-2325.631157,0.2928284238
01/02/2016 16:10:00,-35.32545791,-8460.898141,0.2590926115
01/02/2016 16:15:00,-26.94353511,-6841.730954,0.2333615354
01/02/2016 16:20:00,-19.79490898,-5377.315662,0.2144573974
01/02/2016 16:25:00,-9.002676973,-3020.894233,0.2058598408
01/02/2016 16:30:00,-47.81677886,-10677.82078,0.160194817
01/02/2016 16:35:00,0,0,0.159994817
01/02/2016 16:40:00,0,0,0.159794817
01/02/2016 16:45:00,0,0,0.159594817
01/02/2016 16:50:00,0,0,0.159394817
01/02/2016 16:55:00,0,0,0.159194817
01/02/2016 17:00:00,0,0,0.158994817
01/02/2016 17:05:00,0,0,0.158794817
01/02/2016 17:10:00,0,0,0.158594817
01/02/2016 17:15:00,0,0,0.158394817
01/02/2016 17:20:00,0,0,0.158194817
01/02/2016 17:25:00,0,0,0.157994817
01/02/2016 17:30:00,0,0,0.157794817
01/02/2016 17:35:00,0,0,0.157594817
01/02/2016 17:40:00,0,0,0.157394817
01/02/2016 17:45:00,0,0,0.157194817
01/02/2016 17:50:00,0,0,0.156994817
01/02/2016 17:55:00,0,0,0.156794817
01/02/2016 18:00:00,0,0,0.156594817
01/02/2016 18:05:00,0,0,0.156394817
01/02/2016 18:10:00,0,0,0.156194817
01/02/2016 18:15:00,0,0,0.155994817
01/02/2016 18:20:00,0,0,0.155794817
01/02/2016 18:25:00,0,0,0.155594817
01/02/2016 18:30:00,0,0,0.155394817
01/02/2016 18:35:00,0,0,0.155194817
01/02/2016 18:40:00,0,0,0.154994817
01/02/2016 18:45:00,0,0,0.154794817
01/02/2016 18:50:00,0,0,0.154594817
01/02/2016 18:55:00,0,0,0.154394817
01/02/2016 19:00:00,0,0,0.154194817
01/02/2016 19:05:00,0,0,0.153994817
01/02/2016 19:10:00,0,0,0.153794817
01/02/2016 19:15:00,0,0,0.153594817
01/02/2016 19:20:00,0,0,0.153394817
01/02/2016 19:25:00,0,0,0.153194817
01/02/2016 19:30:00,0,0,0.152994817
01/02/2016 19:35:00,0,0,0.152794817
01/02/2016 19:40:00,0,0,0.152594817
01/02/2016 19:45:00,0,0,0.152394817
01/02/2016 19:50:00,0,0,0.152194817
01/02/2016 19:55:00,0,0,0.151994817
01/02/2016 20:00:00,0,0,0.151794817
01/02/2016 20:05:00,0,0,0.151594817
01/02/2016 20:10:00,0,0,0.151394817
01/02/2016 20:15:00,0,0,0.151194817
01/02/2016 20:20:00,0,0,0.150994817
01/02/2016 20:25:00,0,0,0.150794817
01/02/2016 20:30:00,0,0,0.150594817
01/02/2016 20:35:00,0,0,0.150394817
01/02/2016 20:40:00,0,0,0.150194817
01/02/2016 20:45:00,0,0,0.149994817
01/02/2016 20:50:00,0,0,0.149794817
01/02/2016 20:55:00,0,0,0.149594817
01/02/2016 21:00:00,0,0,0.149394817
01/02/2016 21:05:00,0,0,0.149194817
01/02/2016 21:10:00,0,0,0.148994817
01/02/2016 21:15:00,0,0,0.148794817
01/02/2016 21:20:00,0,0,0.148594817
01/02/2016 21:25:00,0,0,0.148394817
01/02/2016 21:30:00,0,0,0.148194817
01/02/2016 21:35:00,0,0,0.147994817
01/02/2016 21:40:00,0,0,0.147794817
01/02/2016 21:45:00,0,0,0.147594817
01/02/2016 21:50:00,0,0,0.147394817
01/02/2016 21:55:00,0,0,0.147194817
01/02/2016 22:00:00,0,0,0.146994817
01/02/2016 22:05:00,0,0,0.146794817
01/02/2016 22:10:00,0,0,0.146594817
01/02/2016 22:15:00,0,0,0.146394817
01/02/2016 22:20:00,0,0,0.146194817
01/02/2016 22:25:00,0,0,0.145994817
01/02/2016 22:30:00,0,0,0.145794817
01/02/2016 22:35:00,0,0,0.145594817
01/02/2016 22:40:00,0,0,0.145394817
01/02/2016 22:45:00,0,0,0.145194817
01/02/2016 22:50:00,0,0,0.144994817
01/02/2016 22:55:00,0,0,0.144794817
01/02/2016 23:00:00,0,0,0.144594817
01/02/2016 23:05:00,0,0,0.144394817
01/02/2016 23:10:00,0,0,0.144194817
01/02/2016 23:15:00,0,0,0.143994817
01/02/2016 23:20:00,0,0,0.143794817
01/02/2016 23:25:00,0,0,0.143594817
01/02/2016 23:30:00,0,0,0.143394817
01/02/2016 23:35:00,0,0,0.143194817
01/02/2016 23:40:00,0,0,0.142994817
01/02/2016 23:45:00,0,0,0.142794817
01/02/2016 23:50:00,0,0,0.142594817
01/02/2016 23:55:00,0,0,0.142394817
01/03/2016 00:00:00,0,0,0.142194817
01/03/2016 00:05:00,0,0,0.141994817
01/03/2016 00:10:00,0,0,0.141794817
01/03/2016 00:15:00,0,0,0.141594817
01/03/2016 00:20:00,0,0,0.141394817
01/03/2016 00:25:00,0,0,0.141194817
01/03/2016 00:30:00,0,0,0.140994817
01/03/2016 00:35:00,0,0,0.140794817
01/03/2016 00:40:00,0,0,0.140594817
01/03/2016 00:45:00,0,0,0.140394817
01/03/2016 00:50:00,0,0,0.140194817
01/03/2016 00:55:00,0,0,0.139994817
01/03/2016 01:00:00,0,0,0.139794817
01/03/2016 01:05:00,0,0,0.139594817
01/03/2016 01:10:00,0,0,0.139394817
01/03/2016 01:15:00,0,0,0.139194817
01/03/2016 01:20:00,0,0,0.138994817
01/03/2016 01:25:00,0,0,0.138794817
01/03/2016 01:30:00,0,0,0.138594817
01/03/2016 01:35:00,0,0,0.138394817
01/03/2016 01:40:00,0,0,0.138194817
01/03/2016 01:45:00,0,0,0.137994817
01/03/2016 01:50:00,0,0,0.137794817
01/03/2016 01:55:00,0,0,0.137594817
01/03/2016 02:00:00,0,0,0.137394817
01/03/2016 02:05:00,0,0,0.137194817
01/03/2016 02:10:00,0,0,0.136994817
01/03/2016 02:15:00,0,0,0.136794817
01/03/2016 02:20:00,0,0,0.136594817
01/03/2016 02:25:00,0,0,0.136394817
01/03/2016 02:30:00,0,0,0.136194817
01/03/2016 02:35:00,0,0,0.135994817
01/03/2016 02:40:00,0,0,0.135794817
01/03/2016 02:45:00,0,0,0.135594817
01/03/2016 02:50:00,0,0,0.135394817
01/03/2016 02:55:00,0,0,0.135194817
01/03/2016 03:00:00,0,0,0.134994817
01/03/2016 03:05:00,0,0,0.134794817
01/03/2016 03:10:00,0,0,0.134594817
01/03/2016 03:15:00,0,0,0.134394817
01/03/2016 03:20:00,0,0,0.134194817
01/03/2016 03:25:00,0,0,0.133994817
01/03/2016 03:30:00,0,0,0.133794817
01/03/2016 03:35:00,0,0,0.133594817
01/03/2016 03:40:00,0,0,0.133394817
01/03/2016 03:45:00,0,0,0.133194817
01/03/2016 03:50:00,0,0,0.132994817
01/03/2016 03:55:00,0,0,0.132794817
01/03/2016 04:00:00,0,0,0.132594817
01/03/2016 04:05:00,0,0,0.132394817
01/03/2016 04:10:00,0,0,0.132194817
01/03/2016 04:15:00,0,0,0.131994817
01/03/2016 04:20:00,0,0,0.131794817
01/03/2016 04:25:00,0,0,0.131594817
01/03/2016 04:30:00,0,0,0.131394817
01/03/2016 04:35:00,0,0,0.131194817
01/03/2016 04:40:00,0,0,0.130994817
01/03/2016 04:45:00,0,0,0.130794817
01/03/2016 04:50:00,0,0,0.130594817
01/03/2016 04:55:00,0,0,0.130394817
01/03/2016 05:00:00,0,0,0.130194817
01/03/2016 05:05:00,0,0,0.129994817
01/03/2016 05:10:00,0,0,0.129794817
01/03/2016 05:15:00,0,0,0.129594817
01/03/2016 05:20:00,0,0,0.129394817
01/03/2016 05:25:00,0,0,0.129194817
01/03/2016 05:30:00,0,0,0.128994817
01/03/2016 05:35:00,0,0,0.128794817
01/03/2016 05:40:00,0,0,0.128594817
01/03/2016 05:45:00,0,0,0.128394817
01/03/2016 05:50:00,0,0,0.128194817
01/03/2016 05:55:00,0,0,0.127994817
01/03/2016 06:00:00,0,0,0.127794817
01/03/2016 06:05:00,0,0,0.127594817
01/03/2016 06:10:00,0,0,0.127394817
01/03/2016 06:15:00,0,0,0.127194817
01/03/2016 06:20:00,0,0,0.126994817
01/03/2016 06:25:00,0,0,0.126794817
01/03/2016 06:30:00,0,0,0.126594817
01/03/2016 06:35:00,0,0,0.126394817
01/03/2016 06:40:00,0,0,0.126194817
01/03/2016 06:45:00,0,0,0.125994817
01/03/2016 06:50:00,0,0,0.125794817
01/03/2016 06:55:00,0,0,0.125594817
01/03/2016 07:00:00,0,0,0.125394817
01/03/2016 07:05:00,0,0,0.125194817
01/03/2016 07:10:00,0,0,0.124994817
01/03/2016 07:15:00,0,0,0.124794817
01/03/2016 07:20:00,12.5,3000,0.134169817
01/03/2016 07:25:00,12.5,3000,0.143544817
01/03/2016 07:30:00,10,2500,0.151044817
01/03/2016 07:35:00,10,2500,0.158544817
01/03/2016 07:40:00,16.66666667,4000,0.171044817
01/03/2016 07:45:00,16.66666667,4000,0.183544817
01/03/2016 07:50:00,16.66666667,4000,0.196044817
01/03/2016 07:55:00,16.66666667,4000,0.208544817
01/03/2016 08:00:00,16.66666667,4000,0.221044817
01/03/2016 08:05:00,16.66666667,4000,0.233544817
01/03/2016 08:10:00,16.66666667,4000,0.246044817
01/03/2016 08:15:00,16.66666667,4000,0.2585448171
01/03/2016 08:20:00,6.25,1500,0.2632323171
01/03/2016 08:25:00,6.25,1500,0.2679198171
01/03/2016 08:30:00,6.25,1500,0.2726073171
01/03/2016 08:35:00,6.25,1500,0.2772948171
01/03/2016 08:40:00,6.25,1500,0.2819823171
01/03/2016 08:45:00,6.25,1500,0.2866698171
01/03/2016 08:50:00,6.25,1500,0.2913573171
01/03/2016 08:55:00,12.5,3000,0.3007323171
01/03/2016 09:00:00,12.5,3000,0.3101073171
01/03/2016 09:05:00,10,2500,0.3176073171
01/03/2016 09:10:00,10,2500,0.3251073171
01/03/2016 09:15:00,16.66666667,4000,0.3376073171
01/03/2016 09:20:00,16.66666667,4000,0.3501073171
01/03/2016 09:25:00,16.66666667,4000,0.3626073171
01/03/2016 09:30:00,16.66666667,4000,0.3751073171
01/03/2016 09:35:00,16.66666667,4000,0.3876073171
01/03/2016 09:40:00,16.66666667,4000,0.4001073171
01/03/2016 09:45:00,16.66666667,4000,0.4126073171
01/03/2016 09:50:00,16.66666667,4000,0.4251073171
01/03/2016 09:55:00,6.25,1500,0.4297948171
01/03/2016 10:00:00,6.25,1500,0.4344823171
01/03/2016 10:05:00,6.25,1500,0.4391698171
01/03/2016 10:10:00,6.25,1500,0.4438573171
01/03/2016 10:15:00,6.25,1500,0.4485448171
01/03/2016 10:20:00,6.25,1500,0.4532323171
01/03/2016 10:25:00,6.25,1500,0.4579198171
01/03/2016 10:30:00,12.5,3000,0.4672948171
01/03/2016 10:35:00,12.5,3000,0.4766698171
01/03/2016 10:40:00,10,2500,0.4841698171
01/03/2016 10:45:00,10,2500,0.4916698171
01/03/2016 10:50:00,16.66666667,4000,0.5041698171
01/03/2016 10:55:00,16.66666667,4000,0.5166698171
01/03/2016 11:00:00,16.66666667,4000,0.5291698171
01/03/2016 11:05:00,16.66666667,4000,0.5416698171
01/03/2016 11:10:00,16.66666667,4000,0.5541698171
01/03/2016 11:15:00,16.66666667,4000,0.5666698171
01/03/2016 11:20:00,16.66666667,4000,0.5791698171
01/03/2016 11:25:00,16.66666667,4000,0.5916698171
01/03/2016 11:30:00,6.25,1500,0.5963573171
01/03/2016 11:35:00,6.25,1500,0.6010448171
01/03/2016 11:40:00,6.25,1500,0.6057323171
01/03/2016 11:45:00,6.25,1500,0.6104198171
01/03/2016 11:50:00,6.25,1500,0.6151073171
01/03/2016 11:55:00,6.25,1500,0.6197948171
01/03/2016 12:00:00,6.25,1500,0.6244823171
01/03/2016 12:05:00,12.5,3000,0.6338573171
01/03/2016 12:10:00,12.5,3000,0.6432323171
01/03/2016 12:15:00,10,2500,0.6507323171
01/03/2016 12:20:00,10,2500,0.6582323171
01/03/2016 12:25:00,16.66666667,4000,0.6707323171
01/03/2016 12:30:00,16.66666667,4000,0.6832323171
01/03/2016 12:35:00,16.66666667,4000,0.6957323171
01/03/2016 12:40:00,16.66666667,4000,0.7082323171
01/03/2016 12:45:00,16.66666667,4000,0.7207323171
01/03/2016 12:50:00,16.66666667,4000,0.7332323171
01/03/2016 12:55:00,16.66666667,4000,0.7457323171
01/03/2016 13:00:00,16.66666667,4000,0.7582323171
01/03/2016 13:05:00,6.25,1500,0.7629198171
01/03/2016 13:10:00,6.25,1500,0.7676073171
01/03/2016 13:15:00,6.25,1500,0.7722948171
01/03/2016 13:20:00,6.25,1500,0.7769823171
01/03/2016 13:25:00,6.25,1500,0.7816698171
01/03/2016 13:30:00,6.25,1500,0.7863573171
01/03/2016 13:35:00,6.25,1500,0.7910448171
01/03/2016 13:40:00,0,0,0.7908448171
01/03/2016 13:45:00,0,0,0.7906448171
01/03/2016 13:50:00,0,0,0.7904448171
01/03/2016 13:55:00,0,0,0.7902448171
01/03/2016 14:00:00,0,0,0.7900448171
01/03/2016 14:05:00,0,0,0.7898448171
01/03/2016 14:10:00,0,0,0.7896448171
01/03/2016 14:15:00,0,0,0.7894448171
01/03/2016 14:20:00,0,0,0.7892448171
01/03/2016 14:25:00,0,0,0.7890448171
01/03/2016 14:30:00,0,0,0.7888448171
01/03/2016 14:35:00,0,0,0.7886448171
01/03/2016 14:40:00,0,0,0.7884448171
01/03/2016 14:45:00,0,0,0.7882448171
01/03/2016 14:50:00,0,0,0.7880448171
01/03/2016 14:55:00,0,0,0.7878448171
01/03/2016 15:00:00,0,0,0.7876448171
01/03/2016 15:05:00,0,0,0.7874448171
01/03/2016 15:10:00,0,0,0.7872448171
01/03/2016 15:15:00,0,0,0.7870448171
01/03/2016 15:20:00,0,0,0.7868448171
01/03/2016 15:25:00,0,0,0.7866448171
01/03/2016 15:30:00,0,0,0.7864448171
01/03/2016 15:35:00,0,0,0.7862448171
01/03/2016 15:40:00,0,0,0.7860448171
01/03/2016 15:45:00,0,0,0.7858448171
01/03/2016 15:50:00,0,0,0.7856448171
01/03/2016 15:55:00,0,0,0.7854448171
01/03/2016 16:00:00,0,0,0.7852448171
01/03/2016 16:05:00,0,0,0.7850448171
01/03/2016 16:10:00,0,0,0.7848448171
01/03/2016 16:15:00,0,0,0.7846448171
01/03/2016 16:20:00,0,0,0.7844448171
01/03/2016 16:25:00,0,0,0.7842448171
01/03/2016 16:30:00,0,0,0.7840448171
01/03/2016 16:35:00,0,0,0.7838448171
01/03/2016 16:40:00,0,0,0.7836448171
01/03/2016 16:45:00,0,0,0.7834448171
01/03/2016 16:50:00,0,0,0.7832448171
01/03/2016 16:55:00,0,0,0.7830448171
01/03/2016 17:00:00,0,0,0.7828448171
01/03/2016 17:05:00,0,0,0.7826448171
01/03/2016 17:10:00,0,0,0.7824448171
01/03/2016 17:15:00,0,0,0.7822448171
01/03/2016 17:20:00,0,0,0.7820448171
01/03/2016 17:25:00,0,0,0.7818448171
01/03/2016 17:30:00,0,0,0.7816448171
01/03/2016 17:35:00,0,0,0.7814448171
01/03/2016 17:40:00,0,0,0.7812448171
01/03/2016 17:45:00,0,0,0.7810448171
01/03/2016 17:50:00,0,0,0.7808448171
01/03/2016 17:55:00,0,0,0.7806448171
01/03/2016 18:00:00,0,0,0.7804448171
01/03/2016 18:05:00,0,0,0.7802448171
01/03/2016 18:10:00,0,0,0.7800448171
01/03/2016 18:15:00,-30,-7200,0.7513948171
01/03/2016 18:20:00,-14.24024062,-4186.36384,0.7377953873
01/03/2016 18:25:00,-22.69605374,-5980.889535,0.716120656
01/03/2016 18:30:00,-50.19509195,-11073.32253,0.6681843432
01/03/2016 18:35:00,-26.79514878,-6812.114749,0.6425949761
01/03/2016 18:40:00,-44.68484876,-10144.01845,0.5999209455
01/03/2016 18:45:00,-5,-169.3029491,0.5951459455
01/03/2016 18:50:00,-17.83871498,-4963.190341,0.5781099727
01/03/2016 18:55:00,-35.29649352,-8455.484918,0.5444018214
01/03/2016 19:00:00,-5,-296.5222801,0.5396268214
01/03/2016 19:05:00,-39.11518341,-9158.285844,0.5022718213
01/03/2016 19:10:00,-25.57603603,-6567.540165,0.4778467069
01/03/2016 19:15:00,-17.00638019,-4785.240087,0.4616056138
01/03/2016 19:20:00,-5.963217714,-2325.631157,0.4559107409
01/03/2016 19:25:00,-35.32545791,-8460.898141,0.4221749285
01/03/2016 19:30:00,-26.94353511,-6841.730954,0.3964438525
01/03/2016 19:35:00,-19.79490898,-5377.315662,0.3775397144
01/03/2016 19:40:00,-9.002676973,-3020.894233,0.3689421579
01/03/2016 19:45:00,-47.81677886,-10677.82078,0.3232771341
01/03/2016 19:50:00,0,0,0.3230771341
01/03/2016 19:55:00,0,0,0.3228771341
01/03/2016 20:00:00,0,0,0.3226771341
01/03/2016 20:05:00,0,0,0.3224771341
01/03/2016 20:10:00,0,0,0.3222771341
01/03/2016 20:15:00,0,0,0.3220771341
01/03/2016 20:20:00,0,0,0.3218771341
01/03/2016 20:25:00,0,0,0.3216771341
01/03/2016 20:30:00,0,0,0.3214771341
01/03/2016 20:35:00,0,0,0.3212771341
01/03/2016 20:40:00,0,0,0.3210771341
01/03/2016 20:45:00,0,0,0.3208771341
01/03/2016 20:50:00,0,0,0.3206771341
01/03/2016 20:55:00,0,0,0.3204771341
01/03/2016 21:00:00,0,0,0.3202771341
01/03/2016 21:05:00,0,0,0.3200771341
01/03/2016 21:10:00,0,0,0.3198771341
01/03/2016 21:15:00,0,0,0.3196771341
01/03/2016 21:20:00,0,0,0.3194771341
01/03/2016 21:25:00,0,0,0.3192771341
01/03/2016 21:30:00,0,0,0.3190771341
01/03/2016 21:35:00,0,0,0.3188771341
01/03/2016 21:40:00,0,0,0.3186771341
01/03/2016 21:45:00,0,0,0.3184771341
01/03/2016 21:50:00,0,0,0.3182771341
01/03/2016 21:55:00,0,0,0.3180771341
01/03/2016 22:00:00,0,0,0.3178771341
01/03/2016 22:05:00,0,0,0.3176771341
01/03/2016 22:10:00,0,0,0.3174771341
01/03/2016 22:15:00,0,0,0.3172771341
01/03/2016 22:20:00,0,0,0.3170771341
01/03/2016 22:25:00,0,0,0.3168771341
01/03/2016 22:30:00,0,0,0.3166771341
01/03/2016 22:35:00,12.5,3000,0.3260521341
01/03/2016 22:40:00,12.5,3000,0.3354271341
01/03/2016 22:45:00,10,2500,0.3429271341
01/03/2016 22:50:00,10,2500,0.3504271341
01/03/2016 22:55:00,16.66666667,4000,0.3629271341
01/03/2016 23:00:00,16.66666667,4000,0.3754271341
01/03/2016 23:05:00,16.66666667,4000,0.3879271341
01/03/2016 23:10:00,16.66666667,4000,0.4004271341
01/03/2016 23:15:00,16.66666667,4000,0.4129271341
01/03/2016 23:20:00,16.66666667,4000,0.4254271341
01/03/2016 23:25:00,16.66666667,4000,0.4379271341
01/03/2016 23:30:00,16.66666667,4000,0.4504271341
01/03/2016 23:35:00,6.25,1500,0.4551146341
01/03/2016 23:40:00,6.25,1500,0.4598021341
01/03/2016 23:45:00,6.25,1500,0.4644896341
01/03/2016 23:50:00,6.25,1500,0.4691771341
01/03/2016 23:55:00,6.25,1500,0.4738646341
01/04/2016 00:00:00,6.25,1500,0.4785521341
01/04/2016 00:05:00,6.25,1500,0.4832396341
01/04/2016 00:10:00,12.5,3000,0.4926146341
01/04/2016 00:15:00,12.5,3000,0.5019896341
01/04/2016 00:20:00,10,2500,0.5094896341
01/04/2016 00:25:00,10,2500,0.5169896341
01/04/2016 00:30:00,16.66666667,4000,0.5294896341
01/04/2016 00:35:00,16.66666667,4000,0.5419896341
01/04/2016 00:40:00,16.66666667,4000,0.5544896342
01/04/2016 00:45:00,16.66666667,4000,0.5669896342
01/04/2016 00:50:00,16.66666667,4000,0.5794896342
01/04/2016 00:55:00,16.66666667,4000,0.5919896342
01/04/2016 01:00:00,16.66666667,4000,0.6044896342
01/04/2016 01:05:00,16.66666667,4000,0.6169896342
01/04/2016 01:10:00,6.25,1500,0.6216771342
01/04/2016 01:15:00,6.25,1500,0.6263646342
01/04/2016 01:20:00,6.25,1500,0.6310521342
01/04/2016 01:25:00,6.25,1500,0.6357396342
01/04/2016 01:30:00,6.25,1500,0.6404271342
01/04/2016 01:35:00,6.25,1500,0.6451146342
01/04/2016 01:40:00,6.25,1500,0.6498021342
01/04/2016 01:45:00,0,0,0.6496021342
01/04/2016 01:50:00,0,0,0.6494021342
01/04/2016 01:55:00,0,0,0.6492021342
01/04/2016 02:00:00,0,0,0.6490021342
01/04/2016 02:05:00,0,0,0.6488021342
01/04/2016 02:10:00,0,0,0.6486021342
01/04/2016 02:15:00,0,0,0.6484021342
01/04/2016 02:20:00,0,0,0.6482021342
01/04/2016 02:25:00,0,0,0.6480021342
01/04/2016 02:30:00,0,0,0.6478021342
01/04/2016 02:35:00,0,0,0.6476021342
01/04/2016 02:40:00,0,0,0.6474021342
01/04/2016 02:45:00,0,0,0.6472021342
01/04/2016 02:50:00,0,0,0.6470021342
01/04/2016 02:55:00,0,0,0.6468021342
01/04/2016 03:00:00,0,0,0.6466021342
01/04/2016 03:05:00,0,0,0.6464021342
01/04/2016 03:10:00,0,0,0.6462021342
01/04/2016 03:15:00,0,0,0.6460021342
01/04/2016 03:20:00,0,0,0.6458021342
01/04/2016 03:25:00,0,0,0.6456021342
01/04/2016 03:30:00,0,0,0.6454021342
01/04/2016 03:35:00,0,0,0.6452021342
01/04/2016 03:40:00,0,0,0.6450021342
01/04/2016 03:45:00,0,0,0.6448021342
01/04/2016 03:50:00,0,0,0.6446021342
01/04/2016 03:55:00,0,0,0.6444021342
01/04/2016 04:00:00,0,0,0.6442021342
01/04/2016 04:05:00,0,0,0.6440021342
01/04/2016 04:10:00,0,0,0.6438021342
01/04/2016 04:15:00,0,0,0.6436021342
01/04/2016 04:20:00,0,0,0.6434021342
01/04/2016 04:25:00,0,0,0.6432021342
01/04/2016 04:30:00,0,0,0.6430021342
01/04/2016 04:35:00,0,0,0.6428021342
01/04/2016 04:40:00,0,0,0.6426021342
01/04/2016 04:45:00,0,0,0.6424021342
01/04/2016 04:50:00,-30,-7200,0.6137521342
01/04/2016 04:55:00,-14.24024062,-4186.36384,0.6001527044
01/04/2016 05:00:00,-22.69605374,-5980.889535,0.578477973
01/04/2016 05:05:00,-50.19509195,-11073.32253,0.5305416602
01/04/2016 05:10:00,-26.79514878,-6812.114749,0.5049522932
01/04/2016 05:15:00,-44.68484876,-10144.01845,0.4622782626
01/04/2016 05:20:00,-5,-169.3029491,0.4575032626
01/04/2016 05:25:00,-17.83871498,-4963.190341,0.4404672898
01/04/2016 05:30:00,-35.29649352,-8455.484918,0.4067591385
01/04/2016 05:35:00,-5,-296.5222801,0.4019841385
01/04/2016 05:40:00,-39.11518341,-9158.285844,0.3646291383
01/04/2016 05:45:00,-25.57603603,-6567.540165,0.3402040239
01/04/2016 05:50:00,-17.00638019,-4785.240087,0.3239629308
01/04/2016 05:55:00,-5.963217714,-2325.631157,0.3182680579
01/04/2016 06:00:00,-35.32545791,-8460.898141,0.2845322456
01/04/2016 06:05:00,-26.94353511,-6841.730954,0.2588011696
01/04/2016 06:10:00,-19.79490898,-5377.315662,0.2398970315
01/04/2016 06:15:00,-9.002676973,-3020.894233,0.231299475
01/04/2016 06:20:00,-47.81677886,-10677.82078,0.1856344512
01/04/2016 06:25:00,0,0,0.1854344512
01/04/2016 06:30:00,0,0,0.1852344512
01/04/2016 06:35:00,0,0,0.1850344512
01/04/2016 06:40:00,0,0,0.1848344512
01/04/2016 06:45:00,0,0,0.1846344512
01/04/2016 06:50:00,0,0,0.1844344512
01/04/2016 06:55:00,0,0,0.1842344512
01/04/2016 07:00:00,0,0,0.1840344512
01/04/2016 07:05:00,0,0,0.1838344512
01/04/2016 07:10:00,0,0,0.1836344512
01/04/2016 07:15:00,0,0,0.1834344512
01/04/2016 07:20:00,0,0,0.1832344512
01/04/2016 07:25:00,0,0,0.1830344512
01/04/2016 07:30:00,0,0,0.1828344512
01/04/2016 07:35:00,0,0,0.1826344512
01/04/2016 07:40:00,0,0,0.1824344512
01/04/2016 07:45:00,0,0,0.1822344512
01/04/2016 07:50:00,0,0,0.1820344512
01/04/2016 07:55:00,0,0,0.1818344512
01/04/2016 08:00:00,0,0,0.1816344512
01/04/2016 08:05:00,0,0,0.1814344512
01/04/2016 08:10:00,0,0,0.1812344512
01/04/2016 08:15:00,0,0,0.1810344512
01/04/2016 08:20:00,0,0,0.1808344512
01/04/2016 08:25:00,0,0,0.1806344512
01/04/2016 08:30:00,0,0,0.1804344512
01/04/2016 08:35:00,0,0,0.1802344512
01/04/2016 08:40:00,0,0,0.1800344512
01/04/2016 08:45:00,0,0,0.1798344512
01/04/2016 08:50:00,0,0,0.1796344512
01/04/2016 08:55:00,0,0,0.1794344512
01/04/2016 09:00:00,0,0,0.1792344512
01/04/2016 09:05:00,0,0,0.1790344512
01/04/2016 09:10:00,0,0,0.1788344512
01/04/2016 09:15:00,0,0,0.1786344512
01/04/2016 09:20:00,0,0,0.1784344512
01/04/2016 09:25:00,0,0,0.1782344512
01/04/2016 09:30:00,0,0,0.1780344512
01/04/2016 09:35:00,0,0,0.1778344512
01/04/2016 09:40:00,0,0,0.1776344512
01/04/2016 09:45:00,0,0,0.1774344512
01/04/2016 09:50:00,0,0,0.1772344512
01/04/2016 09:55:00,0,0,0.1770344512
01/04/2016 10:00:00,0,0,0.1768344512
01/04/2016 10:05:00,0,0,0.1766344512
01/04/2016 10:10:00,0,0,0.1764344512
01/04/2016 10:15:00,0,0,0.1762344512
01/04/2016 10:20:00,0,0,0.1760344512
01/04/2016 10:25:00,12.5,3000,0.1854094512
01/04/2016 10:30:00,12.5,3000,0.1947844512
01/04/2016 10:35:00,10,2500,0.2022844512
01/04/2016 10:40:00,10,2500,0.2097844512
01/04/2016 10:45:00,16.66666667,4000,0.2222844512
01/04/2016 10:50:00,16.66666667,4000,0.2347844512
01/04/2016 10:55:00,16.66666667,4000,0.2472844512
01/04/2016 11:00:00,16.66666667,4000,0.2597844512
01/04/2016 11:05:00,16.66666667,4000,0.2722844512
01/04/2016 11:10:00,16.66666667,4000,0.2847844512
01/04/2016 11:15:00,16.66666667,4000,0.2972844512
01/04/2016 11:20:00,16.66666667,4000,0.3097844512
01/04/2016 11:25:00,6.25,1500,0.3144719512
01/04/2016 11:30:00,6.25,1500,0.3191594512
01/04/2016 11:35:00,6.25,1500,0.3238469512
01/04/2016 11:40:00,6.25,1500,0.3285344512
01/04/2016 11:45:00,6.25,1500,0.3332219512
01/04/2016 11:50:00,6.25,1500,0.3379094512
01/04/2016 11:55:00,6.25,1500,0.3425969512
01/04/2016 12:00:00,12.5,3000,0.3519719512
01/04/2016 12:05:00,12.5,3000,0.3613469512
01/04/2016 12:10:00,10,2500,0.3688469512
01/04/2016 12:15:00,10,2500,0.3763469512
01/04/2016 12:20:00,16.66666667,4000,0.3888469512
01/04/2016 12:25:00,16.66666667,4000,0.4013469512
01/04/2016 12:30:00,16.66666667,4000,0.4138469512
01/04/2016 12:35:00,16.66666667,4000,0.4263469512
01/04/2016 12:40:00,16.66666667,4000,0.4388469512
01/04/2016 12:45:00,16.66666667,4000,0.4513469512
01/04/2016 12:50:00,16.66666667,4000,0.4638469512
01/04/2016 12:55:00,16.66666667,4000,0.4763469512
01/04/2016 13:00:00,6.25,1500,0.4810344512
01/04/2016 13:05:00,6.25,1500,0.4857219512
01/04/2016 13:10:00,6.25,1500,0.4904094512
01/04/2016 13:15:00,6.25,1500,0.4950969512
01/04/2016 13:20:00,6.25,1500,0.4997844512
01/04/2016 13:25:00,6.25,1500,0.5044719512
01/04/2016 13:30:00,6.25,1500,0.5091594512
01/04/2016 13:35:00,0,0,0.5089594512
01/04/2016 13:40:00,0,0,0.5087594512
01/04/2016 13:45:00,0,0,0.5085594512
01/04/2016 13:50:00,0,0,0.5083594512
01/04/2016 13:55:00,0,0,0.5081594512
01/04/2016 14:00:00,0,0,0.5079594512
01/04/2016 14:05:00,0,0,0.5077594512
01/04/2016 14:10:00,0,0,0.5075594512
01/04/2016 14:15:00,0,0,0.5073594512
01/04/2016 14:20:00,0,0,0.5071594512
01/04/2016 14:25:00,0,0,0.5069594512
01/04/2016 14:30:00,0,0,0.5067594512
01/04/2016 14:35:00,0,0,0.5065594512
01/04/2016 14:40:00,0,0,0.5063594512
01/04/2016 14:45:00,0,0,0.5061594512
01/04/2016 14:50:00,0,0,0.5059594512
01/04/2016 14:55:00,0,0,0.5057594512
01/04/2016 15:00:00,0,0,0.5055594512
01/04/2016 15:05:00,0,0,0.5053594512
01/04/2016 15:10:00,0,0,0.5051594512
01/04/2016 15:15:00,0,0,0.5049594512
01/04/2016 15:20:00,0,0,0.5047594512
01/04/2016 15:25:00,0,0,0.5045594512
01/04/2016 15:30:00,0,0,0.5043594512
01/04/2016 15:35:00,0,0,0.5041594512
01/04/2016 15:40:00,0,0,0.5039594512
01/04/2016 15:45:00,0,0,0.5037594512
01/04/2016 15:50:00,0,0,0.5035594512
01/04/2016 15:55:00,0,0,0.5033594512
01/04/2016 16:00:00,0,0,0.5031594512
01/04/2016 16:05:00,0,0,0.5029594512
01/04/2016 16:10:00,0,0,0.5027594512
01/04/2016 16:15:00,0,0,0.5025594512
01/04/2016 16:20:00,0,0,0.5023594512
01/04/2016 16:25:00,0,0,0.5021594512
01/04/2016 16:30:00,0,0,0.5019594512
01/04/2016 16:35:00,0,0,0.5017594512
01/04/2016 16:40:00,0,0,0.5015594512
01/04/2016 16:45:00,0,0,0.5013594512
01/04/2016 16:50:00,0,0,0.5011594512
01/04/2016 16:55:00,0,0,0.5009594512
01/04/2016 17:00:00,0,0,0.5007594512
01/04/2016 17:05:00,0,0,0.5005594512
01/04/2016 17:10:00,0,0,0.5003594512
01/04/2016 17:15:00,0,0,0.5001594512
01/04/2016 17:20:00,12.5,3000,0.5095344512
01/04/2016 17:25:00,12.5,3000,0.5189094512
01/04/2016 17:30:00,10,2500,0.5264094512
01/04/2016 17:35:00,10,2500,0.5339094512
01/04/2016 17:40:00,16.66666667,4000,0.5464094512
01/04/2016 17:45:00,16.66666667,4000,0.5589094512
01/04/2016 17:50:00,16.66666667,4000,0.5714094512
01/04/2016 17:55:00,16.66666667,4000,0.5839094512
01/04/2016 18:00:00,16.66666667,4000,0.5964094512
01/04/2016 18:05:00,16.66666667,4000,0.6089094512
01/04/2016 18:10:00,16.66666667,4000,0.6214094512
01/04/2016 18:15:00,16.66666667,4000,0.6339094512
01/04/2016 18:20:00,6.25,1500,0.6385969512
01/04/2016 18:25:00,6.25,1500,0.6432844512
01/04/2016 18:30:00,6.25,1500,0.6479719512
01/04/2016 18:35:00,6.25,1500,0.6526594512
01/04/2016 18:40:00,6.25,1500,0.6573469512
01/04/2016 18:45:00,6.25,1500,0.6620344512
01/04/2016 18:50:00,6.25,1500,0.6667219512
01/04/2016 18:55:00,12.5,3000,0.6760969512
01/04/2016 19:00:00,12.5,3000,0.6854719512
01/04/2016 19:05:00,10,2500,0.6929719512
01/04/2016 19:10:00,10,2500,0.7004719512
01/04/2016 19:15:00,16.66666667,4000,0.7129719512
01/04/2016 19:20:00,16.66666667,4000,0.7254719512
01/04/2016 19:25:00,16.66666667,4000,0.7379719512
01/04/2016 19:30:00,16.66666667,4000,0.7504719512
01/04/2016 19:35:00,16.66666667,4000,0.7629719512
01/04/2016 19:40:00,16.66666667,4000,0.7754719513
01/04/2016 19:45:00,16.66666667,4000,0.7879719513
01/04/2016 19:50:00,16.66666667,4000,0.8004719513
01/04/2016 19:55:00,6.25,1500,0.8051594513
01/04/2016 20:00:00,6.25,1500,0.8098469513
01/04/2016 20:05:00,6.25,1500,0.8145344513
01/04/2016 20:10:00,6.25,1500,0.8192219513
01/04/2016 20:15:00,6.25,1500,0.8239094513
01/04/2016 20:20:00,6.25,1500,0.8285969513
01/04/2016 20:25:00,6.25,1500,0.8332844513
01/04/2016 20:30:00,0,0,0.8330844513
01/04/2016 20:35:00,0,0,0.8328844513
01/04/2016 20:40:00,0,0,0.8326844513
01/04/2016 20:45:00,0,0,0.8324844513
01/04/2016 20:50:00,0,0,0.8322844513
01/04/2016 20:55:00,0,0,0.8320844513
01/04/2016 21:00:00,0,0,0.8318844513
01/04/2016 21:05:00,0,0,0.8316844513
01/04/2016 21:10:00,0,0,0.8314844513
01/04/2016 21:15:00,0,0,0.8312844513
01/04/2016 21:20:00,0,0,0.8310844513
01/04/2016 21:25:00,0,0,0.8308844513
01/04/2016 21:30:00,0,0,0.8306844513
01/04/2016 21:35:00,0,0,0.8304844513
01/04/2016 21:40:00,0,0,0.8302844513
01/04/2016 21:45:00,0,0,0.8300844513
01/04/2016 21:50:00,0,0,0.8298844513
01/04/2016 21:55:00,0,0,0.8296844513
01/04/2016 22:00:00,0,0,0.8294844513
01/04/2016 22:05:00,0,0,0.8292844513
01/04/2016 22:10:00,0,0,0.8290844513
01/04/2016 22:15:00,0,0,0.8288844513
01/04/2016 22:20:00,0,0,0.8286844513
01/04/2016 22:25:00,0,0,0.8284844513
01/04/2016 22:30:00,0,0,0.8282844513
01/04/2016 22:35:00,0,0,0.8280844513
01/04/2016 22:40:00,0,0,0.8278844513
01/04/2016 22:45:00,0,0,0.8276844513
01/04/2016 22:50:00,0,0,0.8274844513
01/04/2016 22:55:00,0,0,0.8272844513
01/04/2016 23:00:00,0,0,0.8270844513
01/04/2016 23:05:00,0,0,0.8268844513
01/04/2016 23:10:00,0,0,0.8266844513
01/04/2016 23:15:00,0,0,0.8264844513
01/04/2016 23:20:00,0,0,0.8262844513
01/04/2016 23:25:00,0,0,0.8260844513
01/04/2016 23:30:00,0,0,0.8258844513
01/04/2016 23:35:00,0,0,0.8256844513
01/04/2016 23:40:00,0,0,0.8254844513
01/04/2016 23:45:00,0,0,0.8252844513
01/04/2016 23:50:00,0,0,0.8250844513
01/04/2016 23:55:00,0,0,0.8248844513
01/05/2016 00:00:00,0,0,0.8246844513
01/05/2016 00:05:00,0,0,0.8244844513
01/05/2016 00:10:00,0,0,0.8242844513
01/05/2016 00:15:00,0,0,0.8240844513
01/05/2016 00:20:00,0,0,0.8238844513
01/05/2016 00:25:00,0,0,0.8236844513
01/05/2016 00:30:00,0,0,0.8234844513
01/05/2016 00:35:00,0,0,0.8232844513
01/05/2016 00:40:00,0,0,0.8230844513
01/05/2016 00:45:00,0,0,0.8228844513
01/05/2016 00:50:00,0,0,0.8226844513
01/05/2016 00:55:00,0,0,0.8224844513
01/05/2016 01:00:00,0,0,0.8222844513
01/05/2016 01:05:00,0,0,0.8220844513
01/05/2016 01:10:00,0,0,0.8218844513
01/05/2016 01:15:00,0,0,0.8216844513
01/05/2016 01:20:00,0,0,0.8214844513
01/05/2016 01:25:00,0,0,0.8212844513
01/05/2016 01:30:00,0,0,0.8210844513
01/05/2016 01:35:00,0,0,0.8208844513
01/05/2016 01:40:00,0,0,0.8206844513
01/05/2016 01:45:00,0,0,0.8204844513
01/05/2016 01:50:00,0,0,0.8202844513
01/05/2016 01:55:00,0,0,0.8200844513
01/05/2016 02:00:00,0,0,0.8198844513
01/05/2016 02:05:00,0,0,0.8196844513
01/05/2016 02:10:00,0,0,0.8194844513
01/05/2016 02:15:00,0,0,0.8192844513
01/05/2016 02:20:00,0,0,0.8190844513
01/05/2016 02:25:00,0,0,0.8188844513
01/05/2016 02:30:00,0,0,0.8186844513
01/05/2016 02:35:00,0,0,0.8184844513
01/05/2016 02:40:00,0,0,0.8182844513
01/05/2016 02:45:00,0,0,0.8180844513
01/05/2016 02:50:00,0,0,0.8178844513
01/05/2016 02:55:00,0,0,0.8176844513
01/05/2016 03:00:00,0,0,0.8174844513
01/05/2016 03:05:00,0,0,0.8172844513
01/05/2016 03:10:00,0,0,0.8170844513
01/05/2016 03:15:00,0,0,0.8168844513
01/05/2016 03:20:00,0,0,0.8166844513
01/05/2016 03:25:00,0,0,0.8164844513
01/05/2016 03:30:00,0,0,0.8162844513
01/05/2016 03:35:00,0,0,0.8160844513
01/05/2016 03:40:00,0,0,0.8158844513
01/05/2016 03:45:00,0,0,0.8156844513
01/05/2016 03:50:00,0,0,0.8154844513
01/05/2016 03:55:00,0,0,0.8152844513
01/05/2016 04:00:00,0,0,0.8150844513
01/05/2016 04:05:00,0,0,0.8148844513
01/05/2016 04:10:00,0,0,0.8146844513
01/05/2016 04:15:00,0,0,0.8144844513
01/05/2016 04:20:00,0,0,0.8142844513
01/05/2016 04:25:00,0,0,0.8140844513
01/05/2016 04:30:00,0,0,0.8138844513
01/05/2016 04:35:00,0,0,0.8136844513
01/05/2016 04:40:00,0,0,0.8134844513
01/05/2016 04:45:00,0,0,0.8132844513
01/05/2016 04:50:00,0,0,0.8130844513
01/05/2016 04:55:00,0,0,0.8128844513
01/05/2016 05:00:00,0,0,0.8126844513
01/05/2016 05:05:00,0,0,0.8124844513
01/05/2016 05:10:00,0,0,0.8122844513
01/05/2016 05:15:00,0,0,0.8120844513
01/05/2016 05:20:00,0,0,0.8118844513
01/05/2016 05:25:00,0,0,0.8116844513
01/05/2016 05:30:00,0,0,0.8114844513
01/05/2016 05:35:00,0,0,0.8112844513
01/05/2016 05:40:00,0,0,0.8110844513
01/05/2016 05:45:00,0,0,0.8108844513
01/05/2016 05:50:00,0,0,0.8106844513
01/05/2016 05:55:00,0,0,0.8104844513
01/05/2016 06:00:00,0,0,0.8102844513
01/05/2016 06:05:00,0,0,0.8100844513
01/05/2016 06:10:00,0,0,0.8098844513
01/05/2016 06:15:00,0,0,0.8096844513
01/05/2016 06:20:00,0,0,0.8094844513
01/05/2016 06:25:00,0,0,0.8092844513
01/05/2016 06:30:00,0,0,0.8090844513
01/05/2016 06:35:00,0,0,0.8088844513
01/05/2016 06:40:00,0,0,0.8086844513
01/05/2016 06:45:00,0,0,0.8084844513
01/05/2016 06:50:00,0,0,0.8082844513
01/05/2016 06:55:00,0,0,0.8080844513
01/05/2016 07:00:00,0,0,0.8078844513
01/05/2016 07:05:00,0,0,0.8076844513
01/05/2016 07:10:00,0,0,0.8074844513
01/05/2016 07:15:00,0,0,0.8072844513
01/05/2016 07:20:00,0,0,0.8070844513
01/05/2016 07:25:00,0,0,0.8068844513
01/05/2016 07:30:00,0,0,0.8066844513
01/05/2016 07:35:00,0,0,0.8064844513
01/05/2016 07:40:00,0,0,0.8062844513
01/05/2016 07:45:00,0,0,0.8060844513
01/05/2016 07:50:00,0,0,0.8058844513
01/05/2016 07:55:00,0,0,0.8056844513
01/05/2016 08:00:00,0,0,0.8054844513
01/05/2016 08:05:00,0,0,0.8052844513
01/05/2016 08:10:00,0,0,0.8050844513
01/05/2016 08:15:00,0,0,0.8048844513
01/05/2016 08:20:00,0,0,0.8046844513
01/05/2016 08:25:00,0,0,0.8044844513
01/05/2016 08:30:00,0,0,0.8042844513
01/05/2016 08:35:00,0,0,0.8040844513
01/05/2016 08:40:00,0,0,0.8038844513
01/05/2016 08:45:00,0,0,0.8036844513
01/05/2016 08:50:00,0,0,0.8034844513
01/05/2016 08:55:00,0,0,0.8032844513
01/05/2016 09:00:00,0,0,0.8030844513
01/05/2016 09:05:00,0,0,0.8028844513
01/05/2016 09:10:00,0,0,0.8026844513
01/05/2016 09:15:00,0,0,0.8024844513
01/05/2016 09:20:00,0,0,0.8022844513
01/05/2016 09:25:00,0,0,0.8020844513
01/05/2016 09:30:00,0,0,0.8018844513
01/05/2016 09:35:00,0,0,0.8016844513
01/05/2016 09:40:00,0,0,0.8014844513
01/05/2016 09:45:00,0,0,0.8012844513
01/05/2016 09:50:00,0,0,0.8010844513
01/05/2016 09:55:00,0,0,0.8008844513
01/05/2016 10:00:00,0,0,0.8006844513
01/05/2016 10:05:00,0,0,0.8004844513
01/05/2016 10:10:00,0,0,0.8002844513
01/05/2016 10:15:00,0,0,0.8000844513
01/05/2016 10:20:00,0,0,0.7998844513
01/05/2016 10:25:00,0,0,0.7996844513
01/05/2016 10:30:00,0,0,0.7994844513
01/05/2016 10:35:00,0,0,0.7992844513
01/05/2016 10:40:00,0,0,0.7990844513
01/05/2016 10:45:00,0,0,0.7988844513
01/05/2016 10:50:00,0,0,0.7986844513
01/05/2016 10:55:00,0,0,0.7984844513
01/05/2016 11:00:00,0,0,0.7982844513
01/05/2016 11:05:00,0,0,0.7980844513
01/05/2016 11:10:00,0,0,0.7978844513
01/05/2016 11:15:00,0,0,0.7976844513
01/05/2016 11:20:00,0,0,0.7974844513
01/05/2016 11:25:00,0,0,0.7972844513
01/05/2016 11:30:00,0,0,0.7970844513
01/05/2016 11:35:00,0,0,0.7968844513
01/05/2016 11:40:00,0,0,0.7966844513
01/05/2016 11:45:00,0,0,0.7964844513
01/05/2016 11:50:00,0,0,0.7962844513
01/05/2016 11:55:00,0,0,0.7960844513
01/05/2016 12:00:00,0,0,0.7958844513
01/05/2016 12:05:00,0,0,0.7956844513
01/05/2016 12:10:00,0,0,0.7954844513
01/05/2016 12:15:00,0,0,0.7952844513
01/05/2016 12:20:00,0,0,0.7950844513
01/05/2016 12:25:00,0,0,0.7948844513
01/05/2016 12:30:00,0,0,0.7946844513
01/05/2016 12:35:00,0,0,0.7944844513
01/05/2016 12:40:00,0,0,0.7942844513
01/05/2016 12:45:00,0,0,0.7940844513
01/05/2016 12:50:00,0,0,0.7938844513
01/05/2016 12:55:00,0,0,0.7936844513
01/05/2016 13:00:00,0,0,0.7934844513
01/05/2016 13:05:00,0,0,0.7932844513
01/05/2016 13:10:00,0,0,0.7930844513
01/05/2016 13:15:00,0,0,0.7928844513
01/05/2016 13:20:00,0,0,0.7926844513
01/05/2016 13:25:00,0,0,0.7924844513
01/05/2016 13:30:00,0,0,0.7922844513
01/05/2016 13:35:00,0,0,0.7920844513
01/05/2016 13:40:00,0,0,0.7918844513
01/05/2016 13:45:00,0,0,0.7916844513
01/05/2016 13:50:00,0,0,0.7914844513
01/05/2016 13:55:00,0,0,0.7912844513
01/05/2016 14:00:00,0,0,0.7910844513
01/05/2016 14:05:00,0,0,0.7908844513
01/05/2016 14:10:00,0,0,0.7906844513
01/05/2016 14:15:00,0,0,0.7904844513
01/05/2016 14:20:00,0,0,0.7902844513
01/05/2016 14:25:00,0,0,0.7900844513
01/05/2016 14:30:00,0,0,0.7898844513
01/05/2016 14:35:00,0,0,0.7896844513
01/05/2016 14:40:00,0,0,0.7894844513
01/05/2016 14:45:00,0,0,0.7892844513
01/05/2016 14:50:00,0,0,0.7890844513
01/05/2016 14:55:00,0,0,0.7888844513
01/05/2016 15:00:00,0,0,0.7886844513
01/05/2016 15:05:00,0,0,0.7884844513
01/05/2016 15:10:00,0,0,0.7882844513
01/05/2016 15:15:00,0,0,0.7880844513
01/05/2016 15:20:00,0,0,0.7878844513
01/05/2016 15:25:00,0,0,0.7876844513
01/05/2016 15:30:00,0,0,0.7874844513
01/05/2016 15:35:00,0,0,0.7872844513
01/05/2016 15:40:00,0,0,0.7870844513
01/05/2016 15:45:00,0,0,0.7868844513
01/05/2016 15:50:00,0,0,0.7866844513
01/05/2016 15:55:00,0,0,0.7864844513
01/05/2016 16:00:00,0,0,0.7862844513
01/05/2016 16:05:00,0,0,0.7860844513
01/05/2016 16:10:00,0,0,0.7858844513
01/05/2016 16:15:00,0,0,0.7856844513
01/05/2016 16:20:00,0,0,0.7854844513
01/05/2016 16:25:00,0,0,0.7852844513
01/05/2016 16:30:00,0,0,0.7850844513
01/05/2016 16:35:00,0,0,0.7848844513
01/05/2016 16:40:00,0,0,0.7846844513
01/05/2016 16:45:00,0,0,0.7844844513
01/05/2016 16:50:00,0,0,0.7842844513
01/05/2016 16:55:00,0,0,0.7840844513
01/05/2016 17:00:00,0,0,0.7838844513
01/05/2016 17:05:00,0,0,0.7836844513
01/05/2016 17:10:00,0,0,0.7834844513
01/05/2016 17:15:00,0,0,0.7832844513
01/05/2016 17:20:00,0,0,0.7830844513
01/05/2016 17:25:00,0,0,0.7828844513
01/05/2016 17:30:00,0,0,0.7826844513
01/05/2016 17:35:00,0,0,0.7824844513
01/05/2016 17:40:00,0,0,0.7822844513
01/05/2016 17:45:00,0,0,0.7820844513
01/05/2016 17:50:00,0,0,0.7818844513
01/05/2016 17:55:00,0,0,0.7816844513
01/05/2016 18:00:00,0,0,0.7814844513
01/05/2016 18:05:00,0,0,0.7812844513
01/05/2016 18:10:00,0,0,0.7810844513
01/05/2016 18:15:00,0,0,0.7808844513
01/05/2016 18:20:00,0,0,0.7806844513
01/05/2016 18:25:00,0,0,0.7804844513
01/05/2016 18:30:00,0,0,0.7802844513
01/05/2016 18:35:00,0,0,0.7800844513
01/05/2016 18:40:00,0,0,0.7798844513
01/05/2016 18:45:00,0,0,0.7796844513
01/05/2016 18:50:00,0,0,0.7794844513
01/05/2016 18:55:00,0,0,0.7792844513
01/05/2016 19:00:00,0,0,0.7790844513
01/05/2016 19:05:00,0,0,0.7788844513
01/05/2016 19:10:00,0,0,0.7786844513
01/05/2016 19:15:00,0,0,0.7784844513
01/05/2016 19:20:00,0,0,0.7782844513
01/05/2016 19:25:00,0,0,0.7780844513
01/05/2016 19:30:00,0,0,0.7778844513
01/05/2016 19:35:00,0,0,0.7776844513
01/05/2016 19:40:00,0,0,0.7774844513
01/05/2016 19:45:00,0,0,0.7772844513
01/05/2016 19:50:00,0,0,0.7770844513
01/05/2016 19:55:00,0,0,0.7768844513
01/05/2016 20:00:00,0,0,0.7766844513
01/05/2016 20:05:00,0,0,0.7764844513
01/05/2016 20:10:00,0,0,0.7762844513
01/05/2016 20:15:00,0,0,0.7760844513
01/05/2016 20:20:00,0,0,0.7758844513
01/05/2016 20:25:00,0,0,0.7756844513
01/05/2016 20:30:00,0,0,0.7754844513
01/05/2016 20:35:00,0,0,0.7752844513
01/05/2016 20:40:00,0,0,0.7750844513
01/05/2016 20:45:00,0,0,0.7748844513
01/05/2016 20:50:00,0,0,0.7746844513
01/05/2016 20:55:00,0,0,0.7744844513
01/05/2016 21:00:00,0,0,0.7742844513
01/05/2016 21:05:00,0,0,0.7740844513
01/05/2016 21:10:00,0,0,0.7738844513
01/05/2016 21:15:00,0,0,0.7736844513
01/05/2016 21:20:00,0,0,0.7734844513
01/05/2016 21:25:00,0,0,0.7732844513
01/05/2016 21:30:00,0,0,0.7730844513
01/05/2016 21:35:00,0,0,0.7728844513
01/05/2016 21:40:00,0,0,0.7726844513
01/05/2016 21:45:00,0,0,0.7724844513
01/05/2016 21:50:00,0,0,0.7722844513
01/05/2016 21:55:00,0,0,0.7720844513
01/05/2016 22:00:00,0,0,0.7718844513
01/05/2016 22:05:00,0,0,0.7716844513
01/05/2016 22:10:00,0,0,0.7714844513
01/05/2016 22:15:00,0,0,0.7712844513
01/05/2016 22:20:00,0,0,0.7710844513
01/05/2016 22:25:00,0,0,0.7708844513
01/05/2016 22:30:00,0,0,0.7706844513
01/05/2016 22:35:00,0,0,0.7704844513
01/05/2016 22:40:00,0,0,0.7702844513
01/05/2016 22:45:00,0,0,0.7700844513
01/05/2016 22:50:00,0,0,0.7698844513
01/05/2016 22:55:00,0,0,0.7696844513
01/05/2016 23:00:00,0,0,0.7694844513
01/05/2016 23:05:00,0,0,0.7692844513
01/05/2016 23:10:00,0,0,0.7690844513
01/05/2016 23:15:00,0,0,0.7688844513
01/05/2016 23:20:00,0,0,0.7686844513
01/05/2016 23:25:00,0,0,0.7684844513
01/05/2016 23:30:00,0,0,0.7682844513
01/05/2016 23:35:00,0,0,0.7680844513
01/05/2016 23:40:00,0,0,0.7678844513
01/05/2016 23:45:00,0,0,0.7676844513
01/05/2016 23:50:00,0,0,0.7674844513
01/05/2016 23:55:00,0,0,0.7672844513
01/06/2016 00:00:00,0,0,0.7670844513
01/06/2016 00:05:00,0,0,0.7668844513
01/06/2016 00:10:00,0,0,0.7666844513
01/06/2016 00:15:00,0,0,0.7664844513
01/06/2016 00:20:00,0,0,0.7662844513
01/06/2016 00:25:00,0,0,0.7660844513
01/06/2016 00:30:00,0,0,0.7658844513
01/06/2016 00:35:00,0,0,0.7656844513
01/06/2016 00:40:00,0,0,0.7654844513
01/06/2016 00:45:00,0,0,0.7652844513
01/06/2016 00:50:00,0,0,0.7650844513
01/06/2016 00:55:00,0,0,0.7648844513
01/06/2016 01:00:00,0,0,0.7646844513
01/06/2016 01:05:00,0,0,0.7644844513
01/06/2016 01:10:00,0,0,0.7642844513
01/06/2016 01:15:00,0,0,0.7640844513
01/06/2016 01:20:00,0,0,0.7638844513
01/06/2016 01:25:00,0,0,0.7636844513
01/06/2016 01:30:00,0,0,0.7634844513
01/06/2016 01:35:00,0,0,0.7632844513
01/06/2016 01:40:00,0,0,0.7630844513
01/06/2016 01:45:00,0,0,0.7628844513
01/06/2016 01:50:00,0,0,0.7626844513
01/06/2016 01:55:00,0,0,0.7624844513
01/06/2016 02:00:00,0,0,0.7622844513
01/06/2016 02:05:00,0,0,0.7620844513
01/06/2016 02:10:00,0,0,0.7618844513
01/06/2016 02:15:00,0,0,0.7616844513
01/06/2016 02:20:00,0,0,0.7614844513
01/06/2016 02:25:00,0,0,0.7612844513
01/06/2016 02:30:00,0,0,0.7610844513
01/06/2016 02:35:00,0,0,0.7608844513
01/06/2016 02:40:00,0,0,0.7606844513
01/06/2016 02:45:00,0,0,0.7604844513
01/06/2016 02:50:00,0,0,0.7602844513
01/06/2016 02:55:00,0,0,0.7600844513
01/06/2016 03:00:00,0,0,0.7598844513
01/06/2016 03:05:00,0,0,0.7596844513
01/06/2016 03:10:00,0,0,0.7594844513
01/06/2016 03:15:00,0,0,0.7592844513
01/06/2016 03:20:00,0,0,0.7590844513
01/06/2016 03:25:00,0,0,0.7588844513
01/06/2016 03:30:00,0,0,0.7586844513
01/06/2016 03:35:00,0,0,0.7584844513
01/06/2016 03:40:00,0,0,0.7582844513
01/06/2016 03:45:00,0,0,0.7580844513
01/06/2016 03:50:00,0,0,0.7578844513
01/06/2016 03:55:00,0,0,0.7576844513
01/06/2016 04:00:00,0,0,0.7574844513
01/06/2016 04:05:00,0,0,0.7572844513
01/06/2016 04:10:00,0,0,0.7570844513
01/06/2016 04:15:00,0,0,0.7568844513
01/06/2016 04:20:00,0,0,0.7566844513
01/06/2016 04:25:00,0,0,0.7564844513
01/06/2016 04:30:00,0,0,0.7562844513
01/06/2016 04:35:00,0,0,0.7560844513
01/06/2016 04:40:00,0,0,0.7558844513
01/06/2016 04:45:00,0,0,0.7556844513
01/06/2016 04:50:00,0,0,0.7554844513
01/06/2016 04:55:00,0,0,0.7552844513
01/06/2016 05:00:00,0,0,0.7550844513
01/06/2016 05:05:00,0,0,0.7548844513
01/06/2016 05:10:00,0,0,0.7546844513
01/06/2016 05:15:00,0,0,0.7544844513
01/06/2016 05:20:00,0,0,0.7542844513
01/06/2016 05:25:00,0,0,0.7540844513
01/06/2016 05:30:00,0,0,0.7538844513
01/06/2016 05:35:00,0,0,0.7536844513
01/06/2016 05:40:00,0,0,0.7534844513
01/06/2016 05:45:00,0,0,0.7532844513
01/06/2016 05:50:00,0,0,0.7530844513
01/06/2016 05:55:00,0,0,0.7528844513
01/06/2016 06:00:00,0,0,0.7526844513
01/06/2016 06:05:00,0,0,0.7524844513
01/06/2016 06:10:00,0,0,0.7522844513
01/06/2016 06:15:00,0,0,0.7520844513
01/06/2016 06:20:00,0,0,0.7518844513
01/06/2016 06:25:00,0,0,0.7516844513
01/06/2016 06:30:00,0,0,0.7514844513
01/06/2016 06:35:00,0,0,0.7512844513
01/06/2016 06:40:00,0,0,0.7510844513
01/06/2016 06:45:00,0,0,0.7508844513
01/06/2016 06:50:00,0,0,0.7506844513
01/06/2016 06:55:00,0,0,0.7504844513
01/06/2016 07:00:00,0,0,0.7502844513
01/06/2016 07:05:00,0,0,0.7500844513
01/06/2016 07:10:00,0,0,0.7498844513
01/06/2016 07:15:00,0,0,0.7496844513
01/06/2016 07:20:00,0,0,0.7494844513
01/06/2016 07:25:00,0,0,0.7492844513
01/06/2016 07:30:00,0,0,0.7490844513
01/06/2016 07:35:00,0,0,0.7488844513
01/06/2016 07:40:00,0,0,0.7486844513
01/06/2016 07:45:00,0,0,0.7484844513
01/06/2016 07:50:00,0,0,0.7482844513
01/06/2016 07:55:00,0,0,0.7480844513
01/06/2016 08:00:00,0,0,0.7478844513
01/06/2016 08:05:00,0,0,0.7476844513
01/06/2016 08:10:00,0,0,0.7474844513
01/06/2016 08:15:00,0,0,0.7472844513
01/06/2016 08:20:00,0,0,0.7470844513
01/06/2016 08:25:00,0,0,0.7468844513
01/06/2016 08:30:00,0,0,0.7466844513
01/06/2016 08:35:00,0,0,0.7464844513
01/06/2016 08:40:00,0,0,0.7462844513
01/06/2016 08:45:00,0,0,0.7460844513
01/06/2016 08:50:00,0,0,0.7458844513
01/06/2016 08:55:00,0,0,0.7456844513
01/06/2016 09:00:00,0,0,0.7454844513
01/06/2016 09:05:00,0,0,0.7452844513
01/06/2016 09:10:00,0,0,0.7450844513
01/06/2016 09:15:00,0,0,0.7448844513
01/06/2016 09:20:00,0,0,0.7446844513
01/06/2016 09:25:00,0,0,0.7444844513
01/06/2016 09:30:00,0,0,0.7442844513
01/06/2016 09:35:00,0,0,0.7440844513
01/06/2016 09:40:00,0,0,0.7438844513
01/06/2016 09:45:00,0,0,0.7436844513
01/06/2016 09:50:00,0,0,0.7434844513
01/06/2016 09:55:00,0,0,0.7432844513
01/06/2016 10:00:00,0,0,0.7430844513
01/06/2016 10:05:00,0,0,0.7428844513
01/06/2016 10:10:00,0,0,0.7426844513
01/06/2016 10:15:00,0,0,0.7424844513
01/06/2016 10:20:00,0,0,0.7422844513
01/06/2016 10:25:00,0,0,0.7420844513
01/06/2016 10:30:00,0,0,0.7418844513
01/06/2016 10:35:00,0,0,0.7416844513
01/06/2016 10:40:00,0,0,0.7414844513
01/06/2016 10:45:00,0,0,0.7412844513
01/06/2016 10:50:00,0,0,0.7410844513
01/06/2016 10:55:00,0,0,0.7408844513
01/06/2016 11:00:00,0,0,0.7406844513
01/06/2016 11:05:00,0,0,0.7404844513
01/06/2016 11:10:00,0,0,0.7402844513
01/06/2016 11:15:00,0,0,0.7400844513
01/06/2016 11:20:00,0,0,0.7398844513
01/06/2016 11:25:00,0,0,0.7396844513
01/06/2016 11:30:00,0,0,0.7394844513
01/06/2016 11:35:00,0,0,0.7392844513
01/06/2016 11:40:00,0,0,0.7390844513
01/06/2016 11:45:00,0,0,0.7388844513
01/06/2016 11:50:00,0,0,0.7386844513
01/06/2016 11:55:00,0,0,0.7384844513
01/06/2016 12:00:00,0,0,0.7382844513
01/06/2016 12:05:00,0,0,0.7380844513
01/06/2016 12:10:00,0,0,0.7378844513
01/06/2016 12:15:00,0,0,0.7376844513
01/06/2016 12:20:00,0,0,0.7374844513
01/06/2016 12:25:00,0,0,0.7372844513
01/06/2016 12:30:00,0,0,0.7370844513
01/06/2016 12:35:00,0,0,0.7368844513
01/06/2016 12:40:00,0,0,0.7366844513
01/06/2016 12:45:00,0,0,0.7364844513
01/06/2016 12:50:00,0,0,0.7362844513
01/06/2016 12:55:00,0,0,0.7360844513
01/06/2016 13:00:00,0,0,0.7358844513
01/06/2016 13:05:00,0,0,0.7356844513
01/06/2016 13:10:00,0,0,0.7354844513
01/06/2016 13:15:00,0,0,0.7352844513
01/06/2016 13:20:00,0,0,0.7350844513
01/06/2016 13:25:00,0,0,0.7348844513
01/06/2016 13:30:00,0,0,0.7346844513
01/06/2016 13:35:00,0,0,0.7344844513
01/06/2016 13:40:00,0,0,0.7342844513
01/06/2016 13:45:00,0,0,0.7340844513
01/06/2016 13:50:00,0,0,0.7338844513
01/06/2016 13:55:00,0,0,0.7336844513
01/06/2016 14:00:00,0,0,0.7334844513
01/06/2016 14:05:00,0,0,0.7332844513
01/06/2016 14:10:00,0,0,0.7330844513
01/06/2016 14:15:00,0,0,0.7328844513
01/06/2016 14:20:00,0,0,0.7326844513
01/06/2016 14:25:00,0,0,0.7324844513
01/06/2016 14:30:00,0,0,0.7322844513
01/06/2016 14:35:00,0,0,0.7320844513
01/06/2016 14:40:00,0,0,0.7318844513
01/06/2016 14:45:00,0,0,0.7316844513
01/06/2016 14:50:00,0,0,0.7314844513
01/06/2016 14:55:00,0,0,0.7312844513
01/06/2016 15:00:00,0,0,0.7310844513
01/06/2016 15:05:00,0,0,0.7308844513
01/06/2016 15:10:00,0,0,0.7306844513
01/06/2016 15:15:00,0,0,0.7304844513
01/06/2016 15:20:00,0,0,0.7302844513
01/06/2016 15:25:00,0,0,0.7300844513
01/06/2016 15:30:00,0,0,0.7298844513
01/06/2016 15:35:00,0,0,0.7296844513
01/06/2016 15:40:00,0,0,0.7294844513
01/06/2016 15:45:00,0,0,0.7292844513
01/06/2016 15:50:00,0,0,0.7290844513
01/06/2016 15:55:00,0,0,0.7288844513
01/06/2016 16:00:00,0,0,0.7286844513
01/06/2016 16:05:00,0,0,0.7284844513
01/06/2016 16:10:00,0,0,0.7282844513
01/06/2016 16:15:00,0,0,0.7280844513
01/06/2016 16:20:00,0,0,0.7278844513
01/06/2016 16:25:00,0,0,0.7276844513
01/06/2016 16:30:00,0,0,0.7274844513
01/06/2016 16:35:00,0,0,0.7272844513
01/06/2016 16:40:00,0,0,0.7270844513
01/06/2016 16:45:00,0,0,0.7268844513
01/06/2016 16:50:00,0,0,0.7266844513
01/06/2016 16:55:00,0,0,0.7264844513
01/06/2016 17:00:00,0,0,0.7262844513
01/06/2016 17:05:00,0,0,0.7260844513
01/06/2016 17:10:00,0,0,0.7258844513
01/06/2016 17:15:00,0,0,0.7256844513
01/06/2016 17:20:00,0,0,0.7254844513
01/06/2016 17:25:00,0,0,0.7252844513
01/06/2016 17:30:00,0,0,0.7250844513
01/06/2016 17:35:00,0,0,0.7248844513
01/06/2016 17:40:00,0,0,0.7246844513
01/06/2016 17:45:00,0,0,0.7244844513
01/06/2016 17:50:00,0,0,0.7242844513
01/06/2016 17:55:00,0,0,0.7240844513
01/06/2016 18:00:00,0,0,0.7238844513
01/06/2016 18:05:00,0,0,0.7236844513
01/06/2016 18:10:00,0,0,0.7234844513
01/06/2016 18:15:00,0,0,0.7232844513
01/06/2016 18:20:00,0,0,0.7230844513
01/06/2016 18:25:00,0,0,0.7228844513
01/06/2016 18:30:00,0,0,0.7226844513
01/06/2016 18:35:00,0,0,0.7224844513
01/06/2016 18:40:00,0,0,0.7222844513
01/06/2016 18:45:00,0,0,0.7220844513
01/06/2016 18:50:00,0,0,0.7218844513
01/06/2016 18:55:00,0,0,0.7216844513
01/06/2016 19:00:00,0,0,0.7214844513
01/06/2016 19:05:00,0,0,0.7212844513
01/06/2016 19:10:00,0,0,0.7210844513
01/06/2016 19:15:00,0,0,0.7208844513
01/06/2016 19:20:00,0,0,0.7206844513
01/06/2016 19:25:00,0,0,0.7204844513
01/06/2016 19:30:00,0,0,0.7202844513
01/06/2016 19:35:00,0,0,0.7200844513
01/06/2016 19:40:00,0,0,0.7198844513
01/06/2016 19:45:00,0,0,0.7196844513
01/06/2016 19:50:00,0,0,0.7194844513
01/06/2016 19:55:00,0,0,0.7192844513
01/06/2016 20:00:00,0,0,0.7190844513
01/06/2016 20:05:00,0,0,0.7188844513
01/06/2016 20:10:00,0,0,0.7186844513
01/06/2016 20:15:00,0,0,0.7184844513
01/06/2016 20:20:00,0,0,0.7182844513
01/06/2016 20:25:00,0,0,0.7180844513
01/06/2016 20:30:00,0,0,0.7178844513
01/06/2016 20:35:00,0,0,0.7176844513
01/06/2016 20:40:00,0,0,0.7174844513
01/06/2016 20:45:00,0,0,0.7172844513
01/06/2016 20:50:00,0,0,0.7170844513
01/06/2016 20:55:00,0,0,0.7168844513
01/06/2016 21:00:00,0,0,0.7166844513
01/06/2016 21:05:00,0,0,0.7164844513
01/06/2016 21:10:00,0,0,0.7162844513
01/06/2016 21:15:00,0,0,0.7160844513
01/06/2016 21:20:00,0,0,0.7158844513
01/06/2016 21:25:00,0,0,0.7156844513
01/06/2016 21:30:00,0,0,0.7154844513
01/06/2016 21:35:00,0,0,0.7152844513
01/06/2016 21:40:00,0,0,0.7150844513
01/06/2016 21:45:00,0,0,0.7148844513
01/06/2016 21:50:00,0,0,0.7146844513
01/06/2016 21:55:00,0,0,0.7144844513
01/06/2016 22:00:00,0,0,0.7142844513
01/06/2016 22:05:00,0,0,0.7140844513
01/06/2016 22:10:00,0,0,0.7138844513
01/06/2016 22:15:00,0,0,0.7136844513
01/06/2016 22:20:00,0,0,0.7134844513
01/06/2016 22:25:00,0,0,0.7132844513
01/06/2016 22:30:00,0,0,0.7130844513
01/06/2016 22:35:00,0,0,0.7128844513
01/06/2016 22:40:00,0,0,0.7126844513
01/06/2016 22:45:00,0,0,0.7124844513
01/06/2016 22:50:00,0,0,0.7122844513
01/06/2016 22:55:00,0,0,0.7120844513
01/06/2016 23:00:00,0,0,0.7118844513
01/06/2016 23:05:00,0,0,0.7116844513
01/06/2016 23:10:00,0,0,0.7114844513
01/06/2016 23:15:00,0,0,0.7112844513
01/06/2016 23:20:00,0,0,0.7110844513
01/06/2016 23:25:00,0,0,0.7108844513
01/06/2016 23:30:00,0,0,0.7106844513
01/06/2016 23:35:00,0,0,0.7104844513
01/06/2016 23:40:00,0,0,0.7102844513
01/06/2016 23:45:00,0,0,0.7100844513
01/06/2016 23:50:00,0,0,0.7098844513
01/06/2016 23:55:00,0,0,0.7096844513
01/07/2016 00:00:00,0,0,0.7094844513
01/07/2016 00:05:00,0,0,0.7092844513
01/07/2016 00:10:00,0,0,0.7090844513
01/07/2016 00:15:00,0,0,0.7088844513
01/07/2016 00:20:00,0,0,0.7086844513
01/07/2016 00:25:00,0,0,0.7084844513
01/07/2016 00:30:00,0,0,0.7082844513
01/07/2016 00:35:00,0,0,0.7080844513
01/07/2016 00:40:00,0,0,0.7078844513
01/07/2016 00:45:00,0,0,0.7076844513
01/07/2016 00:50:00,0,0,0.7074844513
01/07/2016 00:55:00,0,0,0.7072844513
01/07/2016 01:00:00,0,0,0.7070844513
01/07/2016 01:05:00,0,0,0.7068844513
01/07/2016 01:10:00,0,0,0.7066844513
01/07/2016 01:15:00,0,0,0.7064844513
01/07/2016 01:20:00,0,0,0.7062844513
01/07/2016 01:25:00,0,0,0.7060844513
01/07/2016 01:30:00,0,0,0.7058844513
01/07/2016 01:35:00,0,0,0.7056844513
01/07/2016 01:40:00,0,0,0.7054844513
01/07/2016 01:45:00,0,0,0.7052844513
01/07/2016 01:50:00,0,0,0.7050844513
01/07/2016 01:55:00,0,0,0.7048844513
01/07/2016 02:00:00,0,0,0.7046844513
01/07/2016 02:05:00,0,0,0.7044844513
01/07/2016 02:10:00,0,0,0.7042844513
01/07/2016 02:15:00,0,0,0.7040844513
01/07/2016 02:20:00,0,0,0.7038844513
01/07/2016 02:25:00,0,0,0.7036844513
01/07/2016 02:30:00,0,0,0.7034844513
01/07/2016 02:35:00,0,0,0.7032844513
01/07/2016 02:40:00,0,0,0.7030844513
01/07/2016 02:45:00,0,0,0.7028844513
01/07/2016 02:50:00,0,0,0.7026844513
01/07/2016 02:55:00,0,0,0.7024844513
01/07/2016 03:00:00,0,0,0.7022844513
01/07/2016 03:05:00,0,0,0.7020844513
01/07/2016 03:10:00,0,0,0.7018844513
01/07/2016 03:15:00,0,0,0.7016844513
01/07/2016 03:20:00,0,0,0.7014844513
01/07/2016 03:25:00,0,0,0.7012844513
01/07/2016 03:30:00,0,0,0.7010844513
01/07/2016 03:35:00,0,0,0.7008844513
01/07/2016 03:40:00,0,0,0.7006844513
01/07/2016 03:45:00,0,0,0.7004844513
01/07/2016 03:50:00,0,0,0.7002844513
01/07/2016 03:55:00,0,0,0.7000844513
01/07/2016 04:00:00,0,0,0.6998844513
01/07/2016 04:05:00,0,0,0.6996844513
01/07/2016 04:10:00,0,0,0.6994844513
01/07/2016 04:15:00,0,0,0.6992844513
01/07/2016 04:20:00,0,0,0.6990844513
01/07/2016 04:25:00,0,0,0.6988844513
01/07/2016 04:30:00,0,0,0.6986844513
01/07/2016 04:35:00,0,0,0.6984844513
01/07/2016 04:40:00,0,0,0.6982844513
01/07/2016 04:45:00,0,0,0.6980844513
01/07/2016 04:50:00,0,0,0.6978844513
01/07/2016 04:55:00,0,0,0.6976844513
01/07/2016 05:00:00,0,0,0.6974844513
01/07/2016 05:05:00,0,0,0.6972844513
01/07/2016 05:10:00,0,0,0.6970844513
01/07/2016 05:15:00,0,0,0.6968844513
01/07/2016 05:20:00,0,0,0.6966844513
01/07/2016 05:25:00,0,0,0.6964844513
01/07/2016 05:30:00,0,0,0.6962844513
01/07/2016 05:35:00,0,0,0.6960844513
01/07/2016 05:40:00,0,0,0.6958844513
01/07/2016 05:45:00,0,0,0.6956844513
01/07/2016 05:50:00,0,0,0.6954844513
01/07/2016 05:55:00,0,0,0.6952844513
01/07/2016 06:00:00,0,0,0.6950844513
01/07/2016 06:05:00,0,0,0.6948844513
01/07/2016 06:10:00,0,0,0.6946844513
01/07/2016 06:15:00,0,0,0.6944844513
01/07/2016 06:20:00,0,0,0.6942844513
01/07/2016 06:25:00,0,0,0.6940844513
01/07/2016 06:30:00,0,0,0.6938844513
01/07/2016 06:35:00,0,0,0.6936844513
01/07/2016 06:40:00,0,0,0.6934844513
01/07/2016 06:45:00,0,0,0.6932844513
01/07/2016 06:50:00,0,0,0.6930844513
01/07/2016 06:55:00,0,0,0.6928844513
01/07/2016 07:00:00,0,0,0.6926844513
01/07/2016 07:05:00,0,0,0.6924844513
01/07/2016 07:10:00,0,0,0.6922844513
01/07/2016 07:15:00,0,0,0.6920844513
01/07/2016 07:20:00,0,0,0.6918844513
01/07/2016 07:25:00,0,0,0.6916844513
01/07/2016 07:30:00,0,0,0.6914844513
01/07/2016 07:35:00,0,0,0.6912844513
01/07/2016 07:40:00,0,0,0.6910844513
01/07/2016 07:45:00,0,0,0.6908844513
01/07/2016 07:50:00,0,0,0.6906844513
01/07/2016 07:55:00,0,0,0.6904844513
01/07/2016 08:00:00,0,0,0.6902844513
01/07/2016 08:05:00,0,0,0.6900844513
01/07/2016 08:10:00,0,0,0.6898844513
01/07/2016 08:15:00,0,0,0.6896844513
01/07/2016 08:20:00,0,0,0.6894844513
01/07/2016 08:25:00,0,0,0.6892844513
01/07/2016 08:30:00,0,0,0.6890844513
01/07/2016 08:35:00,0,0,0.6888844513
01/07/2016 08:40:00,0,0,0.6886844513
01/07/2016 08:45:00,0,0,0.6884844513
01/07/2016 08:50:00,0,0,0.6882844513
01/07/2016 08:55:00,0,0,0.6880844513
01/07/2016 09:00:00,0,0,0.6878844513
01/07/2016 09:05:00,0,0,0.6876844513
01/07/2016 09:10:00,0,0,0.6874844513
01/07/2016 09:15:00,0,0,0.6872844513
01/07/2016 09:20:00,0,0,0.6870844513
01/07/2016 09:25:00,0,0,0.6868844513
01/07/2016 09:30:00,0,0,0.6866844513
01/07/2016 09:35:00,0,0,0.6864844513
01/07/2016 09:40:00,0,0,0.6862844513
01/07/2016 09:45:00,0,0,0.6860844513
01/07/2016 09:50:00,0,0,0.6858844513
01/07/2016 09:55:00,0,0,0.6856844513
01/07/2016 10:00:00,0,0,0.6854844513
01/07/2016 10:05:00,0,0,0.6852844513
01/07/2016 10:10:00,0,0,0.6850844513
01/07/2016 10:15:00,0,0,0.6848844513
01/07/2016 10:20:00,0,0,0.6846844513
01/07/2016 10:25:00,0,0,0.6844844513
01/07/2016 10:30:00,0,0,0.6842844513
01/07/2016 10:35:00,0,0,0.6840844513
01/07/2016 10:40:00,0,0,0.6838844513
01/07/2016 10:45:00,0,0,0.6836844513
01/07/2016 10:50:00,0,0,0.6834844513
01/07/2016 10:55:00,0,0,0.6832844513
01/07/2016 11:00:00,0,0,0.6830844513
01/07/2016 11:05:00,0,0,0.6828844513
01/07/2016 11:10:00,0,0,0.6826844513
01/07/2016 11:15:00,0,0,0.6824844513
01/07/2016 11:20:00,0,0,0.6822844513
01/07/2016 11:25:00,0,0,0.6820844513
01/07/2016 11:30:00,0,0,0.6818844513
01/07/2016 11:35:00,0,0,0.6816844513
01/07/2016 11:40:00,0,0,0.6814844513
01/07/2016 11:45:00,0,0,0.6812844513
01/07/2016 11:50:00,0,0,0.6810844513
01/07/2016 11:55:00,0,0,0.6808844513
01/07/2016 12:00:00,0,0,0.6806844513
01/07/2016 12:05:00,0,0,0.6804844513
01/07/2016 12:10:00,0,0,0.6802844513
01/07/2016 12:15:00,0,0,0.6800844513
01/07/2016 12:20:00,0,0,0.6798844513
01/07/2016 12:25:00,0,0,0.6796844513
01/07/2016 12:30:00,0,0,0.6794844513
01/07/2016 12:35:00,0,0,0.6792844513
01/07/2016 12:40:00,0,0,0.6790844513
01/07/2016 12:45:00,0,0,0.6788844513
01/07/2016 12:50:00,0,0,0.6786844513
01/07/2016 12:55:00,0,0,0.6784844513
01/07/2016 13:00:00,0,0,0.6782844513
01/07/2016 13:05:00,0,0,0.6780844513
01/07/2016 13:10:00,0,0,0.6778844513
01/07/2016 13:15:00,0,0,0.6776844513
01/07/2016 13:20:00,0,0,0.6774844513
01/07/2016 13:25:00,0,0,0.6772844513
01/07/2016 13:30:00,0,0,0.6770844513
01/07/2016 13:35:00,0,0,0.6768844513
01/07/2016 13:40:00,0,0,0.6766844513
01/07/2016 13:45:00,0,0,0.6764844513
01/07/2016 13:50:00,0,0,0.6762844513
01/07/2016 13:55:00,0,0,0.6760844513
01/07/2016 14:00:00,0,0,0.6758844513
01/07/2016 14:05:00,0,0,0.6756844513
01/07/2016 14:10:00,0,0,0.6754844513
01/07/2016 14:15:00,0,0,0.6752844513
01/07/2016 14:20:00,0,0,0.6750844513
01/07/2016 14:25:00,0,0,0.6748844513
01/07/2016 14:30:00,0,0,0.6746844513
01/07/2016 14:35:00,0,0,0.6744844513
01/07/2016 14:40:00,0,0,0.6742844513
01/07/2016 14:45:00,0,0,0.6740844513
01/07/2016 14:50:00,0,0,0.6738844513
01/07/2016 14:55:00,0,0,0.6736844513
01/07/2016 15:00:00,0,0,0.6734844513
01/07/2016 15:05:00,0,0,0.6732844513
01/07/2016 15:10:00,0,0,0.6730844513
01/07/2016 15:15:00,0,0,0.6728844513
01/07/2016 15:20:00,0,0,0.6726844513
01/07/2016 15:25:00,0,0,0.6724844513
01/07/2016 15:30:00,0,0,0.6722844513
01/07/2016 15:35:00,0,0,0.6720844513
01/07/2016 15:40:00,0,0,0.6718844513
01/07/2016 15:45:00,0,0,0.6716844513
01/07/2016 15:50:00,0,0,0.6714844513
01/07/2016 15:55:00,0,0,0.6712844513
01/07/2016 16:00:00,0,0,0.6710844513
01/07/2016 16:05:00,0,0,0.6708844513
01/07/2016 16:10:00,0,0,0.6706844513
01/07/2016 16:15:00,0,0,0.6704844513
01/07/2016 16:20:00,0,0,0.6702844513
01/07/2016 16:25:00,0,0,0.6700844513
01/07/2016 16:30:00,0,0,0.6698844513
01/07/2016 16:35:00,0,0,0.6696844513
01/07/2016 16:40:00,0,0,0.6694844513
01/07/2016 16:45:00,0,0,0.6692844513
01/07/2016 16:50:00,0,0,0.6690844513
01/07/2016 16:55:00,0,0,0.6688844513
01/07/2016 17:00:00,0,0,0.6686844513
01/07/2016 17:05:00,0,0,0.6684844513
01/07/2016 17:10:00,0,0,0.6682844513
01/07/2016 17:15:00,0,0,0.6680844513
01/07/2016 17:20:00,0,0,0.6678844513
01/07/2016 17:25:00,0,0,0.6676844513
01/07/2016 17:30:00,0,0,0.6674844513
01/07/2016 17:35:00,0,0,0.6672844513
01/07/2016 17:40:00,0,0,0.6670844513
01/07/2016 17:45:00,0,0,0.6668844513
01/07/2016 17:50:00,0,0,0.6666844513
01/07/2016 17:55:00,0,0,0.6664844513
01/07/2016 18:00:00,0,0,0.6662844513
01/07/2016 18:05:00,0,0,0.6660844513
01/07/2016 18:10:00,0,0,0.6658844513
01/07/2016 18:15:00,0,0,0.6656844513
01/07/2016 18:20:00,0,0,0.6654844513
01/07/2016 18:25:00,0,0,0.6652844513
01/07/2016 18:30:00,0,0,0.6650844513
01/07/2016 18:35:00,0,0,0.6648844513
01/07/2016 18:40:00,0,0,0.6646844513
01/07/2016 18:45:00,0,0,0.6644844513
01/07/2016 18:50:00,0,0,0.6642844513
01/07/2016 18:55:00,0,0,0.6640844513
01/07/2016 19:00:00,0,0,0.6638844513
01/07/2016 19:05:00,0,0,0.6636844513
01/07/2016 19:10:00,0,0,0.6634844513
01/07/2016 19:15:00,0,0,0.6632844513
01/07/2016 19:20:00,0,0,0.6630844513
01/07/2016 19:25:00,0,0,0.6628844513
01/07/2016 19:30:00,0,0,0.6626844513
01/07/2016 19:35:00,0,0,0.6624844513
01/07/2016 19:40:00,0,0,0.6622844513
01/07/2016 19:45:00,0,0,0.6620844513
01/07/2016 19:50:00,0,0,0.6618844513
01/07/2016 19:55:00,0,0,0.6616844513
01/07/2016 20:00:00,0,0,0.6614844513
01/07/2016 20:05:00,0,0,0.6612844513
01/07/2016 20:10:00,0,0,0.6610844513
01/07/2016 20:15:00,0,0,0.6608844513
01/07/2016 20:20:00,0,0,0.6606844513
01/07/2016 20:25:00,0,0,0.6604844513
01/07/2016 20:30:00,0,0,0.6602844513
01/07/2016 20:35:00,0,0,0.6600844513
01/07/2016 20:40:00,0,0,0.6598844513
01/07/2016 20:45:00,0,0,0.6596844513
01/07/2016 20:50:00,0,0,0.6594844513
01/07/2016 20:55:00,0,0,0.6592844513
01/07/2016 21:00:00,0,0,0.6590844513
01/07/2016 21:05:00,0,0,0.6588844513
01/07/2016 21:10:00,0,0,0.6586844513
01/07/2016 21:15:00,0,0,0.6584844513
01/07/2016 21:20:00,0,0,0.6582844513
01/07/2016 21:25:00,0,0,0.6580844513
01/07/2016 21:30:00,0,0,0.6578844513
01/07/2016 21:35:00,0,0,0.6576844513
01/07/2016 21:40:00,0,0,0.6574844513
01/07/2016 21:45:00,0,0,0.6572844513
01/07/2016 21:50:00,0,0,0.6570844513
01/07/2016 21:55:00,0,0,0.6568844513
01/07/2016 22:00:00,0,0,0.6566844513
01/07/2016 22:05:00,0,0,0.6564844513
01/07/2016 22:10:00,0,0,0.6562844513
01/07/2016 22:15:00,0,0,0.6560844513
01/07/2016 22:20:00,0,0,0.6558844513
01/07/2016 22:25:00,0,0,0.6556844513
01/07/2016 22:30:00,0,0,0.6554844513
01/07/2016 22:35:00,0,0,0.6552844513
01/07/2016 22:40:00,0,0,0.6550844513
01/07/2016 22:45:00,0,0,0.6548844513
01/07/2016 22:50:00,0,0,0.6546844513
01/07/2016 22:55:00,0,0,0.6544844513
01/07/2016 23:00:00,0,0,0.6542844513
01/07/2016 23:05:00,0,0,0.6540844513
01/07/2016 23:10:00,0,0,0.6538844513
01/07/2016 23:15:00,0,0,0.6536844513
01/07/2016 23:20:00,0,0,0.6534844513
01/07/2016 23:25:00,0,0,0.6532844513
01/07/2016 23:30:00,0,0,0.6530844513
01/07/2016 23:35:00,0,0,0.6528844513
01/07/2016 23:40:00,0,0,0.6526844513
01/07/2016 23:45:00,0,0,0.6524844513
01/07/2016 23:50:00,0,0,0.6522844513
01/07/2016 23:55:00,0,0,0.6520844513
01/08/2016 00:00:00,0,0,0.6518844513
01/08/2016 00:05:00,0,0,0.6516844513
01/08/2016 00:10:00,0,0,0.6514844513
01/08/2016 00:15:00,0,0,0.6512844513
01/08/2016 00:20:00,0,0,0.6510844513
01/08/2016 00:25:00,0,0,0.6508844513
01/08/2016 00:30:00,0,0,0.6506844513
01/08/2016 00:35:00,0,0,0.6504844513
01/08/2016 00:40:00,0,0,0.6502844513
01/08/2016 00:45:00,0,0,0.6500844513
01/08/2016 00:50:00,0,0,0.6498844513
01/08/2016 00:55:00,0,0,0.6496844513
01/08/2016 01:00:00,0,0,0.6494844513
01/08/2016 01:05:00,0,0,0.6492844513
01/08/2016 01:10:00,0,0,0.6490844513
01/08/2016 01:15:00,0,0,0.6488844513
01/08/2016 01:20:00,0,0,0.6486844513
01/08/2016 01:25:00,0,0,0.6484844513
01/08/2016 01:30:00,0,0,0.6482844513
01/08/2016 01:35:00,0,0,0.6480844513
01/08/2016 01:40:00,0,0,0.6478844513
01/08/2016 01:45:00,0,0,0.6476844513
01/08/2016 01:50:00,0,0,0.6474844513
01/08/2016 01:55:00,0,0,0.6472844513
01/08/2016 02:00:00,0,0,0.6470844513
01/08/2016 02:05:00,0,0,0.6468844513
01/08/2016 02:10:00,0,0,0.6466844513
01/08/2016 02:15:00,0,0,0.6464844513
01/08/2016 02:20:00,0,0,0.6462844513
01/08/2016 02:25:00,0,0,0.6460844513
01/08/2016 02:30:00,0,0,0.6458844513
01/08/2016 02:35:00,0,0,0.6456844513
01/08/2016 02:40:00,0,0,0.6454844513
01/08/2016 02:45:00,0,0,0.6452844513
01/08/2016 02:50:00,0,0,0.6450844513
01/08/2016 02:55:00,0,0,0.6448844513
01/08/2016 03:00:00,0,0,0.6446844513
01/08/2016 03:05:00,0,0,0.6444844513
01/08/2016 03:10:00,0,0,0.6442844513
01/08/2016 03:15:00,0,0,0.6440844513
01/08/2016 03:20:00,0,0,0.6438844513
01/08/2016 03:25:00,0,0,0.6436844513
01/08/2016 03:30:00,0,0,0.6434844513
01/08/2016 03:35:00,0,0,0.6432844513
01/08/2016 03:40:00,0,0,0.6430844513
01/08/2016 03:45:00,0,0,0.6428844513
01/08/2016 03:50:00,0,0,0.6426844513
01/08/2016 03:55:00,0,0,0.6424844513
01/08/2016 04:00:00,0,0,0.6422844513
01/08/2016 04:05:00,0,0,0.6420844513
01/08/2016 04:10:00,0,0,0.6418844513
01/08/2016 04:15:00,0,0,0.6416844513
01/08/2016 04:20:00,0,0,0.6414844513
01/08/2016 04:25:00,0,0,0.6412844513
01/08/2016 04:30:00,0,0,0.6410844513
01/08/2016 04:35:00,0,0,0.6408844513
01/08/2016 04:40:00,0,0,0.6406844513
01/08/2016 04:45:00,0,0,0.6404844513
01/08/2016 04:50:00,0,0,0.6402844513
01/08/2016 04:55:00,0,0,0.6400844513
01/08/2016 05:00:00,0,0,0.6398844513
01/08/2016 05:05:00,0,0,0.6396844513
01/08/2016 05:10:00,0,0,0.6394844513
01/08/2016 05:15:00,0,0,0.6392844513
01/08/2016 05:20:00,0,0,0.6390844513
01/08/2016 05:25:00,0,0,0.6388844513
01/08/2016 05:30:00,0,0,0.6386844513
01/08/2016 05:35:00,0,0,0.6384844513
01/08/2016 05:40:00,0,0,0.6382844513
