Qch(tons),Qin(MMBtu/h)
0,0
0,0
0,0
0,0
0,0
0,0
0,0
0,0
0,0
0,0
0,0
0,0
0,0
0,0
0,0
0,0
0,0
0,0
0,0
0,0
0,0
0,0
0,0
0,0
0,0
0,0
0,0
0,0
0,0
0,0
0,0
0,0
0,0
0,0
0,0
0,0
0,0
0,0
0,0
0,0
0,0
0,0
0,0
0,0
0,0
0,0
0,0
0,0
0,0
0,0
0,0
0,0
0,0
0,0
0,0
0,0
0,0
0,0
0,0
0,0
0,0
0,0
0,0
0,0
0,0
0,0
0,0
0,0
0,0
0,0
0,0
0,0
0,0
0,0
0,0
0,0
0,0
0,0
0,0
0,0
0,0
0,0
0,0
0,0
0,0
0,0
0,0
0,0
0,0
0,0
0,0
0,0
0,0
0,0
0,0
0,0
0,0
0,0
0,0
0,0
0,0
0,0
0,0
0,0
0,0
0,0
0,0
0,0
0,0
0,0
0,0
0,0
0,0
0,0
0,0
0,0
0,0
0,0
0,0
0,0
0,0
0,0
0,0
0,0
0,0
0,0
0,0
0,0
0,0
0,0
0,0
0,0
0,0
0,0
0,0
0,0
0,0
0,0
0,0
0,0
0,0
0,0
0,0
0,0
9.43E-02,0.172762469
9.32E-02,0.170865266
9.31E-02,0.170732603
9.31E-02,0.170671851
9.31E-02,0.170590101
9.30E-02,0.170493795
9.30E-02,0.170387798
9.29E-02,0.170297827
9.29E-02,0.170216177
9.28E-02,0.17013987
9.28E-02,0.170064289
9.27E-02,0.169985303
9.27E-02,0.169903882
9.27E-02,0.169833639
9.26E-02,0.169767726
9.26E-02,0.169687899
9.25E-02,0.169603198
9.25E-02,0.169528322
9.25E-02,0.16946173
9.24E-02,0.169397142
9.24E-02,0.169331544
9.23E-02,0.169277415
9.23E-02,0.169229278
9.23E-02,0.169176166
9.23E-02,0.169117245
9.22E-02,0.169066297
9.22E-02,0.169018766
9.22E-02,0.168961881
9.21E-02,0.168915313
9.21E-02,0.168897616
9.21E-02,0.168911492
9.22E-02,0.168979598
9.22E-02,0.169070561
9.23E-02,0.169168511
9.23E-02,0.169271073
9.24E-02,0.169374597
9.24E-02,0.169477001
9.27E-02,0.16988898
9.28E-02,0.170195848
9.30E-02,0.170399207
9.31E-02,0.170594719
9.32E-02,0.170785361
9.33E-02,0.170980537
9.39E-02,0.172106181
9.36E-02,0.171568707
9.36E-02,0.171630943
9.39E-02,0.172031701
9.42E-02,0.172597224
9.45E-02,0.173260213
9.49E-02,0.174020841
9.54E-02,0.174837157
9.59E-02,0.175702331
9.63E-02,0.176571958
9.67E-02,0.177264458
9.70E-02,0.17773705
9.72E-02,0.178086223
9.74E-02,0.178484323
9.76E-02,0.178902165
9.78E-02,0.179316986
9.81E-02,0.17971866
9.83E-02,0.18011088
7.76E-02,0.142292442
8.17E-02,0.149785733
8.36E-02,0.153164538
0.106963904,0.196003898
0.102097032,0.187103906
0.100465038,0.18411911
7.88E-02,0.144473746
8.27E-02,0.151608503
8.45E-02,0.154770248
0.107959856,0.197824969
0.102954986,0.188672963
0.101236009,0.185529184
7.94E-02,0.145531705
8.33E-02,0.15267713
8.50E-02,0.155779788
0.108606958,0.199008139
0.103542177,0.189746807
0.101814866,0.186587859
7.98E-02,0.146317921
8.37E-02,0.153436143
8.54E-02,0.156545668
0.109132288,0.199968637
0.104012359,0.190606649
0.102225909,0.187339605
8.01E-02,0.146847887
8.40E-02,0.153956228
8.57E-02,0.15701297
0.109382882,0.200426807
0.104172285,0.19089911
0.102315008,0.187502554
8.02E-02,0.146931269
8.41E-02,0.154025067
8.57E-02,0.15704863
0.1093001,0.200275455
0.103960835,0.190512426
0.102014722,0.186953372
8.00E-02,0.146544749
8.39E-02,0.153729722
8.56E-02,0.156816713
0.109038555,0.199797259
0.103568765,0.18979543
0.101560871,0.18612333
0.114629521,0.210061107
0.118907195,0.217883048
0.105923935,0.194102265
0.102092854,0.187096266
0.100657816,0.184471696
0.100110363,0.183470411
7.87E-02,0.144230746
8.28E-02,0.151672082
8.46E-02,0.155047853
0.107450182,0.196893053
0.10151429,0.186038137
9.92E-02,0.181844021
9.83E-02,0.180198666
9.79E-02,0.179369676
9.76E-02,0.178845973
9.74E-02,0.178455427
9.72E-02,0.178117937
9.70E-02,0.177802495
9.68E-02,0.177365742
9.66E-02,0.177055731
9.65E-02,0.176799473
9.63E-02,0.176558119
9.62E-02,0.176323871
9.61E-02,0.176096483
9.60E-02,0.175877683
9.58E-02,0.17567323
9.57E-02,0.17546079
9.56E-02,0.175250052
9.55E-02,0.175047185
9.54E-02,0.174850597
9.53E-02,0.174684778
9.52E-02,0.174525053
9.51E-02,0.174360826
9.50E-02,0.174199392
9.50E-02,0.174041463
9.49E-02,0.173885238
9.48E-02,0.173726501
9.47E-02,0.17356891
9.46E-02,0.173417937
9.45E-02,0.173276228
9.45E-02,0.173128947
0,0
0,0
0,0
0,0
0,0
0,0
0,0
0,0
0,0
0,0
0,0
0,0
0,0
0,0
0,0
0,0
0,0
0,0
0,0
0,0
0,0
0,0
0,0
0,0
0,0
0,0
0,0
0,0
0,0
0,0
0,0
0,0
0,0
0,0
0,0
0,0
0,0
0,0
0,0
0,0
0,0
0,0
0,0
0,0
0,0
0,0
0,0
0,0
0,0
0,0
0,0
0,0
0,0
0,0
0,0
0,0
0,0
0,0
0,0
0,0
0,0
0,0
0,0
0,0
0,0
0,0
0,0
0,0
0,0
0,0
0,0
0,0
0,0
0,0
0,0
0,0
0,0
0,0
0,0
0,0
0,0
0,0
0,0
0,0
0,0
0,0
0,0
0,0
0,0
0,0
0,0
0,0
0,0
0,0
0,0
0,0
0,0
0,0
0,0
0,0
0,0
0,0
0,0
0,0
0,0
0,0
0,0
0,0
0,0
0,0
0,0
0,0
0,0
0,0
0,0
0,0
0,0
0,0
0,0
0,0
0,0
0,0
0,0
0,0
0,0
0,0
0,0
0,0
0,0
0,0
0,0
0,0
0,0
0,0
0,0
0,0
0,0
0,0
0,0
0,0
0,0
0,0
0,0
0,0
0,0
0,0
0,0
0,0
0,0
0,0
0,0
0,0
0,0
0,0
0,0
0,0
0,0
0,0
0,0
0,0
0,0
0,0
0,0
0,0
0,0
0,0
0,0
0,0
0,0
0,0
0,0
0,0
0,0
0,0
0,0
0,0
0,0
0,0
0,0
0,0
0,0
0,0
0,0
0,0
0,0
0,0
0,0
0,0
0,0
0,0
0,0
0,0
0,0
0,0
0,0
0,0
0,0
0,0
0,0
0,0
0,0
0,0
0,0
0,0
0,0
0,0
0,0
0,0
0,0
0,0
0,0
0,0
0,0
0,0
0,0
0,0
0,0
0,0
0,0
0,0
0,0
0,0
0,0
0,0
0,0
0,0
0,0
0,0
0,0
0,0
0,0
0,0
0,0
0,0
0,0
0,0
0,0
0,0
0,0
0,0
0,0
0,0
0,0
0,0
0,0
0,0
0,0
0,0
0,0
0,0
0,0
0,0
0,0
0,0
0,0
0,0
0,0
0,0
0,0
0,0
0,0
0,0
0,0
0,0
0,0
0,0
0,0
0,0
0,0
0,0
0,0
0,0
0,0
0,0
0,0
0,0
0,0
0,0
0,0
0,0
0,0
0,0
0,0
0,0
0,0
0,0
0,0
0,0
0,0
0,0
0,0
0,0
0,0
0,0
0,0
0,0
0,0
0,0
0,0
0,0
0,0
0,0
0,0
0,0
0,0
0,0
0,0
0,0
0,0
0,0
0,0
0,0
0,0
0,0
0,0
0,0
0,0
0,0
0,0
0,0
0,0
0,0
0,0
0,0
0,0
0,0
0,0
0,0
0,0
0,0
0,0
0,0
0,0
0,0
0,0
0,0
0,0
0,0
0,0
0,0
0,0
0,0
0,0
0,0
0,0
0,0
0,0
0,0
0,0
0,0
0,0
0,0
0,0
0,0
0,0
0,0
0,0
0,0
0,0
0,0
0,0
0,0
0,0
0,0
0,0
0,0
0,0
0,0
0,0
0,0
0,0
0,0
0,0
0,0
0,0
0,0
0,0
0,0
0,0
0,0
0,0
0,0
0,0
0,0
0,0
0,0
0,0
0,0
0,0
0,0
0,0
0,0
0,0
0,0
0,0
0,0
0,0
0,0
0,0
0,0
0,0
0,0
0,0
0,0
0,0
0,0
0,0
0,0
0,0
0,0
0,0
0,0
0,0
0,0
0,0
0,0
0,0
0,0
0,0
0,0
0,0
0,0
0,0
0,0
0,0
0,0
0,0
0,0
0,0
0,0
0,0
0,0
0,0
0,0
0,0
0,0
0,0
0,0
0,0
0,0
0,0
0,0
0,0
0,0
0,0
0,0
0,0
0,0
0,0
0,0
0,0
0,0
0,0
0,0
0,0
0,0
0,0
0,0
0,0
0,0
0,0
0,0
0,0
0,0
0,0
0,0
0,0
0,0
0,0
0,0
0,0
0,0
0,0
0,0
0,0
0,0
0,0
0,0
0,0
0,0
0,0
0,0
0,0
0,0
0,0
0,0
0,0
0,0
0,0
0,0
0,0
0,0
0,0
0,0
0,0
0,0
0,0
0,0
0,0
0,0
0,0
0,0
0,0
0,0
0,0
0,0
0,0
0,0
0,0
0,0
0,0
0,0
0,0
0,0
0,0
0,0
0,0
0,0
0,0
0,0
0,0
0,0
0,0
0,0
0,0
0,0
0,0
0,0
0,0
0,0
0,0
0,0
0,0
0,0
0,0
0,0
0,0
0,0
0,0
0,0
0,0
0,0
0,0
0,0
0,0
0,0
0,0
0,0
0,0
0,0
0,0
0,0
0,0
0,0
0,0
0,0
0,0
0,0
0,0
0,0
0,0
0,0
0,0
0,0
0,0
0,0
0,0
0,0
0,0
0,0
0,0
0,0
0,0
0,0
0,0
0,0
0,0
0,0
0,0
0,0
0,0
0,0
0,0
0,0
0,0
0,0
0,0
0,0
0,0
0,0
0,0
0,0
0,0
0,0
0,0
0,0
0,0
0,0
0,0
0,0
0,0
0,0
0,0
0,0
0,0
0,0
0,0
0,0
0,0
0,0
0,0
0,0
0,0
0,0
0,0
0,0
0,0
0,0
0,0
0,0
0,0
0,0
0,0
0,0
0,0
0,0
0,0
0,0
0,0
0,0
0,0
0,0
0,0
0,0
0,0
0,0
0,0
0,0
0,0
0,0
0,0
0,0
0,0
0,0
0,0
0,0
0,0
0,0
0,0
0,0
0,0
0,0
0,0
0,0
0,0
0,0
0,0
0,0
0,0
0,0
0,0
0,0
0,0
0,0
0,0
0,0
0,0
0,0
0,0
0,0
0,0
0,0
0,0
0,0
0,0
0,0
0,0
0,0
0,0
0,0
0,0
0,0
0,0
0,0
0,0
0,0
0,0
0,0
0,0
0,0
0,0
0,0
0,0
0,0
0,0
0,0
0,0
0,0
0,0
0,0
0,0
0,0
0,0
0,0
0,0
0,0
0,0
0,0
0,0
0,0
0,0
0,0
0,0
0,0
0,0
0,0
0,0
0,0
0,0
0,0
0,0
0,0
0,0
0,0
0,0
0,0
0,0
0,0
0,0
0,0
0,0
0,0
0,0
0,0
0,0
0,0
0,0
0,0
0,0
0,0
0,0
0,0
0,0
0,0
0,0
0,0
0,0
0,0
0,0
0,0
0,0
0,0
0,0
0,0
0,0
0,0
0,0
0,0
0,0
0,0
0,0
0,0
0,0
0,0
0,0
0,0
0,0
0,0
0,0
0,0
0,0
0,0
0,0
0,0
0,0
0,0
0,0
0,0
0,0
0,0
0,0
0,0
0,0
0,0
0,0
0,0
0,0
0,0
0,0
0,0
0,0
0,0
0,0
0,0
0,0
0,0
0,0
0,0
0,0
0,0
0,0
0,0
0,0
0,0
0,0
0,0
0,0
0,0
0,0
0,0
0,0
0,0
0,0
0,0
0,0
0,0
0,0
0,0
0,0
0,0
0,0
0,0
0,0
0,0
0,0
0,0
0,0
0,0
0,0
0,0
0,0
0,0
0,0
0,0
0,0
0,0
0,0
0,0
0,0
0,0
0,0
0,0
0,0
0,0
0,0
0,0
0,0
0,0
0,0
0,0
0,0
0,0
0,0
0,0
0,0
0,0
0,0
0,0
0,0
0,0
0,0
0,0
0,0
0,0
0,0
0,0
0,0
0,0
0,0
0,0
0,0
0,0
0,0
0,0
0,0
0,0
0,0
0,0
0,0
0,0
0,0
0,0
0,0
0,0
0,0
0,0
0,0
0,0
0,0
0,0
0,0
0,0
0,0
0,0
0,0
0,0
0,0
0,0
0,0
0,0
0,0
0,0
0,0
0,0
0,0
0,0
0,0
0,0
0,0
0,0
0,0
0,0
0,0
0,0
0,0
0,0
0,0
0,0
0,0
0,0
0,0
0,0
0,0
0,0
0,0
0,0
0,0
0,0
0,0
0,0
0,0
0,0
0,0
0,0
0,0
0,0
0,0
0,0
0,0
0,0
0,0
0,0
0,0
0,0
0,0
0,0
0,0
0,0
0,0
0,0
0,0
0,0
0,0
0,0
0,0
0,0
0,0
0,0
0,0
0,0
0,0
0,0
0,0
0,0
0,0
0,0
0,0
0,0
0,0
0,0
0,0
0,0
0,0
0,0
0,0
0,0
0,0
0,0
0,0
0,0
0,0
0,0
0,0
0,0
0,0
0,0
0,0
0,0
0,0
0,0
0,0
0,0
0,0
0,0
0,0
0,0
0,0
0,0
0,0
0,0
0,0
0,0
0,0
0,0
0,0
0,0
0,0
0,0
0,0
0,0
0,0
0,0
0,0
0,0
0,0
0,0
0,0
0,0
0,0
0,0
0,0
0,0
0,0
0,0
0,0
0,0
0,0
0,0
0,0
0,0
0,0
0,0
0,0
0,0
0,0
0,0
0,0
0,0
0,0
0,0
0,0
0,0
0,0
0,0
0,0
0,0
0,0
0,0
0,0
0,0
0,0
0,0
0,0
0,0
0,0
0,0
0,0
0,0
0,0
0,0
0,0
0,0
0,0
0,0
0,0
0,0
0,0
0,0
0,0
0,0
0,0
0,0
0,0
0,0
0,0
0,0
0,0
0,0
0,0
0,0
0,0
0,0
0,0
0,0
0,0
0,0
0,0
0,0
0,0
0,0
0,0
0,0
0,0
0,0
0,0
0,0
0,0
0,0
0,0
0,0
0,0
0,0
0,0
0,0
0,0
0,0
0,0
0,0
0,0
0,0
0,0
0,0
0,0
0,0
0,0
0,0
0,0
0,0
0,0
0,0
0,0
0,0
0,0
0,0
0,0
0,0
0,0
0,0
0,0
0,0
0,0
0,0
0,0
0,0
0,0
0,0
0,0
0,0
0,0
0,0
0,0
0,0
0,0
0,0
0,0
0,0
0,0
0,0
0,0
0,0
0,0
0,0
0,0
0,0
0,0
0,0
0,0
0,0
0,0
0,0
0,0
0,0
0,0
0,0
0,0
0,0
0,0
0,0
0,0
0,0
0,0
0,0
0,0
0,0
0,0
0,0
0,0
0,0
0,0
0,0
0,0
0,0
0,0
0,0
0,0
0,0
0,0
0,0
0,0
0,0
0,0
0,0
0,0
0,0
0,0
0,0
0,0
0,0
0,0
0,0
0,0
0,0
0,0
0,0
0,0
0,0
0,0
0,0
0,0
0,0
0,0
0,0
0,0
0,0
0,0
0,0
0,0
0,0
0,0
0,0
0,0
0,0
0,0
0,0
0,0
0,0
0,0
0,0
0,0
0,0
0,0
0,0
0,0
0,0
0,0
0,0
0,0
0,0
0,0
0,0
0,0
0,0
0,0
0,0
0,0
0,0
0,0
0,0
0,0
0,0
0,0
0,0
0,0
0,0
0,0
0,0
0,0
0,0
0,0
0,0
0,0
0,0
0,0
0,0
0,0
0,0
0,0
0,0
0,0
0,0
0,0
0,0
0,0
0,0
0,0
0,0
0,0
0,0
0,0
0,0
0,0
0,0
0,0
0,0
0,0
0,0
0,0
0,0
0,0
0,0
0,0
0,0
0,0
0,0
0,0
0,0
0,0
0,0
0,0
0,0
0,0
0,0
0,0
0,0
0,0
0,0
0,0
0,0
0,0
0,0
0,0
0,0
0,0
0,0
0,0
0,0
0,0
0,0
0,0
0,0
0,0
0,0
0,0
0,0
0,0
0,0
0,0
0,0
0,0
0,0
0,0
0,0
0,0
0,0
0,0
0,0
0,0
0,0
0,0
0,0
0,0
0,0
0,0
0,0
0,0
0,0
0,0
0,0
0,0
0,0
0,0
0,0
0,0
0,0
0,0
0,0
0,0
0,0
0,0
0,0
0,0
0,0
0,0
0,0
0,0
0,0
0,0
0,0
0,0
0,0
0,0
0,0
0,0
0,0
0,0
0,0
0,0
0,0
0,0
0,0
0,0
0,0
0,0
0,0
0,0
0,0
0,0
0,0
0,0
0,0
0,0
0,0
0,0
0,0
0,0
0,0
0,0
0,0
0,0
0,0
0,0
0,0
0,0
0,0
0,0
0,0
0,0
0,0
0,0
0,0
0,0
0,0
0,0
0,0
0,0
0,0
0,0
0,0
0,0
0,0
0,0
0,0
0,0
0,0
0,0
0,0
0,0
0,0
0,0
0,0
0,0
0,0
0,0
0,0
0,0
0,0
0,0
0,0
0,0
0,0
0,0
0,0
0,0
0,0
0,0
0,0
0,0
0,0
0,0
0,0
0,0
0,0
0,0
0,0
0,0
0,0
0,0
0,0
0,0
0,0
0,0
0,0
0,0
0,0
0,0
0,0
0,0
0,0
0,0
0,0
0,0
0,0
0,0
0,0
0,0
0,0
0,0
0,0
0,0
0,0
0,0
0,0
0,0
0,0
0,0
0,0
0,0
0,0
0,0
0,0
0,0
0,0
0,0
0,0
0,0
0,0
0,0
0,0
0,0
0,0
0,0
0,0
0,0
0,0
0,0
0,0
0,0
0,0
0,0
0,0
0,0
0,0
0,0
0,0
0,0
0,0
0,0
0,0
0,0
0,0
0,0
0,0
0,0
0,0
0,0
0,0
0,0
0,0
0,0
0,0
0,0
0,0
0,0
0,0
0,0
0,0
0,0
0,0
0,0
0,0
0,0
0,0
0,0
0,0
0,0
0,0
0,0
0,0
0,0
0,0
0,0
0,0
0,0
0,0
0,0
0,0
0,0
0,0
0,0
0,0
0,0
0,0
0,0
0,0
0,0
0,0
0,0
0,0
0,0
0,0
0,0
0,0
0,0
0,0
0,0
0,0
0,0
0,0
0,0
0,0
0,0
0,0
0,0
0,0
0,0
0,0
0,0
0,0
0,0
0,0
0,0
0,0
0,0
0,0
0,0
0,0
0,0
0,0
0,0
0,0
0,0
0,0
0,0
0,0
0,0
0,0
0,0
0,0
0,0
0,0
0,0
0,0
0,0
0,0
0,0
0,0
0,0
0,0
0,0
0,0
0,0
0,0
0,0
0,0
0,0
0,0
0,0
0,0
0,0
0,0
0,0
0,0
0,0
0,0
0,0
0,0
0,0
0,0
0,0
0,0
0,0
0,0
0,0
0,0
0,0
0,0
0,0
0,0
0,0
0,0
0,0
0,0
0,0
0,0
0,0
0,0
0,0
0,0
0,0
0,0
0,0
0,0
0,0
0,0
0,0
0,0
0,0
0,0
0,0
0,0
0,0
0,0
0,0
0,0
0,0
0,0
0,0
0,0
0,0
0,0
0,0
0,0
0,0
0,0
0,0
0,0
0,0
0,0
0,0
0,0
0,0
0,0
0,0
0,0
0,0
0,0
0,0
0,0
0,0
0,0
0,0
0,0
0,0
0,0
0,0
0,0
0,0
0,0
0,0
0,0
0,0
0,0
0,0
0,0
0,0
0,0
0,0
0,0
0,0
0,0
0,0
0,0
0,0
0,0
0,0
0,0
0,0
0,0
0,0
0,0
0,0
0,0
0,0
0,0
0,0
0,0
0,0
0,0
0,0
0,0
0,0
0,0
0,0
0,0
0,0
0,0
0,0
0,0
0,0
0,0
0,0
0,0
0,0
0,0
0,0
0,0
0,0
0,0
0,0
0,0
0,0
0,0
0,0
0,0
0,0
0,0
0,0
0,0
0,0
0,0
0,0
0,0
0,0
0,0
0,0
0,0
0,0
0,0
0,0
0,0
0,0
0,0
0,0
0,0
0,0
0,0
0,0
0,0
0,0
0,0
0,0
0,0
0,0
0,0
0,0
0,0
0,0
0,0
0,0
0,0
0,0
0,0
0,0
0,0
0,0
0,0
0,0
0,0
0,0
0,0
0,0
0,0
0,0
0,0
0,0
0,0
0,0
0,0
0,0
0,0
0,0
0,0
0,0
0,0
0,0
0,0
0,0
0,0
0,0
0,0
0,0
0,0
0,0
0,0
0,0
0,0
0,0
0,0
0,0
0,0
0,0
0,0
0,0
0,0
0,0
0,0
0,0
0,0
0,0
0,0
0,0
0,0
0,0
0,0
0,0
0,0
0,0
0,0
0,0
0,0
0,0
0,0
0,0
0,0
0,0
0,0
0,0
0,0
0,0
0,0
0,0
0,0
0,0
0,0
0,0
0,0
0,0
0,0
0,0
0,0
0,0
0,0
0,0
0,0
0,0
0,0
0,0
0,0
0,0
0,0
0,0
0,0
0,0
0,0
0,0
0,0
0,0
0,0
0,0
0,0
0,0
0,0
0,0
0,0
0,0
0,0
0,0
0,0
0,0
0,0
0,0
0,0
0,0
0,0
0,0
0,0
0,0
0,0
0,0
0,0
0,0
0,0
0,0
0,0
0,0
0,0
0,0
0,0
0,0
0,0
0,0
0,0
0,0
0,0
0,0
0,0
0,0
0,0
0,0
0,0
0,0
0,0
0,0
0,0
0,0
0,0
0,0
0,0
0,0
0,0
0,0
0,0
0,0
0,0
0,0
0,0
0,0
0,0
0,0
0,0
0,0
0,0
0,0
0,0
0,0
0,0
0,0
0,0
0,0
0,0
0,0
0,0
0,0
0,0
0,0
0,0
0,0
0,0
0,0
0,0
0,0
0,0
0,0
0,0
0,0
0,0
0,0
0,0
0,0
0,0
0,0
0,0
0,0
0,0
0,0
0,0
0,0
0,0
0,0
0,0
0,0
0,0
0,0
0,0
0,0
0,0
0,0
0,0
0,0
0,0
0,0
0,0
0,0
0,0
0,0
0,0
0,0
0,0
0,0
0,0
0,0
0,0
0,0
0,0
0,0
0,0
0,0
0,0
0,0
0,0
0,0
0,0
0,0
0,0
0,0
0,0
0,0
0,0
0,0
0,0
0,0
0,0
0,0
0,0
0,0
0,0
0,0
0,0
0,0
0,0
0,0
0,0
0,0
0,0
0,0
0,0
0,0
0,0
0,0
0,0
0,0
0,0
0,0
0,0
0,0
0,0
0,0
0,0
0,0
0,0
0,0
0,0
0,0
0,0
0,0
0,0
0,0
0,0
0,0
0,0
0,0
0,0
0,0
0,0
0,0
0,0
0,0
0,0
0,0
0,0
0,0
0,0
0,0
0,0
0,0
0,0
0,0
0,0
0,0
0,0
0,0
0,0
0,0
0,0
0,0
0,0
0,0
0,0
0,0
0,0
0,0
0,0
0,0
0,0
0,0
0,0
0,0
0,0
0,0
0,0
0,0
0,0
0,0
0,0
0,0
0,0
0,0
0,0
0,0
0,0
0,0
0,0
0,0
0,0
0,0
0,0
0,0
0,0
0,0
0,0
0,0
0,0
0,0
0,0
0,0
0,0
0,0
0,0
0,0
0,0
0,0
0,0
0,0
0,0
0,0
0,0
0,0
0,0
0,0
0,0
0,0
0,0
0,0
0,0
0,0
0,0
0,0
0,0
0,0
0,0
0,0
0,0
0,0
0,0
0,0
0,0
0,0
0,0
0,0
0,0
0,0
0,0
0,0
0,0
0,0
0,0
0,0
0,0
0,0
0,0
0,0
0,0
0,0
0,0
0,0
0,0
0,0
0,0
0,0
0,0
0,0
0,0
0,0
0,0
0,0
0,0
0,0
0,0
0,0
0,0
0,0
0,0
0,0
0,0
0,0
0,0
0,0
0,0
0,0
0,0
0,0
0,0
0,0
0,0
0,0
0,0
0,0
0,0
0,0
0,0
0,0
0,0
0,0
0,0
0,0
0,0
0,0
0,0
0,0
0,0
0,0
0,0
0,0
0,0
0,0
0,0
0,0
0,0
0,0
0,0
0,0
0,0
0,0
0,0
0,0
0,0
0,0
0,0
0,0
0,0
0,0
0,0
0,0
0,0
0,0
0,0
0,0
0,0
0,0
0,0
0,0
0,0
0,0
0,0
0,0
0,0
0,0
0,0
0,0
0,0
0,0
0,0
0,0
0,0
0,0
0,0
0,0
0,0
0,0
0,0
0,0
0,0
0,0
0,0
0,0
0,0
0,0
0,0
0,0
0,0
0,0
0,0
0,0
0,0
0,0
0,0
0,0
0,0
0,0
0,0
0,0
0,0
0,0
0,0
0,0
0,0
0,0
0,0
0,0
0,0
0,0
0,0
0,0
0,0
0,0
0,0
0,0
0,0
0,0
0,0
0,0
0,0
0,0
0,0
0,0
0,0
0,0
0,0
0,0
0,0
0,0
0,0
0,0
0,0
0,0
0,0
0,0
0,0
0,0
0,0
0,0
0,0
0,0
0,0
0,0
0,0
0,0
0,0
0,0
0,0
0,0
0,0
0,0
0,0
0,0
0,0
0,0
0,0
0,0
0,0
0,0
0,0
0,0
0,0
0,0
0,0
0,0
0,0
0,0
0,0
0,0
0,0
0,0
0,0
0,0
0,0
0,0
0,0
0,0
0,0
0,0
0,0
0,0
0,0
0,0
0,0
0,0
0,0
0,0
0,0
0,0
0,0
0,0
0,0
0,0
0,0
0,0
0,0
0,0
0,0
0,0
0,0
0,0
0,0
0,0
0,0
0,0
0,0
0,0
0,0
0,0
0,0
0,0
0,0
0,0
0,0
0,0
0,0
0,0
0,0
0,0
0,0
0,0
0,0
0,0
0,0
0,0
0,0
0,0
0,0
0,0
0,0
0,0
0,0
0,0
0,0
0,0
0,0
0,0
0,0
0,0
0,0
0,0
0,0
0,0
0,0
0,0
0,0
0,0
0,0
0,0
0,0
0,0
0,0
0,0
0,0
0,0
0,0
0,0
0,0
0,0
0,0
0,0
0,0
0,0
0,0
0,0
0,0
0,0
0,0
0,0
0,0
0,0
0,0
0,0
0,0
0,0
0,0
0,0
0,0
0,0
0,0
0,0
0,0
0,0
0,0
0,0
0,0
0,0
0,0
0,0
0,0
0,0
0,0
0,0
0,0
0,0
0,0
0,0
0,0
0,0
0,0
0,0
0,0
0,0
0,0
0,0
0,0
0,0
0,0
0,0
0,0
0,0
0,0
0,0
0,0
0,0
0,0
0,0
0,0
0,0
0,0
0,0
0,0
0,0
0,0
0,0
0,0
0,0
0,0
0,0
0,0
0,0
0,0
0,0
0,0
0,0
0,0
0,0
0,0
0,0
0,0
0,0
0,0
0,0
0,0
0,0
0,0
0,0
0,0
0,0
0,0
0,0
0,0
0,0
0,0
0,0
0,0
0,0
0,0
0,0
0,0
0,0
0,0
0,0
0,0
0,0
0,0
0,0
0,0
0,0
0,0
0,0
0,0
0,0
0,0
0,0
0,0
0,0
0,0
0,0
0,0
0,0
0,0
0,0
0,0
0,0
0,0
0,0
0,0
0,0
0,0
0,0
0,0
0,0
0,0
0,0
0,0
0,0
0,0
0,0
0,0
0,0
0,0
0,0
0,0
0,0
0,0
0,0
0,0
0,0
0,0
0,0
0,0
0,0
0,0
0,0
0,0
0,0
0,0
0,0
0,0
0,0
0,0
0,0
0,0
0,0
0,0
0,0
0,0
0,0
0,0
0,0
0,0
0,0
0,0
0,0
0,0
0,0
0,0
0,0
0,0
0,0
0,0
0,0
0,0
0,0
0,0
0,0
0,0
0,0
0,0
0,0
0,0
0,0
0,0
0,0
0,0
0,0
0,0
0,0
0,0
0,0
0,0
0,0
0,0
0,0
0,0
0,0
0,0
0,0
0,0
0,0
0,0
0,0
0,0
0,0
0,0
0,0
0,0
0,0
0,0
0,0
0,0
0,0
0,0
0,0
0,0
0,0
0,0
0,0
0,0
0,0
0,0
0,0
0,0
0,0
0,0
0,0
0,0
0,0
0,0
0,0
0,0
0,0
0,0
0,0
0,0
0,0
0,0
0,0
0,0
0,0
0,0
0,0
0,0
0,0
0,0
0,0
0,0
0,0
0,0
0,0
0,0
0,0
0,0
0,0
0,0
0,0
0,0
0,0
0,0
0,0
0,0
0,0
0,0
0,0
0,0
0,0
0,0
0,0
0,0
0,0
0,0
0,0
0,0
0,0
0,0
0,0
0,0
0,0
0,0
0,0
0,0
0,0
0,0
0,0
0,0
0,0
0,0
0,0
0,0
0,0
0,0
0,0
0,0
0,0
0,0
0,0
0,0
0,0
0,0
0,0
0,0
0,0
0,0
0,0
0,0
0,0
0,0
0,0
0,0
0,0
0,0
0,0
0,0
0,0
0,0
0,0
0,0
0,0
0,0
0,0
0,0
0,0
0,0
0,0
0,0
0,0
0,0
0,0
0,0
0,0
0,0
0,0
0,0
0,0
0,0
0,0
0,0
0,0
0,0
0,0
0,0
0,0
0,0
0,0
0,0
0,0
0,0
0,0
0,0
0,0
0,0
0,0
0,0
0,0
0,0
0,0
0,0
0,0
0,0
0,0
0,0
0,0
0,0
0,0
0,0
0,0
0,0
0,0
0,0
0,0
0,0
0,0
0,0
0,0
0,0
0,0
0,0
0,0
0,0
0,0
0,0
0,0
0,0
0,0
0,0
0,0
0,0
0,0
0,0
0,0
0,0
0,0
0,0
0,0
0,0
0,0
0,0
0,0
0,0
0,0
0,0
0,0
0,0
0,0
0,0
0,0
0,0
0,0
0,0
0,0
0,0
0,0
0,0
0,0
0,0
0,0
0,0
0,0
0,0
0,0
0,0
0,0
0,0
0,0
0,0
0,0
0,0
0,0
0,0
0,0
0,0
0,0
0,0
0,0
0,0
0,0
0,0
0,0
0,0
0,0
0,0
0,0
0,0
0,0
0,0
0,0
0,0
0,0
0,0
0,0
0,0
0,0
0,0
0,0
0,0
0,0
0,0
0,0
0,0
0,0
0,0
0,0
0,0
0,0
0,0
0,0
0,0
0,0
0,0
0,0
0,0
0,0
0,0
0,0
0,0
0,0
0,0
0,0
0,0
0,0
0,0
0,0
0,0
0,0
0,0
0,0
0,0
0,0
0,0
0,0
0,0
0,0
0,0
0,0
0,0
0,0
0,0
0,0
0,0
0,0
0,0
0,0
0,0
0,0
0,0
0,0
0,0
0,0
0,0
0,0
0,0
0,0
0,0
0,0
0,0
0,0
0,0
0,0
0,0
0,0
0,0
0,0
0,0
0,0
0,0
0,0
0,0
0,0
0,0
0,0
0,0
0,0
0,0
0,0
0,0
0,0
0,0
0,0
0,0
0,0
0,0
0,0
0,0
0,0
0,0
0,0
0,0
0,0
0,0
0,0
0,0
0,0
0,0
0,0
0,0
0,0
0,0
0,0
0,0
0,0
0,0
0,0
0,0
0,0
0,0
0,0
0,0
0,0
0,0
0,0
0,0
0,0
0,0
0,0
0,0
0,0
0,0
0,0
0,0
0,0
0,0
0,0
0,0
0,0
0,0
0,0
0,0
0,0
0,0
0,0
0,0
0,0
0,0
0,0
0,0
0,0
0,0
0,0
0,0
0,0
0,0
0,0
0,0
0,0
0,0
0,0
0,0
0,0
0,0
0,0
0,0
0,0
0,0
0,0
0,0
0,0
0,0
0,0
0,0
0,0
0,0
0,0
0,0
0,0
0,0
0,0
0,0
0,0
0,0
0,0
0,0
0,0
0,0
0,0
0,0
0,0
0,0
0,0
0,0
0,0
0,0
0,0
0,0
0,0
0,0
0,0
0,0
0,0
0,0
0,0
0,0
0,0
0,0
0,0
0,0
0,0
0,0
0,0
0,0
0,0
0,0
0,0
0,0
0,0
0,0
0,0
0,0
0,0
0,0
0,0
0,0
0,0
0,0
0,0
0,0
0,0
0,0
0,0
0,0
0,0
0,0
0,0
0,0
0,0
0,0
0,0
0,0
0,0
0,0
0,0
0,0
0,0
0,0
0,0
0,0
0,0
0,0
0,0
0,0
0,0
0,0
0,0
0,0
0,0
0,0
0,0
0,0
0,0
0,0
0,0
0,0
0,0
0,0
0,0
0,0
0,0
0,0
0,0
0,0
0,0
0,0
0,0
0,0
0,0
0,0
0,0
0,0
0,0
0,0
0,0
0,0
0,0
0,0
0,0
0,0
0,0
0,0
0,0
0,0
0,0
0,0
0,0
0,0
0,0
0,0
0,0
0,0
0,0
0,0
0,0
0,0
0,0
0,0
0,0
0,0
0,0
0,0
0,0
0,0
0,0
0,0
0,0
0,0
0,0
0,0
0,0
0,0
0,0
0,0
0,0
0,0
0,0
0,0
0,0
0,0
0,0
0,0
0,0
0,0
0,0
0,0
0,0
0,0
0,0
0,0
0,0
0,0
0,0
0,0
0,0
0,0
0,0
0,0
0,0
0,0
0,0
0,0
0,0
0,0
0,0
0,0
0,0
0,0
0,0
0,0
0,0
0,0
0,0
0,0
0,0
0,0
0,0
0,0
0,0
0,0
0,0
0,0
0,0
0,0
0,0
0,0
0,0
0,0
0,0
0,0
0,0
0,0
0,0
0,0
0,0
0,0
0,0
0,0
0,0
0,0
0,0
0,0
0,0
0,0
0,0
0,0
0,0
0,0
0,0
0,0
0,0
0,0
0,0
0,0
0,0
0,0
0,0
0,0
0,0
0,0
0,0
0,0
0,0
0,0
0,0
0,0
0,0
0,0
0,0
0,0
0,0
0,0
0,0
0,0
0,0
0,0
0,0
0,0
0,0
0,0
0,0
0,0
0,0
0,0
0,0
0,0
0,0
0,0
0,0
0,0
0,0
0,0
0,0
0,0
0,0
0,0
0,0
0,0
0,0
0,0
0,0
0,0
0,0
0,0
0,0
0,0
0,0
0,0
0,0
0,0
0,0
0,0
0,0
0,0
0,0
0,0
0,0
0,0
0,0
0,0
0,0
0,0
0,0
0,0
0,0
0,0
0,0
0,0
0,0
0,0
0,0
0,0
0,0
0,0
0,0
0,0
0,0
0,0
0,0
0,0
0,0
0,0
0,0
0,0
0,0
0,0
0,0
0,0
0,0
0,0
0,0
0,0
0,0
0,0
0,0
0,0
0,0
0,0
0,0
0,0
0,0
0,0
0,0
0,0
0,0
0,0
0,0
0,0
0,0
0,0
0,0
0,0
0,0
0,0
0,0
0,0
0,0
0,0
0,0
0,0
0,0
0,0
0,0
0,0
0,0
0,0
0,0
0,0
0,0
0,0
0,0
0,0
0,0
0,0
0,0
0,0
0,0
0,0
0,0
0,0
0,0
0,0
0,0
0,0
0,0
0,0
0,0
0,0
0,0
0,0
0,0
0,0
0,0
0,0
0,0
0,0
0,0
0,0
0,0
0,0
0,0
0,0
0,0
0,0
0,0
0,0
0,0
0,0
0,0
0,0
0,0
0,0
0,0
0,0
0,0
0,0
0,0
0,0
0,0
0,0
0,0
0,0
0,0
0,0
0,0
7.77E-02,0.138289114
7.95E-02,0.141563455
8.09E-02,0.144085735
8.20E-02,0.14603487
7.73E-02,0.137656413
7.17E-02,0.127671633
7.42E-02,0.132385389
7.99E-02,0.142751304
8.35E-02,0.149240517
8.58E-02,0.153422784
8.14E-02,0.145633534
7.55E-02,0.135092735
7.90E-02,0.141387299
8.51E-02,0.152385088
8.96E-02,0.160304764
8.59E-02,0.153744985
7.99E-02,0.142983511
7.70E-02,0.137824052
8.15E-02,0.145982354
8.86E-02,0.158697733
9.23E-02,0.165251489
8.77E-02,0.156923999
8.13E-02,0.145590569
7.98E-02,0.142822642
8.54E-02,0.152771141
8.93E-02,0.159668603
8.43E-02,0.150773494
7.78E-02,0.139024239
7.44E-02,0.133023745
7.27E-02,0.130013445
7.81E-02,0.139752338
8.61E-02,0.153999461
9.06E-02,0.162202006
9.25E-02,0.165572431
8.52E-02,0.152600696
7.66E-02,0.137153367
0,0
0,0
0,0
0,0
0,0
0,0
0,0
0,0
0,0
0,0
0,0
0,0
0,0
0,0
0,0
0,0
0,0
0,0
0,0
0,0
0,0
0,0
0,0
0,0
0,0
0,0
0,0
0,0
0,0
0,0
0,0
0,0
0,0
0,0
0,0
0,0
0,0
0,0
0,0
0,0
0,0
0,0
0,0
0,0
0,0
0,0
0,0
0,0
0,0
0,0
0,0
0,0
0,0
0,0
0,0
0,0
0,0
0,0
0,0
0,0
0,0
0,0
0,0
0,0
0,0
0,0
0,0
0,0
0,0
0,0
0,0
0,0
0,0
0,0
0,0
0,0
0,0
0,0
0,0
0,0
0,0
0,0
0,0
2.71E-02,4.96E-02
4.45E-02,8.13E-02
5.00E-02,9.11E-02
5.29E-02,9.62E-02
5.58E-02,0.101357222
5.82E-02,0.105492309
6.01E-02,0.108740394
6.15E-02,0.111294511
6.28E-02,0.113394354
6.38E-02,0.115143236
6.47E-02,0.116620597
6.55E-02,0.117950885
6.62E-02,0.119187675
6.98E-02,0.125613075
7.43E-02,0.133859302
7.76E-02,0.139788708
7.67E-02,0.138270704
7.46E-02,0.134440268
7.39E-02,0.133236234
7.68E-02,0.138474033
8.10E-02,0.145983338
8.36E-02,0.150752107
8.19E-02,0.147544345
7.87E-02,0.141874486
7.73E-02,0.13935618
8.03E-02,0.144749431
8.48E-02,0.152781325
8.37E-02,0.150784142
8.07E-02,0.145437245
7.94E-02,0.143084183
7.90E-02,0.142387306
5.50E-02,9.93E-02
5.62E-02,0.101407581
5.68E-02,0.10269502
5.72E-02,0.103537823
7.01E-02,0.126883418
6.36E-02,0.115238884
5.02E-02,9.09E-02
5.46E-02,9.90E-02
5.72E-02,0.103770491
4.50E-02,8.17E-02
7.27E-02,0.131917474
6.62E-02,0.120287984
5.26E-02,9.55E-02
5.78E-02,0.105718633
3.41E-02,6.12E-02
3.15E-02,5.59E-02
7.66E-02,0.139334901
5.66E-02,0.102833037
5.56E-02,0.101092383
4.98E-02,9.07E-02
7.15E-02,0.129841011
6.46E-02,0.117256456
6.16E-02,0.111857174
6.03E-02,0.109428176
4.96E-02,9.01E-02
5.53E-02,0.100401588
4.50E-02,8.16E-02
2.52E-02,4.52E-02
3.96E-02,7.05E-02
7.39E-02,0.133980288
8.29E-02,0.150197933
9.29E-02,0.168149883
9.65E-02,0.174405799
8.23E-02,0.148639421
8.38E-02,0.151301173
8.04E-02,0.144997521
7.88E-02,0.142015729
7.66E-02,0.138009361
7.56E-02,0.13604348
7.49E-02,0.134686383
7.44E-02,0.133637393
7.39E-02,0.13273895
7.27E-02,0.130567282
7.16E-02,0.128845204
7.10E-02,0.12779786
7.04E-02,0.126951257
7.00E-02,0.126219509
6.96E-02,0.125550993
6.92E-02,0.124841029
6.88E-02,0.124049355
6.84E-02,0.123254719
6.79E-02,0.122252428
6.75E-02,0.121443251
6.71E-02,0.120673325
8.77E-02,0.15756526
6.38E-02,0.114522316
8.36E-02,0.150036493
6.45E-02,0.115793355
6.41E-02,0.114966216
7.07E-02,0.126490826
6.26E-02,0.111783354
8.45E-02,0.150444792
8.69E-02,0.154469755
6.26E-02,0.111144549
6.13E-02,0.108730398
8.96E-02,0.158903337
0,0
0,0
0,0
0,0
0,0
0,0
6.71E-02,0.117882388
6.74E-02,0.117917898
8.59E-02,0.149571778
6.80E-02,0.118182699
6.84E-02,0.118402044
8.66E-02,0.14910689
6.89E-02,0.118172175
6.90E-02,0.117825144
8.64E-02,0.146700334
6.89E-02,0.116524265
6.91E-02,0.116397968
8.62E-02,0.144686666
6.87E-02,0.114925391
6.89E-02,0.114892637
8.58E-02,0.142463225
6.84E-02,0.113165446
6.87E-02,0.113321984
8.53E-02,0.140223573
6.79E-02,0.111314258
6.82E-02,0.111606349
8.43E-02,0.137440744
6.71E-02,0.109135628
6.75E-02,0.109505125
8.32E-02,0.134582745
6.63E-02,0.106992335
6.68E-02,0.107617108
8.23E-02,0.132267368
6.57E-02,0.105332664
6.64E-02,0.106256545
8.17E-02,0.13037062
6.52E-02,0.103890034
6.58E-02,0.104793938
6.58E-02,0.104592586
6.56E-02,0.104072822
6.53E-02,0.103474827
7.72E-02,0.122074783
7.19E-02,0.113539537
6.47E-02,0.102041071
6.59E-02,0.103884583
8.08E-02,0.127148569
6.50E-02,0.102261069
7.04E-02,0.110482991
6.75E-02,0.105800811
6.98E-02,0.109469399
7.00E-02,0.109675582
7.03E-02,0.109979184
7.07E-02,0.110575133
7.12E-02,0.111218907
7.17E-02,0.112109078
7.20E-02,0.112910922
7.24E-02,0.113682424
7.28E-02,0.114425034
7.32E-02,0.115121175
7.36E-02,0.115791969
7.68E-02,0.121076546
8.11E-02,0.127879824
8.35E-02,0.131804697
8.20E-02,0.129523318
7.86E-02,0.124225494
7.67E-02,0.121213315
7.88E-02,0.124610468
8.24E-02,0.130377668
8.46E-02,0.13391997
8.28E-02,0.131178143
7.93E-02,0.125730857
7.74E-02,0.122750985
0,0
0,0
0,0
0,0
0,0
0,0
0,0
0,0
0,0
0,0
0,0
0,0
0,0
0,0
0,0
0,0
0,0
0,0
0,0
0,0
0,0
0,0
0,0
0,0
0,0
0,0
0,0
0,0
0,0
0,0
0,0
0,0
0,0
0,0
0,0
0,0
0,0
0,0
0,0
0,0
0,0
0,0
0,0
0,0
0,0
0,0
0,0
0,0
0,0
0,0
0,0
0,0
0,0
0,0
0,0
0,0
0,0
0,0
0,0
0,0
0,0
0,0
0,0
0,0
0,0
0,0
0,0
0,0
0,0
0,0
0,0
0,0
5.55E-02,0.100021188
5.56E-02,9.98E-02
5.54E-02,9.91E-02
5.50E-02,9.82E-02
4.22E-02,7.53E-02
4.01E-02,7.14E-02
0,0
0,0
0,0
0,0
0,0
0,0
0,0
0,0
0,0
0,0
0,0
0,0
0,0
0,0
0,0
0,0
0,0
0,0
0,0
0,0
0,0
0,0
0,0
0,0
0,0
0,0
0,0
0,0
0,0
0,0
0,0
0,0
0,0
0,0
0,0
0,0
0,0
0,0
0,0
0,0
0,0
0,0
0,0
0,0
0,0
0,0
0,0
0,0
0,0
0,0
0,0
0,0
0,0
0,0
0,0
0,0
0,0
0,0
0,0
0,0
6.29E-02,0.113112917
6.51E-02,0.116800052
6.62E-02,0.118628794
6.74E-02,0.120363598
6.64E-02,0.118278784
6.65E-02,0.118007883
6.94E-02,0.122866797
7.25E-02,0.128039924
7.48E-02,0.131848497
7.23E-02,0.127252994
6.97E-02,0.122434819
6.87E-02,0.120428023
7.17E-02,0.125463332
7.50E-02,0.131273064
7.72E-02,0.135189015
7.60E-02,0.13293973
7.37E-02,0.128918122
7.27E-02,0.127167875
7.49E-02,0.131041818
7.82E-02,0.136856544
8.03E-02,0.140345885
7.83E-02,0.136906504
7.51E-02,0.131367221
7.35E-02,0.128414399
7.58E-02,0.132398492
7.94E-02,0.138755148
8.18E-02,0.142788378
7.97E-02,0.139102461
7.62E-02,0.133083683
7.41E-02,0.129268315
7.61E-02,0.132778013
8.06E-02,0.140643854
7.88E-02,0.137353062
7.31E-02,0.127505657
7.00E-02,0.122024498
6.81E-02,0.118803158
0,0
0,0
0,0
0,0
0,0
0,0
0,0
0,0
0,0
0,0
0,0
0,0
0,0
0,0
0,0
0,0
0,0
0,0
0,0
0,0
0,0
0,0
0,0
0,0
0,0
0,0
0,0
0,0
0,0
0,0
0,0
0,0
0,0
0,0
0,0
0,0
0,0
0,0
0,0
0,0
0,0
0,0
0,0
0,0
0,0
0,0
0,0
0,0
0,0
0,0
0,0
0,0
0,0
0,0
0,0
0,0
0,0
0,0
0,0
0,0
0,0
0,0
0,0
0,0
0,0
0,0
0,0
0,0
0,0
0,0
0,0
0,0
0,0
0,0
0,0
0,0
0,0
0,0
0,0
0,0
0,0
0,0
0,0
0,0
0,0
0,0
0,0
0,0
0,0
1.98E-02,3.56E-02
4.05E-02,7.26E-02
4.11E-02,7.36E-02
4.88E-02,8.71E-02
5.35E-02,9.51E-02
5.71E-02,0.100907759
5.98E-02,0.105165961
6.17E-02,0.108060291
6.33E-02,0.110212044
6.45E-02,0.111755225
6.55E-02,0.112978463
6.64E-02,0.114005131
6.72E-02,0.114892009
6.99E-02,0.119265928
7.29E-02,0.124074611
7.49E-02,0.127266539
7.44E-02,0.126037304
7.28E-02,0.123199819
7.21E-02,0.12173888
6.22E-02,0.104877681
5.81E-02,9.78E-02
5.65E-02,9.49E-02
5.57E-02,9.35E-02
5.54E-02,9.29E-02
5.54E-02,9.27E-02
5.54E-02,9.27E-02
5.59E-02,9.36E-02
5.60E-02,9.36E-02
5.66E-02,9.46E-02
5.69E-02,9.50E-02
5.75E-02,9.59E-02
4.63E-02,7.75E-02
4.98E-02,8.37E-02
5.19E-02,8.76E-02
5.33E-02,9.02E-02
6.75E-02,0.114628756
6.33E-02,0.107818997
4.93E-02,8.41E-02
5.22E-02,8.93E-02
5.38E-02,9.22E-02
5.47E-02,9.39E-02
6.86E-02,0.117809424
6.42E-02,0.110342883
6.14E-02,0.105797865
6.06E-02,0.10436394
6.01E-02,0.103691238
5.99E-02,0.103378443
5.98E-02,0.103260293
5.97E-02,0.103215727
5.95E-02,0.103012085
5.94E-02,0.102948486
5.94E-02,0.102938623
5.94E-02,0.102968781
5.93E-02,0.103019256
5.93E-02,0.10308414
4.77E-02,8.29E-02
5.14E-02,8.94E-02
5.35E-02,9.31E-02
5.47E-02,9.54E-02
6.88E-02,0.119996331
5.34E-02,9.33E-02
5.03E-02,8.79E-02
5.18E-02,9.04E-02
6.50E-02,0.113695975
6.04E-02,0.105765258
5.82E-02,0.101854027
5.69E-02,9.97E-02
7.50E-02,0.131566984
7.08E-02,0.124228019
7.00E-02,0.122848283
6.98E-02,0.122670499
5.35E-02,9.40E-02
5.45E-02,9.59E-02
6.31E-02,0.111187471
6.72E-02,0.118183056
6.95E-02,0.122172518
7.10E-02,0.124655396
7.19E-02,0.12626841
7.26E-02,0.127381735
8.95E-02,0.156875154
7.12E-02,0.124733076
7.27E-02,0.127265382
7.33E-02,0.128385673
7.38E-02,0.129092431
7.41E-02,0.129573257
7.43E-02,0.129927351
7.45E-02,0.130214364
7.46E-02,0.130421872
7.48E-02,0.130618509
7.49E-02,0.130794762
7.50E-02,0.13094984
7.50E-02,0.130603676
7.49E-02,0.129854204
7.50E-02,0.129416704
7.49E-02,0.128643786
7.47E-02,0.127746482
7.43E-02,0.126633984
0,0
0,0
0,0
0,0
0,0
0,0
7.47E-02,0.125959169
7.44E-02,0.125206755
7.42E-02,0.124450054
7.42E-02,0.123967566
7.42E-02,0.123630473
7.43E-02,0.123392687
7.45E-02,0.12343151
7.45E-02,0.122981468
7.43E-02,0.122269962
7.41E-02,0.121661201
7.39E-02,0.121073604
7.38E-02,0.120504856
7.38E-02,0.12026748
7.36E-02,0.119601916
7.32E-02,0.118698213
7.28E-02,0.117909415
7.25E-02,0.117150149
7.22E-02,0.116409473
7.21E-02,0.11602402
8.76E-02,0.140630933
6.91E-02,0.110661769
7.02E-02,0.112210373
8.56E-02,0.136632154
6.78E-02,0.108091951
6.92E-02,0.110143023
8.44E-02,0.134002297
6.69E-02,0.106135291
6.81E-02,0.107937864
8.29E-02,0.131092618
6.59E-02,0.104110718
6.76E-02,0.106622323
8.23E-02,0.129683057
6.57E-02,0.103458409
6.75E-02,0.106138559
8.20E-02,0.128894495
6.57E-02,0.103193387
6.79E-02,0.106545119
8.25E-02,0.129297726
6.64E-02,0.104006594
6.88E-02,0.107808943
8.34E-02,0.130452247
7.33E-02,0.114678754
6.97E-02,0.108995905
6.76E-02,0.105605942
6.67E-02,0.104172711
5.43E-02,8.48E-02
5.75E-02,8.99E-02
5.88E-02,9.18E-02
5.96E-02,9.31E-02
6.03E-02,9.43E-02
6.11E-02,9.55E-02
6.19E-02,9.67E-02
6.27E-02,9.80E-02
6.35E-02,9.92E-02
6.42E-02,0.100535396
6.49E-02,0.101903105
6.56E-02,0.10320824
6.63E-02,0.104473177
6.69E-02,0.105700235
6.76E-02,0.106895124
6.82E-02,0.108021742
6.87E-02,0.109103967
6.93E-02,0.110157426
6.98E-02,0.111188022
7.04E-02,0.112208463
7.09E-02,0.113212111
6.19E-02,9.89E-02
6.09E-02,9.73E-02
6.06E-02,9.67E-02
6.05E-02,9.65E-02
6.05E-02,9.66E-02
6.06E-02,9.67E-02
6.07E-02,9.73E-02
6.08E-02,9.84E-02
6.09E-02,9.94E-02
6.10E-02,0.100242836
6.10E-02,0.101047179
6.11E-02,0.1017068
7.96E-03,1.26E-02
7.20E-04,1.12E-03
4.55E-05,7.04E-05
4.88E-02,7.78E-02
6.60E-02,0.112208159
6.12E-02,0.104448897
5.93E-02,0.101565707
5.91E-02,0.101504755
5.88E-02,0.101286114
5.87E-02,0.101356349
5.87E-02,0.101520725
2.11E-02,3.65E-02
2.53E-02,2.07E-03
5.98E-03,9.81E-03
6.25E-02,0.109051373
5.90E-02,0.10322225
5.80E-02,0.101644852
5.75E-02,0.10094703
5.30E-02,9.32E-02
5.15E-02,9.11E-02
3.07E-02,5.37E-02
7.71E-02,0.13584616
7.18E-02,0.126627698
6.85E-02,0.120850199
5.46E-02,9.63E-02
4.92E-02,8.72E-02
3.12E-02,5.47E-02
7.60E-02,0.134410318
7.04E-02,0.124608536
6.68E-02,0.118285106
8.77E-02,0.154948882
8.18E-02,0.144425917
8.05E-02,0.141781802
6.17E-02,0.108622096
6.37E-02,0.111885224
6.44E-02,0.112972562
8.48E-02,0.148747917
7.90E-02,0.138417476
7.80E-02,0.136493896
7.72E-02,0.135099313
6.10E-02,0.106641116
6.40E-02,0.111930002
8.30E-02,0.145035507
7.65E-02,0.133604914
7.53E-02,0.131490014
7.46E-02,0.130355944
7.40E-02,0.129394244
7.35E-02,0.128527194
6.00E-02,0.105064477
6.41E-02,0.112269328
6.56E-02,0.114894411
6.62E-02,0.115901504
6.63E-02,0.116119332
6.63E-02,0.116212813
6.62E-02,0.11593596
6.62E-02,0.11538098
6.61E-02,0.114749359
6.59E-02,0.113888188
6.58E-02,0.113178739
6.57E-02,0.112688673
7.39E-02,0.126393514
7.73E-02,0.131762732
7.93E-02,0.134792898
8.05E-02,0.136396756
8.14E-02,0.137590738
7.56E-02,0.138766826
7.52E-02,0.138137569
7.47E-02,0.137230496
7.43E-02,0.136505956
7.42E-02,0.136286899
7.38E-02,0.135631489
7.33E-02,0.134654283
7.30E-02,0.134056982
7.27E-02,0.133510204
7.24E-02,0.133047643
7.25E-02,0.13310935
7.22E-02,0.132699168
7.19E-02,0.132068027
8.79E-02,0.161376787
6.66E-02,0.122427779
6.82E-02,0.12524213
8.54E-02,0.156856024
6.56E-02,0.120450494
6.74E-02,0.123794471
6.85E-02,0.125921009
6.91E-02,0.126973318
6.95E-02,0.127734922
6.98E-02,0.128215073
7.02E-02,0.128972166
7.03E-02,0.12915369
8.69E-02,0.159505482
6.56E-02,0.120539905
6.74E-02,0.123805336
8.49E-02,0.155954598
6.52E-02,0.119807653
6.72E-02,0.123456793
6.85E-02,0.125916971
6.93E-02,0.127368659
7.00E-02,0.128514371
7.04E-02,0.129378602
7.10E-02,0.130490538
7.13E-02,0.131049378
7.11E-02,0.130654289
7.10E-02,0.130507384
7.10E-02,0.130444157
7.10E-02,0.130423522
7.10E-02,0.13042434
7.36E-02,0.13512238
8.23E-02,0.151208663
9.15E-02,0.168092694
8.20E-02,0.150528425
8.41E-02,0.154472741
8.05E-02,0.147798266
7.87E-02,0.144584962
7.78E-02,0.142950823
7.73E-02,0.141945562
7.71E-02,0.141635051
7.71E-02,0.141651586
7.72E-02,0.141836041
7.74E-02,0.142083111
8.23E-02,0.151116834
8.83E-02,0.16216833
9.10E-02,0.167119035
8.92E-02,0.163812156
8.51E-02,0.156277615
8.25E-02,0.151571224
8.63E-02,0.15842615
9.09E-02,0.166894172
9.31E-02,0.170916612
8.27E-02,0.151808058
8.71E-02,0.159863111
8.50E-02,0.15606029
8.85E-02,0.162455567
9.24E-02,0.169666291
9.41E-02,0.172857877
8.32E-02,0.152842804
8.76E-02,0.160146423
8.53E-02,0.156710919
8.89E-02,0.163169921
9.29E-02,0.170416166
9.47E-02,0.173637748
8.37E-02,0.153427857
8.82E-02,0.16179372
8.63E-02,0.15828113
8.98E-02,0.164556957
9.37E-02,0.171766638
9.53E-02,0.174623545
8.38E-02,0.153640218
8.78E-02,0.160922004
8.52E-02,0.156198398
8.90E-02,0.16324686
9.35E-02,0.171433013
9.56E-02,0.175167994
8.39E-02,0.15389009
8.77E-02,0.160719929
8.64E-02,0.158346158
9.15E-02,0.167714233
9.40E-02,0.172352375
9.51E-02,0.174346971
8.29E-02,0.151983003
8.47E-02,0.155365438
8.01E-02,0.146854989
8.53E-02,0.156333792
9.17E-02,0.16814605
8.94E-02,0.163962793
8.31E-02,0.152336998
7.87E-02,0.144272737
7.62E-02,0.139673836
7.49E-02,0.137412648
7.44E-02,0.136531664
7.44E-02,0.136353108
7.45E-02,0.136560087
7.47E-02,0.136988795
7.50E-02,0.137544187
7.51E-02,0.137730768
7.51E-02,0.137806291
7.52E-02,0.137820506
7.51E-02,0.137801977
7.51E-02,0.13777293
7.51E-02,0.137730417
7.51E-02,0.137688835
7.51E-02,0.137644819
7.50E-02,0.137594603
7.50E-02,0.137556149
7.50E-02,0.137520481
7.50E-02,0.137486662
7.50E-02,0.13746926
7.50E-02,0.137456436
7.49E-02,0.137432854
7.49E-02,0.137400766
7.49E-02,0.137367467
7.49E-02,0.137329328
7.49E-02,0.137335474
7.49E-02,0.137399268
7.52E-02,0.137858934
7.52E-02,0.137870874
7.52E-02,0.137920458
7.52E-02,0.137934968
7.52E-02,0.137973193
7.50E-02,0.137690367
7.50E-02,0.137583997
7.49E-02,0.137539786
7.49E-02,0.137517242
7.49E-02,0.137501745
7.48E-02,0.137399559
7.49E-02,0.137636226
7.52E-02,0.138184537
7.52E-02,0.138205727
7.56E-02,0.138780869
7.56E-02,0.13880367
7.55E-02,0.138710499
7.54E-02,0.138534858
7.54E-02,0.138427084
7.53E-02,0.138377765
7.56E-02,0.138875014
7.56E-02,0.138788824
7.56E-02,0.138803928
7.54E-02,0.138523161
7.55E-02,0.138622466
7.56E-02,0.138830498
7.61E-02,0.139693741
7.63E-02,0.140058326
7.61E-02,0.139691733
7.59E-02,0.139283235
7.56E-02,0.138948784
7.54E-02,0.138541313
7.55E-02,0.138626552
7.52E-02,0.138166838
7.50E-02,0.137775721
7.52E-02,0.138054162
7.52E-02,0.138173239
7.52E-02,0.138174525
7.55E-02,0.138725604
7.55E-02,0.138748976
7.54E-02,0.138513603
7.51E-02,0.13785834
7.49E-02,0.137603359
7.48E-02,0.137469464
7.51E-02,0.13793104
7.51E-02,0.137872237
7.50E-02,0.137777211
7.53E-02,0.138243032
7.55E-02,0.138619841
7.56E-02,0.138920774
7.61E-02,0.139778775
7.73E-02,0.142032655
7.85E-02,0.144181667
7.90E-02,0.145155427
7.96E-02,0.14619925
8.00E-02,0.146940252
8.03E-02,0.14748544
8.14E-02,0.149560665
8.26E-02,0.151768691
8.31E-02,0.152682211
8.36E-02,0.153499737
8.39E-02,0.154069866
8.41E-02,0.154437256
8.42E-02,0.154614455
8.45E-02,0.15514167
8.49E-02,0.155929418
8.55E-02,0.15694238
8.60E-02,0.157923543
8.65E-02,0.158873809
8.70E-02,0.159795707
8.73E-02,0.160366952
8.75E-02,0.160659321
8.76E-02,0.160911324
8.77E-02,0.161117809
8.78E-02,0.163603567
8.79E-02,0.161414769
7.55E-02,0.138684284
7.03E-02,0.129068617
6.83E-02,0.126595262
6.78E-02,0.124438048
6.78E-02,0.12445106
6.80E-02,0.124900002
6.84E-02,0.125667554
6.89E-02,0.126559764
6.94E-02,0.127422392
6.99E-02,0.128290572
7.03E-02,0.129171891
7.08E-02,0.130368745
7.12E-02,0.130713373
7.15E-02,0.131262767
7.19E-02,0.131847886
7.22E-02,0.132432182
7.25E-02,0.133015424
7.28E-02,0.133570666
7.32E-02,0.134182721
7.35E-02,0.134842333
7.39E-02,0.135439048
7.42E-02,0.136012604
7.45E-02,0.136561222
7.48E-02,0.13707889
7.47E-02,0.137032781
7.47E-02,0.136881724
7.45E-02,0.136668187
7.44E-02,0.13644488
7.43E-02,0.136226947
7.23E-02,0.132645152
7.11E-02,0.13037434
7.08E-02,0.129773961
7.04E-02,0.129147342
7.02E-02,0.128745787
7.00E-02,0.128348783
6.98E-02,0.128020854
8.13E-02,0.149059266
8.69E-02,0.159410776
8.96E-02,0.164296466
8.25E-02,0.151327811
8.28E-02,0.151717855
8.28E-02,0.151747658
8.27E-02,0.15158816
8.26E-02,0.151491624
8.26E-02,0.151381791
8.25E-02,0.151276064
8.25E-02,0.15118162
8.24E-02,0.151086418
8.20E-02,0.150297432
8.92E-02,0.163580898
8.82E-02,0.161785091
8.70E-02,0.159441273
8.55E-02,0.15679014
8.40E-02,0.153981835
8.23E-02,0.150978103
8.07E-02,0.147995948
7.90E-02,0.14488687
7.74E-02,0.14186688
7.58E-02,0.138930433
7.41E-02,0.135955906
7.33E-02,0.134426165
7.27E-02,0.133306643
7.23E-02,0.132551286
7.20E-02,0.131960849
7.16E-02,0.131333289
7.13E-02,0.130702499
0,0
0,0
0,0
0,0
0,0
0,0
0,0
0,0
0,0
0,0
0,0
0,0
6.65E-02,0.122161289
6.61E-02,0.121326872
6.57E-02,0.120724636
6.55E-02,0.120210372
6.52E-02,0.119741455
6.49E-02,0.119292128
0,0
0,0
0,0
0,0
0,0
0,0
0,0
0,0
0,0
0,0
0,0
0,0
0,0
0,0
0,0
0,0
0,0
0,0
0,0
0,0
0,0
0,0
0,0
0,0
0,0
0,0
0,0
0,0
0,0
0,0
4.56E-02,8.38E-02
4.57E-02,8.40E-02
5.31E-02,9.76E-02
5.56E-02,0.102248815
5.73E-02,0.105354369
5.97E-02,0.10975055
6.13E-02,0.112580184
6.21E-02,0.114122971
6.35E-02,0.116657602
6.46E-02,0.118726612
6.55E-02,0.120399916
6.77E-02,0.124443134
6.93E-02,0.127358882
7.00E-02,0.128676515
7.11E-02,0.130592027
7.19E-02,0.132050042
7.24E-02,0.13295581
7.28E-02,0.133733788
7.37E-02,0.135373209
7.43E-02,0.136498424
7.49E-02,0.137554103
7.54E-02,0.138502514
7.59E-02,0.139478009
7.66E-02,0.140757249
6.62E-02,0.12161495
6.20E-02,0.113982708
6.04E-02,0.111092605
6.01E-02,0.110473555
6.02E-02,0.110660867
6.05E-02,0.111217883
6.09E-02,0.111929956
6.17E-02,0.113293656
6.26E-02,0.114917517
6.35E-02,0.116640986
6.43E-02,0.118345931
6.51E-02,0.119670753
6.50E-02,0.119464235
6.50E-02,0.119448653
6.51E-02,0.119491328
6.51E-02,0.119568953
6.51E-02,0.119439398
6.52E-02,0.119815023
6.54E-02,0.120139744
6.57E-02,0.120499049
6.59E-02,0.120904199
6.62E-02,0.121420415
6.67E-02,0.122379001
6.71E-02,0.122995043
6.73E-02,0.1233773
6.77E-02,0.124181412
6.79E-02,0.124578335
6.78E-02,0.124308064
6.76E-02,0.123940758
6.73E-02,0.123434145
6.74E-02,0.123684722
6.79E-02,0.124553063
6.82E-02,0.124997705
6.84E-02,0.125451896
6.88E-02,0.126163982
6.75E-02,0.123824102
6.63E-02,0.121621644
6.60E-02,0.121109171
6.57E-02,0.120471567
6.55E-02,0.12004286
6.52E-02,0.119598859
6.50E-02,0.119247764
6.49E-02,0.118961377
6.49E-02,0.118979223
6.49E-02,0.119023006
6.49E-02,0.119089237
6.50E-02,0.119179469
6.50E-02,0.119285084
6.50E-02,0.11927988
6.51E-02,0.119375193
6.52E-02,0.119504865
6.52E-02,0.119654902
6.53E-02,0.119801914
6.54E-02,0.119980764
6.53E-02,0.119670602
6.50E-02,0.119260987
6.48E-02,0.118810772
6.45E-02,0.118349962
6.43E-02,0.117886257
6.40E-02,0.117416463
7.43E-02,0.136183315
7.93E-02,0.145419452
8.18E-02,0.149974932
8.29E-02,0.151963733
8.33E-02,0.152792474
8.35E-02,0.153013404
8.33E-02,0.152810076
8.31E-02,0.152417722
8.29E-02,0.151923956
8.26E-02,0.151365894
8.22E-02,0.150777144
8.19E-02,0.150166828
8.16E-02,0.149615787
8.14E-02,0.149179399
8.11E-02,0.148798463
8.10E-02,0.148444468
8.08E-02,0.148114813
8.01E-02,0.146861127
7.93E-02,0.145402692
7.89E-02,0.144737815
7.85E-02,0.144046381
7.82E-02,0.14344298
7.79E-02,0.142876929
7.76E-02,0.142377471
0,0
0,0
0,0
0,0
0,0
0,0
7.33E-02,0.134636842
7.20E-02,0.132324382
7.10E-02,0.130465411
7.02E-02,0.128688525
6.94E-02,0.127408122
6.86E-02,0.126013202
6.82E-02,0.125376037
6.80E-02,0.124906785
6.81E-02,0.125091716
6.80E-02,0.124875119
6.77E-02,0.124451258
6.76E-02,0.124188299
6.76E-02,0.124192525
6.79E-02,0.124750265
6.81E-02,0.125083978
6.86E-02,0.126099625
6.89E-02,0.126622419
6.91E-02,0.12691426
6.95E-02,0.127627421
6.99E-02,0.128443618
7.04E-02,0.129333341
7.09E-02,0.130274389
7.17E-02,0.131703443
7.22E-02,0.13258423
7.26E-02,0.133377602
7.29E-02,0.133893066
7.33E-02,0.134723843
7.39E-02,0.135707813
7.47E-02,0.137252965
7.53E-02,0.138370188
6.50E-02,0.119372683
6.09E-02,0.111829309
5.93E-02,0.108981876
5.89E-02,0.1081334
5.89E-02,0.108135752
5.93E-02,0.109004737
6.01E-02,0.110483705
6.11E-02,0.112227344
6.20E-02,0.113899985
6.29E-02,0.115528969
6.37E-02,0.117093936
6.53E-02,0.119984097
6.63E-02,0.121853501
6.68E-02,0.122681759
6.74E-02,0.123920411
6.79E-02,0.12493609
6.84E-02,0.125555357
6.88E-02,0.12633768
6.97E-02,0.12798499
7.06E-02,0.129606707
7.16E-02,0.131429702
7.27E-02,0.133422551
7.38E-02,0.135485851
7.49E-02,0.137581249
7.57E-02,0.139062955
7.64E-02,0.14039021
7.70E-02,0.141555297
7.76E-02,0.142622511
7.81E-02,0.14362928
7.87E-02,0.144638347
7.90E-02,0.149812909
7.93E-02,0.14579837
7.95E-02,0.146232537
7.97E-02,0.146613534
7.99E-02,0.147000308
8.01E-02,0.147414367
8.03E-02,0.147887895
8.06E-02,0.148417449
8.09E-02,0.148980918
8.12E-02,0.149545634
8.15E-02,0.150115903
8.18E-02,0.150687446
8.23E-02,0.151573763
8.28E-02,0.152614425
8.34E-02,0.153711147
8.40E-02,0.154847048
8.46E-02,0.155969133
8.52E-02,0.157082158
7.35E-02,0.135514633
7.14E-02,0.131664938
7.06E-02,0.130268185
7.04E-02,0.129847203
7.04E-02,0.129824467
7.05E-02,0.129978436
7.05E-02,0.130074217
7.05E-02,0.130114029
7.05E-02,0.130138189
7.05E-02,0.130162359
7.05E-02,0.130167689
7.00E-02,0.129158974
6.95E-02,0.128280885
6.94E-02,0.128140579
6.93E-02,0.127930399
6.93E-02,0.127847152
6.92E-02,0.127736428
6.92E-02,0.127644573
8.01E-02,0.147923456
8.24E-02,0.15211549
8.35E-02,0.154123412
8.40E-02,0.155019034
8.42E-02,0.155356764
8.42E-02,0.155388212
8.42E-02,0.155417527
8.42E-02,0.155407173
8.41E-02,0.155294693
8.41E-02,0.155169965
8.40E-02,0.155049374
8.39E-02,0.154919378
8.38E-02,0.154635537
8.36E-02,0.154274698
8.34E-02,0.153900994
8.32E-02,0.15354238
8.30E-02,0.153206849
8.28E-02,0.152870494
8.28E-02,0.152781731
8.28E-02,0.152802621
8.28E-02,0.152862785
8.29E-02,0.152947796
8.29E-02,0.153038049
8.30E-02,0.153130504
8.29E-02,0.152982395
8.28E-02,0.152729377
8.26E-02,0.152414167
8.24E-02,0.152056837
8.22E-02,0.151672637
8.20E-02,0.151269545
8.18E-02,0.151015592
8.19E-02,0.151186404
8.19E-02,0.151223402
8.19E-02,0.151107936
8.18E-02,0.151032711
8.18E-02,0.150967754
8.17E-02,0.150721008
8.13E-02,0.149961143
8.10E-02,0.149414407
8.08E-02,0.148562987
8.06E-02,0.147701617
8.03E-02,0.146847593
8.91E-02,0.162442532
8.44E-02,0.153425725
8.57E-02,0.155221741
8.59E-02,0.155201169
8.58E-02,0.15468344
8.60E-02,0.154558821
8.31E-02,0.149133459
7.95E-02,0.142335213
7.75E-02,0.138343299
7.62E-02,0.135783198
7.56E-02,0.134463139
7.48E-02,0.132814544
7.42E-02,0.131275623
7.38E-02,0.130063105
7.34E-02,0.129027082
7.35E-02,0.12863958
7.32E-02,0.127759167
7.28E-02,0.12668062
7.22E-02,0.125467784
7.16E-02,0.124299912
7.12E-02,0.123508516
7.05E-02,0.12214721
6.96E-02,0.120540864
6.89E-02,0.119163766
6.87E-02,0.118598916
6.89E-02,0.118575194
6.89E-02,0.118213562
6.88E-02,0.117768493
6.90E-02,0.117790962
6.91E-02,0.117617277
9.44E-02,0.160315605
9.12E-02,0.154396097
6.90E-02,0.116571318
7.05E-02,0.118852687
7.11E-02,0.119598097
7.16E-02,0.120078114
7.18E-02,0.120432581
7.15E-02,0.119850221
7.11E-02,0.119232855
7.09E-02,0.118867547
7.07E-02,0.118515449
7.32E-02,0.122694757
7.48E-02,0.125395655
7.65E-02,0.12814647
7.68E-02,0.128618714
7.78E-02,0.130369014
7.86E-02,0.131717579
8.07E-02,0.135205001
8.22E-02,0.13768169
8.28E-02,0.138752838
8.36E-02,0.14003225
8.43E-02,0.141299983
8.50E-02,0.142506178
8.57E-02,0.143674137
7.27E-02,0.121750973
7.75E-02,0.129916183
9.87E-02,0.165452358
9.34E-02,0.156671435
9.15E-02,0.153550079
9.07E-02,0.152180795
1.21E-03,1.72E-03
1.56E-03,2.17E-03
7.15E-02,0.120477162
7.29E-02,0.122923941
8.40E-02,0.141822296
7.82E-02,0.132084289
7.63E-02,0.128989432
7.54E-02,0.127432789
7.52E-02,0.127161943
7.53E-02,0.127413389
7.56E-02,0.127917136
7.60E-02,0.128522225
7.60E-02,0.128625231
7.60E-02,0.128557146
7.59E-02,0.128422113
7.58E-02,0.128277221
7.57E-02,0.128138809
7.56E-02,0.128013005
7.58E-02,0.128303672
7.60E-02,0.12881842
7.63E-02,0.129436467
7.66E-02,0.130087889
7.68E-02,0.130724965
7.70E-02,0.131335954
7.72E-02,0.131810804
7.74E-02,0.132227754
7.75E-02,0.132609113
7.76E-02,0.132966024
7.78E-02,0.133432257
7.80E-02,0.133746521
7.80E-02,0.133896574
7.80E-02,0.133996237
7.80E-02,0.134048904
7.80E-02,0.134078699
7.80E-02,0.134091701
7.59E-02,0.130508093
7.51E-02,0.129170365
7.50E-02,0.12906531
7.49E-02,0.128826196
7.48E-02,0.128727567
7.47E-02,0.128664028
7.46E-02,0.12862119
7.43E-02,0.128267549
7.42E-02,0.128188555
7.41E-02,0.128153919
7.40E-02,0.128128358
7.40E-02,0.128163788
7.39E-02,0.128206825
8.57E-02,0.14873769
8.82E-02,0.153133413
8.92E-02,0.154844139
8.94E-02,0.155201222
8.92E-02,0.154908582
8.88E-02,0.154265858
8.86E-02,0.15393344
8.84E-02,0.153699054
8.82E-02,0.153487704
8.81E-02,0.153322828
8.80E-02,0.153176321
8.79E-02,0.152981132
8.75E-02,0.152410583
8.72E-02,0.151787143
8.69E-02,0.151129735
8.66E-02,0.15051782
8.63E-02,0.149947813
8.60E-02,0.149421158
8.57E-02,0.148934669
8.54E-02,0.14847037
8.52E-02,0.148002568
8.49E-02,0.147539014
8.46E-02,0.147084741
8.43E-02,0.146631686
8.39E-02,0.145942431
8.36E-02,0.145165863
8.34E-02,0.14446411
8.31E-02,0.143822181
8.29E-02,0.143205999
8.18E-02,0.141135296
8.09E-02,0.139310863
8.06E-02,0.13849988
8.02E-02,0.13753724
7.99E-02,0.136578757
7.95E-02,0.135633372
7.91E-02,0.134665468
7.62E-02,0.12955194
7.48E-02,0.127275467
7.37E-02,0.125389779
7.31E-02,0.124254687
7.22E-02,0.122660041
7.12E-02,0.120910101
7.08E-02,0.120101737
7.08E-02,0.119819068
7.10E-02,0.119830688
7.09E-02,0.119373249
7.08E-02,0.118923536
7.07E-02,0.11851439
7.06E-02,0.118247233
7.06E-02,0.117952948
7.05E-02,0.117515402
7.03E-02,0.117031931
7.02E-02,0.116719095
7.02E-02,0.116446531
7.00E-02,0.116164209
6.95E-02,0.115399824
6.88E-02,0.114311269
6.82E-02,0.113242166
6.75E-02,0.112150677
6.69E-02,0.111042496
7.76E-02,0.128718706
8.19E-02,0.135534807
8.42E-02,0.138836092
8.57E-02,0.141043944
8.67E-02,0.142457921
8.77E-02,0.143786241
7.66E-02,0.125454586
7.22E-02,0.1180824
6.99E-02,0.114117845
6.85E-02,0.111558974
6.75E-02,0.109821267
6.74E-02,0.109480986
6.74E-02,0.109473736
6.75E-02,0.109721256
6.78E-02,0.110262976
6.81E-02,0.110952773
6.88E-02,0.112117842
7.17E-02,0.116823237
7.37E-02,0.120289969
7.55E-02,0.123138799
7.65E-02,0.12486456
7.76E-02,0.126697897
7.86E-02,0.128493511
8.10E-02,0.13243252
8.26E-02,0.135146028
8.32E-02,0.136346464
8.41E-02,0.137827576
8.50E-02,0.139498951
8.58E-02,0.140914524
8.66E-02,0.142220577
8.76E-02,0.144012025
8.86E-02,0.145776432
8.96E-02,0.147502195
9.06E-02,0.149302547
9.16E-02,0.151064922
9.26E-02,0.152824339
7.97E-02,0.131592236
7.72E-02,0.12753902
7.65E-02,0.126420407
7.63E-02,0.126312992
7.65E-02,0.126628286
7.67E-02,0.12712913
7.70E-02,0.127723044
7.73E-02,0.128356755
7.76E-02,0.129002449
7.80E-02,0.129628321
7.83E-02,0.130225178
7.86E-02,0.130796712
7.88E-02,0.131217897
7.89E-02,0.131575159
7.91E-02,0.13189254
7.92E-02,0.132215907
7.94E-02,0.132541447
7.95E-02,0.132876105
7.97E-02,0.133310928
8.00E-02,0.133857906
8.02E-02,0.134517125
8.05E-02,0.135217656
8.07E-02,0.135923787
8.10E-02,0.136644945
8.12E-02,0.137137518
8.12E-02,0.137530623
8.13E-02,0.137859244
8.13E-02,0.138106678
8.13E-02,0.138291521
8.13E-02,0.138426337
8.15E-02,0.138794652
8.16E-02,0.139200931
8.18E-02,0.139593445
8.20E-02,0.139947291
8.21E-02,0.140273694
7.96E-02,0.13607402
7.86E-02,0.134324523
7.84E-02,0.134016643
7.80E-02,0.133434383
7.77E-02,0.133011078
7.75E-02,0.132682056
7.72E-02,0.132407752
7.68E-02,0.131811638
7.65E-02,0.131495788
7.63E-02,0.131231766
7.60E-02,0.130883821
7.57E-02,0.130548375
7.54E-02,0.130217434
8.78E-02,0.151749866
9.10E-02,0.157317562
9.27E-02,0.160195721
9.35E-02,0.16157525
9.39E-02,0.162226561
9.41E-02,0.162506813
9.37E-02,0.161766324
9.29E-02,0.160402001
9.17E-02,0.15828572
9.05E-02,0.156068594
8.92E-02,0.153775999
8.78E-02,0.151421613
8.72E-02,0.150452617
8.68E-02,0.149884696
8.65E-02,0.149348593
8.61E-02,0.148814091
8.58E-02,0.148281007
8.54E-02,0.147740756
8.53E-02,0.147592038
8.53E-02,0.147565095
8.52E-02,0.147558374
8.52E-02,0.147561353
8.51E-02,0.147567885
8.51E-02,0.147575249
8.45E-02,0.146489985
8.40E-02,0.145458398
8.34E-02,0.144115488
8.27E-02,0.142732613
8.99E-02,0.154981102
8.80E-02,0.151475327
8.73E-02,0.149859482
8.75E-02,0.149706963
8.76E-02,0.149654775
8.82E-02,0.150051002
8.88E-02,0.150698083
8.96E-02,0.151527654
7.76E-02,0.130836695
7.32E-02,0.123095056
7.10E-02,0.119186248
7.04E-02,0.117905594
7.05E-02,0.117677074
7.10E-02,0.118297819
8.16E-02,0.135625222
8.57E-02,0.142104836
8.81E-02,0.145737876
8.94E-02,0.147607084
8.22E-02,0.135505702
8.23E-02,0.135421494
8.23E-02,0.135151941
8.23E-02,0.135025431
8.25E-02,0.135119979
8.25E-02,0.134794147
8.25E-02,0.134691158
8.27E-02,0.134845911
8.26E-02,0.134537523
8.27E-02,0.134529319
8.30E-02,0.134803188
8.31E-02,0.134713948
8.30E-02,0.134546625
8.31E-02,0.134574976
8.33E-02,0.134684331
8.30E-02,0.133990519
8.29E-02,0.133835312
8.31E-02,0.13396807
8.29E-02,0.133536588
8.29E-02,0.133386413
8.28E-02,0.133123478
8.25E-02,0.132534341
8.22E-02,0.13191554
8.20E-02,0.131523293
8.94E-02,0.143326598
8.86E-02,0.141924318
8.81E-02,0.141156014
8.74E-02,0.140317247
8.72E-02,0.140158982
8.69E-02,0.139731732
8.65E-02,0.139130329
8.69E-02,0.139959146
8.81E-02,0.142002941
8.86E-02,0.142771968
8.89E-02,0.143285996
8.90E-02,0.143518635
8.90E-02,0.143567874
8.44E-02,0.136220334
7.59E-02,0.122659297
7.36E-02,0.118810768
7.21E-02,0.116516509
7.04E-02,0.113802326
7.02E-02,0.113450406
6.99E-02,0.113101575
6.97E-02,0.112650521
6.93E-02,0.111881107
6.90E-02,0.111285057
6.88E-02,0.110770428
6.85E-02,0.110209113
6.82E-02,0.109623505
6.82E-02,0.109615261
6.84E-02,0.110148708
6.85E-02,0.110498581
6.86E-02,0.110759454
6.87E-02,0.111023516
6.88E-02,0.111266037
6.90E-02,0.111743654
6.92E-02,0.112141413
6.94E-02,0.112522862
6.94E-02,0.112771853
6.94E-02,0.11289479
6.93E-02,0.112736235
6.91E-02,0.112553904
6.91E-02,0.112718886
6.92E-02,0.112923271
6.92E-02,0.113109523
6.93E-02,0.113330801
6.93E-02,0.113466786
6.95E-02,0.114094484
6.98E-02,0.114839092
7.01E-02,0.11569111
7.04E-02,0.116462246
7.06E-02,0.117152166
7.11E-02,0.118183513
7.10E-02,0.118350057
7.07E-02,0.118197432
7.04E-02,0.117897582
7.00E-02,0.117568138
6.97E-02,0.117209204
6.92E-02,0.116698611
6.90E-02,0.116542029
6.88E-02,0.116476493
6.87E-02,0.116446462
6.86E-02,0.116446552
6.85E-02,0.116455467
6.84E-02,0.116473863
6.85E-02,0.116803781
6.88E-02,0.117638369
6.90E-02,0.118184652
6.93E-02,0.118755438
6.95E-02,0.119268176
6.97E-02,0.119769861
6.99E-02,0.120274066
7.02E-02,0.121000552
7.05E-02,0.121688813
7.09E-02,0.122359178
7.12E-02,0.123025055
7.09E-02,0.122689131
7.03E-02,0.121646302
6.93E-02,0.119966772
6.93E-02,0.120064213
6.91E-02,0.119848886
6.91E-02,0.119896705
6.90E-02,0.119795213
6.84E-02,0.11876258
6.77E-02,0.117452024
6.69E-02,0.115985087
6.62E-02,0.114508173
6.54E-02,0.113033877
6.46E-02,0.111573084
6.41E-02,0.110650666
6.37E-02,0.109929664
6.34E-02,0.109271462
6.31E-02,0.108709
6.27E-02,0.10811658
6.24E-02,0.107543206
7.18E-02,0.123574355
7.60E-02,0.130737172
7.81E-02,0.134294849
7.92E-02,0.136070151
7.98E-02,0.136918316
8.00E-02,0.137187725
8.02E-02,0.137459474
8.07E-02,0.138154365
8.10E-02,0.138525674
8.11E-02,0.138712895
8.12E-02,0.138852893
8.13E-02,0.138946175
8.14E-02,0.138756539
8.14E-02,0.138263334
8.14E-02,0.137792785
8.14E-02,0.137341391
8.14E-02,0.136906775
8.14E-02,0.136485809
8.10E-02,0.135401699
8.09E-02,0.134754742
8.11E-02,0.134706091
8.14E-02,0.134961234
8.22E-02,0.135821865
8.26E-02,0.136302909
8.28E-02,0.136171298
8.30E-02,0.136308037
8.33E-02,0.136512028
8.36E-02,0.136753151
8.39E-02,0.137018928
8.46E-02,0.137807629
8.47E-02,0.137812685
8.50E-02,0.138050772
8.51E-02,0.138004023
8.51E-02,0.137777542
8.51E-02,0.137504671
8.50E-02,0.137197159
8.50E-02,0.136992266
8.45E-02,0.135845815
8.37E-02,0.134392271
8.30E-02,0.133068447
8.23E-02,0.131737376
8.16E-02,0.130404471
8.14E-02,0.129894447
8.11E-02,0.129150239
8.07E-02,0.128394561
8.05E-02,0.127909086
8.04E-02,0.127525965
8.03E-02,0.12720883
8.02E-02,0.126936464
7.97E-02,0.126079136
7.91E-02,0.124867092
7.84E-02,0.123715934
7.78E-02,0.122563122
7.71E-02,0.121410044
7.75E-02,0.122119252
7.80E-02,0.123105962
7.89E-02,0.124656772
8.01E-02,0.126828692
8.16E-02,0.129317361
8.32E-02,0.132019051
8.62E-02,0.136724084
8.76E-02,0.138879125
8.86E-02,0.140281021
8.94E-02,0.141406169
8.21E-02,0.129718976
8.14E-02,0.128747196
7.77E-02,0.123101093
7.57E-02,0.12015175
7.48E-02,0.11874776
7.42E-02,0.117988745
7.42E-02,0.118055325
7.44E-02,0.118508659
7.52E-02,0.120000688
7.64E-02,0.122055211
7.78E-02,0.124375664
7.92E-02,0.126862215
8.07E-02,0.129380657
8.21E-02,0.131906572
8.29E-02,0.13333298
8.35E-02,0.134478022
8.38E-02,0.135116156
8.39E-02,0.135534791
8.40E-02,0.135860403
8.41E-02,0.136127418
8.43E-02,0.136586123
8.46E-02,0.137183431
8.49E-02,0.137815675
8.52E-02,0.138417011
8.55E-02,0.139019523
8.57E-02,0.139602931
8.59E-02,0.140061816
8.61E-02,0.140404987
8.62E-02,0.14074849
8.63E-02,0.141055755
8.64E-02,0.141341006
8.65E-02,0.14159985
8.66E-02,0.141936146
8.66E-02,0.142422657
8.66E-02,0.142853312
8.66E-02,0.143260813
8.66E-02,0.143649923
8.65E-02,0.143824507
8.64E-02,0.144103866
8.65E-02,0.144590371
8.66E-02,0.145124098
8.68E-02,0.145685052
8.69E-02,0.146280488
8.71E-02,0.146947304
8.74E-02,0.147893199
8.78E-02,0.148968318
8.82E-02,0.15008926
8.87E-02,0.151221772
8.91E-02,0.152377934
8.90E-02,0.152773375
8.84E-02,0.152021419
8.82E-02,0.151787413
8.79E-02,0.151395971
8.76E-02,0.151203984
8.73E-02,0.151028437
8.71E-02,0.15087396
8.70E-02,0.150922155
8.69E-02,0.15105719
8.68E-02,0.151209374
8.68E-02,0.151357515
8.68E-02,0.151494242
8.67E-02,0.151627999
8.66E-02,0.151591599
8.64E-02,0.151467432
8.62E-02,0.151248307
8.59E-02,0.150974164
8.57E-02,0.150626707
8.54E-02,0.150235846
8.45E-02,0.148646754
8.33E-02,0.146552005
8.20E-02,0.144254792
8.06E-02,0.141877193
7.92E-02,0.139475972
7.79E-02,0.137079151
7.75E-02,0.136487979
7.77E-02,0.136781783
7.81E-02,0.137482723
7.86E-02,0.138400933
7.92E-02,0.139432783
7.98E-02,0.140525011
8.02E-02,0.14118497
8.04E-02,0.141584739
8.05E-02,0.141832503
8.06E-02,0.141965242
8.06E-02,0.142002789
8.06E-02,0.141956226
8.06E-02,0.141812025
8.06E-02,0.14156347
8.06E-02,0.141328111
8.06E-02,0.141164846
8.07E-02,0.141042553
8.07E-02,0.14094535
8.08E-02,0.14074156
8.09E-02,0.140533634
8.11E-02,0.140392077
8.10E-02,0.13986183
8.10E-02,0.139400354
8.09E-02,0.138933016
0.104233518,0.178278317
9.88E-02,0.168487103
8.40E-02,0.142878302
8.24E-02,0.139603288
8.41E-02,0.142255466
8.44E-02,0.142268181
8.45E-02,0.142166703
8.41E-02,0.141215688
8.37E-02,0.140176346
8.34E-02,0.139387316
8.33E-02,0.138876884
8.29E-02,0.137984512
8.27E-02,0.13752754
8.25E-02,0.137239433
8.26E-02,0.137448682
8.24E-02,0.137180314
8.24E-02,0.137143314
8.26E-02,0.137379589
8.24E-02,0.136945931
8.23E-02,0.136477074
8.22E-02,0.135911824
8.22E-02,0.135572855
8.98E-02,0.147870719
8.95E-02,0.147108349
8.95E-02,0.146800406
8.90E-02,0.145719684
8.86E-02,0.144741948
8.83E-02,0.144035192
8.80E-02,0.143384985
8.81E-02,0.143176839
8.80E-02,0.14307621
8.80E-02,0.143149125
8.81E-02,0.143423293
8.83E-02,0.143776442
8.88E-02,0.144570255
8.90E-02,0.145013927
9.31E-02,0.151712279
9.80E-02,0.159573317
0.100260964,0.163287818
8.79E-02,0.143115503
8.36E-02,0.136181847
8.41E-02,0.137209288
8.47E-02,0.138156856
8.46E-02,0.138051116
8.46E-02,0.138123086
8.45E-02,0.138039203
8.45E-02,0.13799915
8.52E-02,0.139278314
8.57E-02,0.140192649
8.58E-02,0.140339511
8.59E-02,0.140602202
8.60E-02,0.140791243
8.61E-02,0.140994358
8.62E-02,0.141183286
8.57E-02,0.140305295
8.50E-02,0.139240199
8.44E-02,0.138241612
8.38E-02,0.137232649
8.32E-02,0.136200053
8.25E-02,0.135164832
8.25E-02,0.135134576
8.27E-02,0.135335064
8.28E-02,0.135551602
8.29E-02,0.135760001
8.31E-02,0.135955638
8.32E-02,0.136137982
8.33E-02,0.136340461
8.34E-02,0.136559156
8.36E-02,0.136778531
8.37E-02,0.136990832
8.38E-02,0.137193638
8.39E-02,0.137362241
8.02E-02,0.13125223
7.58E-02,0.124016068
7.36E-02,0.120572904
7.28E-02,0.119297247
7.24E-02,0.118695317
7.23E-02,0.118508155
7.24E-02,0.118791552
7.24E-02,0.119245725
7.27E-02,0.120069118
7.30E-02,0.120848371
7.33E-02,0.121551901
7.34E-02,0.122173606
7.37E-02,0.122845765
7.39E-02,0.12350338
7.42E-02,0.12423751
7.45E-02,0.124920569
7.47E-02,0.125584011
7.49E-02,0.126175317
7.49E-02,0.126345112
7.48E-02,0.126356826
7.47E-02,0.126253638
7.44E-02,0.126062691
7.42E-02,0.125807814
7.16E-02,0.121687745
7.01E-02,0.119248465
6.94E-02,0.118073035
6.88E-02,0.117097727
6.82E-02,0.116293736
6.78E-02,0.115642325
6.73E-02,0.115011407
7.70E-02,0.131780867
8.11E-02,0.138862235
8.32E-02,0.14253396
8.41E-02,0.144174998
8.44E-02,0.144697586
8.43E-02,0.144574099
8.34E-02,0.143212156
8.24E-02,0.141461622
8.12E-02,0.139506429
7.99E-02,0.137381422
7.89E-02,0.135655981
7.77E-02,0.133739651
7.70E-02,0.132494179
7.60E-02,0.130904755
7.53E-02,0.129746696
7.46E-02,0.128767408
7.38E-02,0.12744647
7.32E-02,0.12641379
7.25E-02,0.12539736
7.20E-02,0.124533401
7.15E-02,0.12372108
7.09E-02,0.122870424
7.05E-02,0.122163769
7.01E-02,0.12148995
6.94E-02,0.120343464
6.88E-02,0.119377962
6.83E-02,0.118649985
6.81E-02,0.118338228
6.81E-02,0.118463968
6.79E-02,0.118172855
0,0
0,0
0,0
0,0
0,0
0,0
0,0
0,0
0,0
0,0
0,0
0,0
6.37E-02,0.110727442
6.35E-02,0.110068256
6.33E-02,0.109231931
6.31E-02,0.108333586
6.28E-02,0.107395405
6.25E-02,0.106448752
0,0
0,0
0,0
0,0
0,0
0,0
0,0
0,0
0,0
0,0
0,0
0,0
0,0
0,0
0,0
0,0
0,0
0,0
8.76E-02,0.146948583
6.82E-02,0.11401453
6.66E-02,0.111009191
8.80E-02,0.146018068
6.88E-02,0.113740409
6.74E-02,0.111110447
6.67E-02,0.10949411
6.62E-02,0.108483093
6.61E-02,0.10788224
6.60E-02,0.107561374
6.61E-02,0.107431875
6.63E-02,0.107431998
7.12E-02,0.115292307
7.81E-02,0.126416184
8.36E-02,0.135337778
8.82E-02,0.14279538
8.57E-02,0.138773168
7.93E-02,0.128182979
7.83E-02,0.126663046
7.82E-02,0.126383656
7.86E-02,0.127030507
7.93E-02,0.128137253
8.02E-02,0.129688641
7.65E-02,0.123662875
7.17E-02,0.115966803
7.04E-02,0.113787329
6.98E-02,0.112861504
6.96E-02,0.112561446
7.00E-02,0.113229053
7.05E-02,0.114167686
7.14E-02,0.115582703
7.22E-02,0.11686506
7.30E-02,0.118322575
7.40E-02,0.119822862
7.48E-02,0.12128093
7.57E-02,0.122737264
7.64E-02,0.123951053
7.71E-02,0.125041927
7.76E-02,0.125999778
7.80E-02,0.126620776
7.84E-02,0.127411431
7.90E-02,0.128304525
7.91E-02,0.128630765
7.91E-02,0.128673342
7.91E-02,0.12861267
7.90E-02,0.128438046
7.88E-02,0.128197409
7.86E-02,0.12782788
7.87E-02,0.128051563
7.90E-02,0.128497636
7.92E-02,0.128931926
7.95E-02,0.129416899
7.98E-02,0.12993127
8.02E-02,0.130470328
8.07E-02,0.131583345
8.14E-02,0.133092963
8.21E-02,0.134695213
8.28E-02,0.136311067
8.36E-02,0.137905523
8.43E-02,0.139498674
8.46E-02,0.140316996
8.46E-02,0.140690761
8.44E-02,0.140659626
8.43E-02,0.140829237
8.42E-02,0.140871439
8.40E-02,0.140815745
8.71E-02,0.14621592
8.96E-02,0.150711723
9.04E-02,0.152355739
9.08E-02,0.153292687
9.11E-02,0.15403644
8.93E-02,0.151345239
8.85E-02,0.150161632
8.83E-02,0.149894292
8.78E-02,0.149114836
8.73E-02,0.148440165
8.68E-02,0.147749495
8.63E-02,0.147075641
8.58E-02,0.146453867
8.55E-02,0.146050854
8.51E-02,0.145634144
8.48E-02,0.145212872
8.45E-02,0.144820819
8.42E-02,0.144436302
8.39E-02,0.144143087
8.38E-02,0.143988685
8.36E-02,0.143848111
8.35E-02,0.143712229
8.33E-02,0.143587998
8.32E-02,0.143465658
8.32E-02,0.143556529
8.32E-02,0.143699321
8.33E-02,0.1438404
8.33E-02,0.143981787
8.33E-02,0.144122455
8.33E-02,0.144260178
8.34E-02,0.144478693
8.35E-02,0.144760806
8.37E-02,0.145043724
8.38E-02,0.145328206
8.39E-02,0.145612604
8.40E-02,0.145898451
8.41E-02,0.145990911
8.41E-02,0.146039668
8.40E-02,0.14606366
8.40E-02,0.146079286
8.40E-02,0.146097158
8.40E-02,0.146115545
8.40E-02,0.146279546
8.42E-02,0.146572145
8.43E-02,0.146880695
8.45E-02,0.147188861
8.46E-02,0.147499922
8.42E-02,0.146800582
8.37E-02,0.14560301
8.36E-02,0.144983558
8.34E-02,0.144163542
8.32E-02,0.143320092
8.29E-02,0.142463868
8.27E-02,0.141642649
0,0
0,0
0,0
0,0
0,0
0,0
8.56E-02,0.146016173
8.61E-02,0.146457538
8.68E-02,0.147258708
8.71E-02,0.14739053
8.72E-02,0.147146271
8.74E-02,0.147034838
8.76E-02,0.146974119
8.83E-02,0.147824336
8.86E-02,0.147980401
8.87E-02,0.147809752
8.90E-02,0.147817769
8.94E-02,0.148188139
8.94E-02,0.147836568
8.91E-02,0.147119138
8.93E-02,0.147056671
8.92E-02,0.146671101
8.90E-02,0.146056377
8.89E-02,0.145624593
8.91E-02,0.145560478
8.92E-02,0.145452394
8.92E-02,0.145235637
8.94E-02,0.145318673
8.93E-02,0.145005617
8.91E-02,0.144467194
8.91E-02,0.144098694
8.87E-02,0.143281496
8.88E-02,0.143199938
8.87E-02,0.142847233
8.85E-02,0.142321857
8.84E-02,0.141988488
8.83E-02,0.141932849
8.87E-02,0.142712517
8.87E-02,0.142862258
8.86E-02,0.142715976
8.85E-02,0.142722317
8.46E-02,0.136561936
8.38E-02,0.135372446
8.40E-02,0.135657242
8.41E-02,0.135988332
8.42E-02,0.136193644
8.43E-02,0.136397674
8.52E-02,0.137958519
8.58E-02,0.139065485
8.60E-02,0.139416307
8.63E-02,0.139961864
8.66E-02,0.140500389
8.68E-02,0.141009396
8.71E-02,0.141495999
8.50E-02,0.138189022
8.23E-02,0.133832358
8.10E-02,0.131723169
8.04E-02,0.130757822
8.01E-02,0.130340239
8.00E-02,0.130217841
8.01E-02,0.130320589
8.02E-02,0.130537172
8.04E-02,0.130823202
8.05E-02,0.131127752
8.07E-02,0.131426486
8.09E-02,0.131767569
8.12E-02,0.132280617
8.15E-02,0.132865156
8.19E-02,0.133499327
8.23E-02,0.134161774
8.27E-02,0.134835182
8.31E-02,0.135507915
8.34E-02,0.136004066
8.36E-02,0.136428602
8.38E-02,0.136806501
8.40E-02,0.137150807
8.42E-02,0.137495689
8.44E-02,0.137830581
8.47E-02,0.138544148
8.51E-02,0.139516399
8.55E-02,0.14054199
8.58E-02,0.141567477
8.62E-02,0.142591717
8.66E-02,0.143599086
8.69E-02,0.144427107
8.72E-02,0.145180015
8.74E-02,0.145884704
8.77E-02,0.146587937
8.79E-02,0.147288738
8.81E-02,0.147977954
8.84E-02,0.148659612
8.86E-02,0.149327527
8.89E-02,0.149973707
8.92E-02,0.150669033
8.94E-02,0.151362768
8.76E-02,0.148647307
8.66E-02,0.147150267
8.65E-02,0.147035852
8.64E-02,0.146978351
8.64E-02,0.147160636
8.64E-02,0.147382828
8.65E-02,0.147661766
8.62E-02,0.147288616
8.59E-02,0.146980585
8.56E-02,0.146648242
8.53E-02,0.146262265
8.51E-02,0.14588448
8.48E-02,0.145512964
8.45E-02,0.145089522
8.43E-02,0.144856454
8.41E-02,0.144645954
8.39E-02,0.14445196
8.37E-02,0.144288009
8.36E-02,0.144135006
8.33E-02,0.143843293
8.31E-02,0.143456031
8.28E-02,0.143033764
8.25E-02,0.142656269
8.22E-02,0.142302712
8.20E-02,0.141957971
8.16E-02,0.141356552
8.12E-02,0.140746861
8.07E-02,0.140110263
8.03E-02,0.139475412
7.99E-02,0.138845612
7.95E-02,0.138214833
7.94E-02,0.138089348
7.95E-02,0.13819936
7.95E-02,0.13840108
7.97E-02,0.138651558
7.98E-02,0.138934265
7.99E-02,0.139234509
8.32E-02,0.145023133
8.64E-02,0.150610437
8.72E-02,0.151986425
8.73E-02,0.152273972
8.73E-02,0.152267639
8.52E-02,0.148550354
8.08E-02,0.140610683
7.84E-02,0.136175731
7.64E-02,0.132328784
7.46E-02,0.128695647
7.31E-02,0.125647917
7.18E-02,0.122939552
8.05E-02,0.137400888
8.47E-02,0.14403368
8.76E-02,0.148632806
8.98E-02,0.151945799
8.33E-02,0.14048643
8.38E-02,0.141044352
8.37E-02,0.14056905
8.38E-02,0.140408683
8.38E-02,0.140058042
8.35E-02,0.139171713
8.33E-02,0.138585228
8.33E-02,0.138292526
8.27E-02,0.137133974
8.23E-02,0.136183566
8.20E-02,0.135501274
8.93E-02,0.147275011
8.84E-02,0.145372994
8.74E-02,0.14344581
8.66E-02,0.141871195
8.56E-02,0.140058634
8.52E-02,0.139161209
8.47E-02,0.137984245
8.40E-02,0.136655823
8.35E-02,0.135546112
8.31E-02,0.134713863
8.31E-02,0.134473937
8.33E-02,0.134572846
8.32E-02,0.134143282
8.30E-02,0.133500707
8.28E-02,0.133044394
8.28E-02,0.132840019
8.27E-02,0.132412762
8.30E-02,0.132791511
8.32E-02,0.132859937
8.32E-02,0.132771767
8.34E-02,0.132911727
8.37E-02,0.133430353
8.41E-02,0.134232018
8.45E-02,0.135011715
8.52E-02,0.136335629
8.56E-02,0.137067736
8.05E-02,0.129025742
7.63E-02,0.122411145
7.49E-02,0.120081421
7.43E-02,0.119130134
7.40E-02,0.118724231
7.41E-02,0.119045903
8.25E-02,0.132601678
8.35E-02,0.134319505
8.59E-02,0.138355932
8.72E-02,0.140480939
8.80E-02,0.141922094
8.85E-02,0.142931528
8.90E-02,0.143786436
8.71E-02,0.140859131
8.48E-02,0.137112898
8.35E-02,0.135180147
8.28E-02,0.134148441
8.24E-02,0.133550873
8.21E-02,0.133180247
8.25E-02,0.133888324
8.32E-02,0.135100147
8.41E-02,0.136558563
8.50E-02,0.138109556
8.59E-02,0.139630985
8.68E-02,0.141162133
8.69E-02,0.141408747
8.66E-02,0.141085199
8.62E-02,0.140521647
8.58E-02,0.13982808
8.52E-02,0.139032589
8.47E-02,0.13815262
8.45E-02,0.137972329
8.45E-02,0.138078745
8.46E-02,0.138270268
8.48E-02,0.138538695
8.50E-02,0.138891218
8.52E-02,0.139297029
8.54E-02,0.139910196
8.57E-02,0.140724766
8.61E-02,0.141718167
8.65E-02,0.142767796
8.68E-02,0.143677747
8.71E-02,0.1444828
8.75E-02,0.145451707
8.79E-02,0.146492181
8.83E-02,0.147525744
8.88E-02,0.148583192
8.93E-02,0.149665393
8.98E-02,0.150745529
9.02E-02,0.151756072
9.07E-02,0.15278164
9.11E-02,0.153808346
9.14E-02,0.15462877
9.15E-02,0.155291133
8.90E-02,0.151553563
8.76E-02,0.149336558
8.71E-02,0.148651576
8.64E-02,0.147614396
8.59E-02,0.146824069
8.54E-02,0.146245871
8.51E-02,0.145769564
8.46E-02,0.145081405
8.43E-02,0.144715342
8.40E-02,0.144411292
8.37E-02,0.143984665
8.34E-02,0.143577597
8.31E-02,0.143187497
8.28E-02,0.1426219
8.24E-02,0.142129782
8.21E-02,0.141682197
8.18E-02,0.141265111
8.15E-02,0.140883532
8.13E-02,0.1404951
8.11E-02,0.140326843
8.10E-02,0.140207395
8.09E-02,0.140078179
8.07E-02,0.139967656
8.06E-02,0.139862725
8.05E-02,0.139765288
8.05E-02,0.139817071
8.06E-02,0.140063328
8.06E-02,0.140119373
8.07E-02,0.140263503
8.07E-02,0.140446752
8.08E-02,0.14064812
8.08E-02,0.140692897
8.08E-02,0.140669089
8.07E-02,0.140588142
8.06E-02,0.140476058
8.05E-02,0.140352405
8.04E-02,0.140224025
8.03E-02,0.140057081
8.02E-02,0.140017094
8.02E-02,0.140018558
8.02E-02,0.140029863
8.02E-02,0.140052329
7.95E-02,0.138887961
7.87E-02,0.137355538
7.84E-02,0.13665591
7.80E-02,0.135788185
7.77E-02,0.13493638
7.73E-02,0.134087429
7.70E-02,0.133273538
8.58E-02,0.148137959
8.95E-02,0.154059152
8.31E-02,0.142571824
8.37E-02,0.143036872
8.36E-02,0.142476523
8.33E-02,0.141626795
8.29E-02,0.140598664
8.28E-02,0.140037392
8.22E-02,0.138646541
8.96E-02,0.150725514
8.91E-02,0.149432195
8.81E-02,0.147421151
8.71E-02,0.145694277
8.62E-02,0.144078493
8.55E-02,0.142784838
8.48E-02,0.141753491
8.46E-02,0.141397004
8.40E-02,0.140487951
8.34E-02,0.139272387
8.32E-02,0.138555389
8.29E-02,0.137669137
8.26E-02,0.136760649
8.26E-02,0.136357337
8.23E-02,0.13547868
8.19E-02,0.134469452
8.13E-02,0.133244498
8.10E-02,0.132375598
8.07E-02,0.131678839
8.08E-02,0.131482078
8.06E-02,0.130871459
8.02E-02,0.130151988
7.99E-02,0.129667592
7.95E-02,0.129099968
7.94E-02,0.128871968
7.91E-02,0.128291875
7.86E-02,0.127503276
7.85E-02,0.127309916
7.88E-02,0.127739079
7.94E-02,0.128610304
7.98E-02,0.129233375
8.01E-02,0.129716037
7.51E-02,0.121656886
7.11E-02,0.115104312
6.97E-02,0.112809222
6.90E-02,0.111725633
6.85E-02,0.110865559
6.84E-02,0.11075794
6.96E-02,0.112738501
7.02E-02,0.113786479
7.19E-02,0.116613266
7.24E-02,0.117524857
7.29E-02,0.118335784
7.33E-02,0.119027177
7.42E-02,0.120549389
7.51E-02,0.122067419
7.56E-02,0.122920616
7.62E-02,0.124011554
7.69E-02,0.125064848
7.74E-02,0.125995297
7.79E-02,0.126825407
7.84E-02,0.12777197
7.90E-02,0.128764506
7.96E-02,0.129713367
8.02E-02,0.130713956
8.07E-02,0.13168785
8.13E-02,0.1326273
8.17E-02,0.133351671
8.21E-02,0.134000197
8.25E-02,0.134687054
8.28E-02,0.135348446
8.32E-02,0.136011131
8.35E-02,0.136621278
8.37E-02,0.136965935
8.38E-02,0.137222574
8.39E-02,0.137424999
8.39E-02,0.137443794
8.39E-02,0.137502579
8.39E-02,0.137629548
8.37E-02,0.137424954
8.33E-02,0.137103264
8.29E-02,0.13683156
8.26E-02,0.136554759
8.22E-02,0.136211669
8.18E-02,0.135827664
8.14E-02,0.135533791
8.11E-02,0.135248057
8.08E-02,0.134947856
8.04E-02,0.134647567
8.01E-02,0.134326922
7.98E-02,0.133986074
7.99E-02,0.134283504
8.00E-02,0.134736332
8.02E-02,0.13523059
8.04E-02,0.135719601
8.06E-02,0.136193219
7.83E-02,0.132482224
7.69E-02,0.130175672
7.65E-02,0.129626846
7.61E-02,0.129004798
7.57E-02,0.128504312
7.54E-02,0.128059363
7.51E-02,0.127681231
7.45E-02,0.12678174
7.41E-02,0.12606446
7.37E-02,0.125421361
7.33E-02,0.124793836
7.28E-02,0.124061431
7.24E-02,0.123526466
7.21E-02,0.12300625
7.19E-02,0.122667452
7.20E-02,0.122903527
7.18E-02,0.122664005
7.16E-02,0.122378302
7.15E-02,0.122147448
7.10E-02,0.121485618
7.05E-02,0.120691331
6.99E-02,0.119797344
6.93E-02,0.118893801
6.87E-02,0.117996556
6.80E-02,0.116908565
7.87E-02,0.135283931
8.38E-02,0.144188537
8.66E-02,0.149209984
8.84E-02,0.152259569
8.92E-02,0.153863864
8.97E-02,0.15483512
8.20E-02,0.141480479
8.20E-02,0.141591905
8.98E-02,0.155283856
8.97E-02,0.155158585
8.96E-02,0.154981771
8.94E-02,0.154636124
8.91E-02,0.154202674
8.88E-02,0.153783463
8.86E-02,0.153387347
8.83E-02,0.152986104
8.80E-02,0.152580234
8.71E-02,0.150936277
8.60E-02,0.148535976
8.52E-02,0.146862389
8.44E-02,0.144927019
8.35E-02,0.142784662
8.25E-02,0.140677518
8.16E-02,0.138606945
8.07E-02,0.13670623
7.98E-02,0.135097587
7.93E-02,0.133922802
7.91E-02,0.133416409
7.88E-02,0.132611643
7.83E-02,0.13164746
7.81E-02,0.130977245
7.83E-02,0.130740274
7.86E-02,0.13079703
7.87E-02,0.130534197
7.86E-02,0.130101673
7.87E-02,0.129824621
7.86E-02,0.129314556
7.84E-02,0.128723851
7.84E-02,0.128427058
7.81E-02,0.127634061
7.77E-02,0.126593806
7.73E-02,0.125686137
7.70E-02,0.124890994
7.64E-02,0.123702756
7.62E-02,0.123224388
7.59E-02,0.122503638
7.55E-02,0.121630174
7.52E-02,0.120930558
7.50E-02,0.120277894
7.50E-02,0.120075775
7.51E-02,0.120074024
7.49E-02,0.119574301
7.45E-02,0.118838759
7.42E-02,0.118229854
7.42E-02,0.117987891
7.44E-02,0.118113245
7.48E-02,0.118735868
7.51E-02,0.119061827
7.53E-02,0.11924198
7.56E-02,0.119596399
7.59E-02,0.120106834
7.59E-02,0.120189775
7.62E-02,0.120851324
7.64E-02,0.121209633
7.64E-02,0.121371245
7.70E-02,0.122489711
7.80E-02,0.124012952
7.88E-02,0.125070021
7.96E-02,0.126220972
8.04E-02,0.127331221
8.11E-02,0.128402606
7.80E-02,0.123333192
7.11E-02,0.112597242
6.93E-02,0.109889808
6.83E-02,0.108415052
6.76E-02,0.107501869
6.74E-02,0.107214021
6.73E-02,0.107249065
6.75E-02,0.107626022
6.77E-02,0.108144621
6.80E-02,0.108734573
6.83E-02,0.109309945
6.86E-02,0.109880128
6.90E-02,0.110508527
6.93E-02,0.111120831
6.97E-02,0.111861902
7.00E-02,0.112516924
7.04E-02,0.113149646
7.07E-02,0.113762006
7.10E-02,0.114382591
7.10E-02,0.114402552
7.09E-02,0.114281443
7.07E-02,0.114078859
7.04E-02,0.11366177
7.00E-02,0.113235483
6.98E-02,0.112901978
6.99E-02,0.113233553
7.02E-02,0.11367214
7.04E-02,0.114177825
7.07E-02,0.114710045
7.10E-02,0.11523856
7.13E-02,0.115785481
7.15E-02,0.116432251
7.15E-02,0.116989724
7.17E-02,0.117816112
7.19E-02,0.118596377
7.21E-02,0.119345183
7.24E-02,0.120068612
7.24E-02,0.120497548
7.24E-02,0.120852106
7.24E-02,0.121172105
7.25E-02,0.121510427
7.25E-02,0.1217516
7.25E-02,0.121964331
7.25E-02,0.122204944
7.25E-02,0.122423435
7.25E-02,0.122610998
7.24E-02,0.12276329
7.24E-02,0.122908552
7.24E-02,0.123017311
7.22E-02,0.122844692
7.20E-02,0.122568103
7.17E-02,0.122253661
7.14E-02,0.121836536
7.11E-02,0.12140307
7.07E-02,0.120919033
8.12E-02,0.138941864
8.61E-02,0.147409243
8.83E-02,0.151433157
8.95E-02,0.153512406
8.98E-02,0.154094574
8.86E-02,0.152112397
8.70E-02,0.149460673
8.62E-02,0.148076996
8.53E-02,0.146567529
8.39E-02,0.144223175
8.30E-02,0.142900963
8.22E-02,0.141628718
8.13E-02,0.140025766
8.04E-02,0.138679545
7.96E-02,0.137335767
7.88E-02,0.136025859
7.80E-02,0.134628485
7.72E-02,0.133435638
7.67E-02,0.132583475
7.62E-02,0.131934443
7.58E-02,0.13134815
7.55E-02,0.130875075
7.51E-02,0.130295023
7.48E-02,0.129751281
7.46E-02,0.129510048
7.45E-02,0.129280769
7.46E-02,0.12915457
7.46E-02,0.12908525
7.46E-02,0.129023701
7.46E-02,0.128967939
7.50E-02,0.12967631
7.56E-02,0.130698504
7.60E-02,0.131373749
7.64E-02,0.131962127
7.67E-02,0.132569517
7.71E-02,0.133186274
7.74E-02,0.133366554
7.74E-02,0.132684135
7.74E-02,0.132236756
7.76E-02,0.13194266
7.77E-02,0.131707562
7.79E-02,0.131515933
7.76E-02,0.130634836
7.78E-02,0.13051902
7.79E-02,0.130271479
7.82E-02,0.13032996
7.83E-02,0.130052181
7.82E-02,0.129576457
7.80E-02,0.128918924
7.79E-02,0.128410058
7.79E-02,0.127981987
7.81E-02,0.128001996
7.80E-02,0.127643609
7.79E-02,0.127087619
7.78E-02,0.126659891
7.74E-02,0.125866387
7.73E-02,0.125338821
7.74E-02,0.125337239
7.73E-02,0.124982642
7.71E-02,0.124448855
7.71E-02,0.124258155
7.76E-02,0.124827377
7.80E-02,0.125172632
7.85E-02,0.125828337
7.87E-02,0.126059481
7.88E-02,0.126064602
7.90E-02,0.126115059
7.90E-02,0.126012642
7.91E-02,0.125958795
7.94E-02,0.126337077
7.95E-02,0.126290105
7.94E-02,0.126024924
7.93E-02,0.125727016
7.93E-02,0.125482401
7.91E-02,0.125108552
7.92E-02,0.125094092
7.90E-02,0.124645052
7.87E-02,0.123987585
6.87E-02,0.108208065
6.50E-02,0.102364965
6.33E-02,9.96E-02
6.24E-02,9.82E-02
6.22E-02,9.78E-02
6.22E-02,9.78E-02
6.34E-02,9.97E-02
6.41E-02,0.100648276
6.46E-02,0.101456457
6.51E-02,0.10222771
6.56E-02,0.102986296
6.69E-02,0.105068261
6.82E-02,0.107388177
6.90E-02,0.108807
7.00E-02,0.110526075
7.11E-02,0.112443108
7.22E-02,0.114354015
7.32E-02,0.116264411
7.42E-02,0.118110983
7.53E-02,0.119910002
7.63E-02,0.121718922
7.73E-02,0.123528472
7.83E-02,0.125354378
7.93E-02,0.127189394
8.03E-02,0.128941079
8.15E-02,0.131009597
8.25E-02,0.132849024
8.35E-02,0.134555855
8.44E-02,0.136237661
8.53E-02,0.137899946
7.35E-02,0.119008148
7.12E-02,0.115370131
7.01E-02,0.113855135
6.96E-02,0.113137271
6.92E-02,0.112715623
6.90E-02,0.112443256
6.91E-02,0.11281702
6.94E-02,0.113429051
6.97E-02,0.11415393
7.01E-02,0.114947265
7.05E-02,0.115759195
7.09E-02,0.116578164
7.13E-02,0.117435236
7.16E-02,0.11846051
7.20E-02,0.119470687
7.23E-02,0.120456724
7.26E-02,0.121456912
7.29E-02,0.122411297
7.30E-02,0.123017475
7.32E-02,0.123843322
7.35E-02,0.12465627
7.37E-02,0.125421413
7.40E-02,0.126162639
7.42E-02,0.126876769
7.43E-02,0.127383672
7.44E-02,0.127807622
7.45E-02,0.128221711
7.45E-02,0.128587767
7.46E-02,0.128923432
7.41E-02,0.128499994
7.38E-02,0.128105519
7.39E-02,0.12827541
7.39E-02,0.128479729
7.41E-02,0.128887405
7.42E-02,0.129293782
7.43E-02,0.129697803
8.65E-02,0.151185099
8.93E-02,0.15626468
9.06E-02,0.158606428
9.11E-02,0.159592912
9.13E-02,0.159849546
9.12E-02,0.159742318
9.08E-02,0.159050877
9.02E-02,0.158043146
8.95E-02,0.156836071
8.87E-02,0.155611338
8.79E-02,0.154385652
8.71E-02,0.153129798
8.68E-02,0.152803094
8.68E-02,0.152910231
8.69E-02,0.153210746
8.70E-02,0.153610349
8.72E-02,0.1540574
8.73E-02,0.154522857
8.61E-02,0.152309548
8.41E-02,0.148686946
8.18E-02,0.144414749
7.94E-02,0.139848449
7.68E-02,0.135127369
7.42E-02,0.130344634
7.31E-02,0.128344543
7.33E-02,0.128775612
7.36E-02,0.129355259
7.42E-02,0.130344802
7.48E-02,0.131543018
7.56E-02,0.132854709
7.61E-02,0.133681039
7.65E-02,0.134177042
7.69E-02,0.134562432
7.72E-02,0.134941314
7.76E-02,0.135316081
7.79E-02,0.135690786
7.86E-02,0.136620825
7.95E-02,0.137776186
8.04E-02,0.139085322
8.15E-02,0.140504512
8.26E-02,0.141998367
8.37E-02,0.143550963
8.40E-02,0.143575295
8.67E-02,0.147841473
8.77E-02,0.14913705
8.78E-02,0.14901769
8.78E-02,0.148562324
